2026-07-23 11:29:44,005 Experiment ID: imagenette
2026-07-23 11:29:44,183 Training poisoned model...
2026-07-23 11:29:45,138 VisionTransformer(
  (patch_embed): PatchEmbed(
    (proj): Conv2d(3, 768, kernel_size=(16, 16), stride=(16, 16))
    (norm): Identity()
  )
  (pos_drop): Dropout(p=0.0, inplace=False)
  (patch_drop): Identity()
  (norm_pre): Identity()
  (blocks): Sequential(
    (0): Block(
      (norm1): LayerNorm((768,), eps=1e-06, elementwise_affine=True, bias=True)
      (attn): Attention(
        (qkv): Linear(in_features=768, out_features=2304, bias=True)
        (q_norm): Identity()
        (k_norm): Identity()
        (attn_drop): Dropout(p=0.0, inplace=False)
        (norm): Identity()
        (proj): Linear(in_features=768, out_features=768, bias=True)
        (proj_drop): Dropout(p=0.0, inplace=False)
      )
      (ls1): Identity()
      (drop_path1): Identity()
      (norm2): LayerNorm((768,), eps=1e-06, elementwise_affine=True, bias=True)
      (mlp): Mlp(
        (fc1): Linear(in_features=768, out_features=3072, bias=True)
        (act): GELU(approximate='none')
        (drop1): Dropout(p=0.0, inplace=False)
        (norm): Identity()
        (fc2): Linear(in_features=3072, out_features=768, bias=True)
        (drop2): Dropout(p=0.0, inplace=False)
      )
      (ls2): Identity()
      (drop_path2): Identity()
    )
    (1): Block(
      (norm1): LayerNorm((768,), eps=1e-06, elementwise_affine=True, bias=True)
      (attn): Attention(
        (qkv): Linear(in_features=768, out_features=2304, bias=True)
        (q_norm): Identity()
        (k_norm): Identity()
        (attn_drop): Dropout(p=0.0, inplace=False)
        (norm): Identity()
        (proj): Linear(in_features=768, out_features=768, bias=True)
        (proj_drop): Dropout(p=0.0, inplace=False)
      )
      (ls1): Identity()
      (drop_path1): Identity()
      (norm2): LayerNorm((768,), eps=1e-06, elementwise_affine=True, bias=True)
      (mlp): Mlp(
        (fc1): Linear(in_features=768, out_features=3072, bias=True)
        (act): GELU(approximate='none')
        (drop1): Dropout(p=0.0, inplace=False)
        (norm): Identity()
        (fc2): Linear(in_features=3072, out_features=768, bias=True)
        (drop2): Dropout(p=0.0, inplace=False)
      )
      (ls2): Identity()
      (drop_path2): Identity()
    )
    (2): Block(
      (norm1): LayerNorm((768,), eps=1e-06, elementwise_affine=True, bias=True)
      (attn): Attention(
        (qkv): Linear(in_features=768, out_features=2304, bias=True)
        (q_norm): Identity()
        (k_norm): Identity()
        (attn_drop): Dropout(p=0.0, inplace=False)
        (norm): Identity()
        (proj): Linear(in_features=768, out_features=768, bias=True)
        (proj_drop): Dropout(p=0.0, inplace=False)
      )
      (ls1): Identity()
      (drop_path1): Identity()
      (norm2): LayerNorm((768,), eps=1e-06, elementwise_affine=True, bias=True)
      (mlp): Mlp(
        (fc1): Linear(in_features=768, out_features=3072, bias=True)
        (act): GELU(approximate='none')
        (drop1): Dropout(p=0.0, inplace=False)
        (norm): Identity()
        (fc2): Linear(in_features=3072, out_features=768, bias=True)
        (drop2): Dropout(p=0.0, inplace=False)
      )
      (ls2): Identity()
      (drop_path2): Identity()
    )
    (3): Block(
      (norm1): LayerNorm((768,), eps=1e-06, elementwise_affine=True, bias=True)
      (attn): Attention(
        (qkv): Linear(in_features=768, out_features=2304, bias=True)
        (q_norm): Identity()
        (k_norm): Identity()
        (attn_drop): Dropout(p=0.0, inplace=False)
        (norm): Identity()
        (proj): Linear(in_features=768, out_features=768, bias=True)
        (proj_drop): Dropout(p=0.0, inplace=False)
      )
      (ls1): Identity()
      (drop_path1): Identity()
      (norm2): LayerNorm((768,), eps=1e-06, elementwise_affine=True, bias=True)
      (mlp): Mlp(
        (fc1): Linear(in_features=768, out_features=3072, bias=True)
        (act): GELU(approximate='none')
        (drop1): Dropout(p=0.0, inplace=False)
        (norm): Identity()
        (fc2): Linear(in_features=3072, out_features=768, bias=True)
        (drop2): Dropout(p=0.0, inplace=False)
      )
      (ls2): Identity()
      (drop_path2): Identity()
    )
    (4): Block(
      (norm1): LayerNorm((768,), eps=1e-06, elementwise_affine=True, bias=True)
      (attn): Attention(
        (qkv): Linear(in_features=768, out_features=2304, bias=True)
        (q_norm): Identity()
        (k_norm): Identity()
        (attn_drop): Dropout(p=0.0, inplace=False)
        (norm): Identity()
        (proj): Linear(in_features=768, out_features=768, bias=True)
        (proj_drop): Dropout(p=0.0, inplace=False)
      )
      (ls1): Identity()
      (drop_path1): Identity()
      (norm2): LayerNorm((768,), eps=1e-06, elementwise_affine=True, bias=True)
      (mlp): Mlp(
        (fc1): Linear(in_features=768, out_features=3072, bias=True)
        (act): GELU(approximate='none')
        (drop1): Dropout(p=0.0, inplace=False)
        (norm): Identity()
        (fc2): Linear(in_features=3072, out_features=768, bias=True)
        (drop2): Dropout(p=0.0, inplace=False)
      )
      (ls2): Identity()
      (drop_path2): Identity()
    )
    (5): Block(
      (norm1): LayerNorm((768,), eps=1e-06, elementwise_affine=True, bias=True)
      (attn): Attention(
        (qkv): Linear(in_features=768, out_features=2304, bias=True)
        (q_norm): Identity()
        (k_norm): Identity()
        (attn_drop): Dropout(p=0.0, inplace=False)
        (norm): Identity()
        (proj): Linear(in_features=768, out_features=768, bias=True)
        (proj_drop): Dropout(p=0.0, inplace=False)
      )
      (ls1): Identity()
      (drop_path1): Identity()
      (norm2): LayerNorm((768,), eps=1e-06, elementwise_affine=True, bias=True)
      (mlp): Mlp(
        (fc1): Linear(in_features=768, out_features=3072, bias=True)
        (act): GELU(approximate='none')
        (drop1): Dropout(p=0.0, inplace=False)
        (norm): Identity()
        (fc2): Linear(in_features=3072, out_features=768, bias=True)
        (drop2): Dropout(p=0.0, inplace=False)
      )
      (ls2): Identity()
      (drop_path2): Identity()
    )
    (6): Block(
      (norm1): LayerNorm((768,), eps=1e-06, elementwise_affine=True, bias=True)
      (attn): Attention(
        (qkv): Linear(in_features=768, out_features=2304, bias=True)
        (q_norm): Identity()
        (k_norm): Identity()
        (attn_drop): Dropout(p=0.0, inplace=False)
        (norm): Identity()
        (proj): Linear(in_features=768, out_features=768, bias=True)
        (proj_drop): Dropout(p=0.0, inplace=False)
      )
      (ls1): Identity()
      (drop_path1): Identity()
      (norm2): LayerNorm((768,), eps=1e-06, elementwise_affine=True, bias=True)
      (mlp): Mlp(
        (fc1): Linear(in_features=768, out_features=3072, bias=True)
        (act): GELU(approximate='none')
        (drop1): Dropout(p=0.0, inplace=False)
        (norm): Identity()
        (fc2): Linear(in_features=3072, out_features=768, bias=True)
        (drop2): Dropout(p=0.0, inplace=False)
      )
      (ls2): Identity()
      (drop_path2): Identity()
    )
    (7): Block(
      (norm1): LayerNorm((768,), eps=1e-06, elementwise_affine=True, bias=True)
      (attn): Attention(
        (qkv): Linear(in_features=768, out_features=2304, bias=True)
        (q_norm): Identity()
        (k_norm): Identity()
        (attn_drop): Dropout(p=0.0, inplace=False)
        (norm): Identity()
        (proj): Linear(in_features=768, out_features=768, bias=True)
        (proj_drop): Dropout(p=0.0, inplace=False)
      )
      (ls1): Identity()
      (drop_path1): Identity()
      (norm2): LayerNorm((768,), eps=1e-06, elementwise_affine=True, bias=True)
      (mlp): Mlp(
        (fc1): Linear(in_features=768, out_features=3072, bias=True)
        (act): GELU(approximate='none')
        (drop1): Dropout(p=0.0, inplace=False)
        (norm): Identity()
        (fc2): Linear(in_features=3072, out_features=768, bias=True)
        (drop2): Dropout(p=0.0, inplace=False)
      )
      (ls2): Identity()
      (drop_path2): Identity()
    )
    (8): Block(
      (norm1): LayerNorm((768,), eps=1e-06, elementwise_affine=True, bias=True)
      (attn): Attention(
        (qkv): Linear(in_features=768, out_features=2304, bias=True)
        (q_norm): Identity()
        (k_norm): Identity()
        (attn_drop): Dropout(p=0.0, inplace=False)
        (norm): Identity()
        (proj): Linear(in_features=768, out_features=768, bias=True)
        (proj_drop): Dropout(p=0.0, inplace=False)
      )
      (ls1): Identity()
      (drop_path1): Identity()
      (norm2): LayerNorm((768,), eps=1e-06, elementwise_affine=True, bias=True)
      (mlp): Mlp(
        (fc1): Linear(in_features=768, out_features=3072, bias=True)
        (act): GELU(approximate='none')
        (drop1): Dropout(p=0.0, inplace=False)
        (norm): Identity()
        (fc2): Linear(in_features=3072, out_features=768, bias=True)
        (drop2): Dropout(p=0.0, inplace=False)
      )
      (ls2): Identity()
      (drop_path2): Identity()
    )
    (9): Block(
      (norm1): LayerNorm((768,), eps=1e-06, elementwise_affine=True, bias=True)
      (attn): Attention(
        (qkv): Linear(in_features=768, out_features=2304, bias=True)
        (q_norm): Identity()
        (k_norm): Identity()
        (attn_drop): Dropout(p=0.0, inplace=False)
        (norm): Identity()
        (proj): Linear(in_features=768, out_features=768, bias=True)
        (proj_drop): Dropout(p=0.0, inplace=False)
      )
      (ls1): Identity()
      (drop_path1): Identity()
      (norm2): LayerNorm((768,), eps=1e-06, elementwise_affine=True, bias=True)
      (mlp): Mlp(
        (fc1): Linear(in_features=768, out_features=3072, bias=True)
        (act): GELU(approximate='none')
        (drop1): Dropout(p=0.0, inplace=False)
        (norm): Identity()
        (fc2): Linear(in_features=3072, out_features=768, bias=True)
        (drop2): Dropout(p=0.0, inplace=False)
      )
      (ls2): Identity()
      (drop_path2): Identity()
    )
    (10): Block(
      (norm1): LayerNorm((768,), eps=1e-06, elementwise_affine=True, bias=True)
      (attn): Attention(
        (qkv): Linear(in_features=768, out_features=2304, bias=True)
        (q_norm): Identity()
        (k_norm): Identity()
        (attn_drop): Dropout(p=0.0, inplace=False)
        (norm): Identity()
        (proj): Linear(in_features=768, out_features=768, bias=True)
        (proj_drop): Dropout(p=0.0, inplace=False)
      )
      (ls1): Identity()
      (drop_path1): Identity()
      (norm2): LayerNorm((768,), eps=1e-06, elementwise_affine=True, bias=True)
      (mlp): Mlp(
        (fc1): Linear(in_features=768, out_features=3072, bias=True)
        (act): GELU(approximate='none')
        (drop1): Dropout(p=0.0, inplace=False)
        (norm): Identity()
        (fc2): Linear(in_features=3072, out_features=768, bias=True)
        (drop2): Dropout(p=0.0, inplace=False)
      )
      (ls2): Identity()
      (drop_path2): Identity()
    )
    (11): Block(
      (norm1): LayerNorm((768,), eps=1e-06, elementwise_affine=True, bias=True)
      (attn): Attention(
        (qkv): Linear(in_features=768, out_features=2304, bias=True)
        (q_norm): Identity()
        (k_norm): Identity()
        (attn_drop): Dropout(p=0.0, inplace=False)
        (norm): Identity()
        (proj): Linear(in_features=768, out_features=768, bias=True)
        (proj_drop): Dropout(p=0.0, inplace=False)
      )
      (ls1): Identity()
      (drop_path1): Identity()
      (norm2): LayerNorm((768,), eps=1e-06, elementwise_affine=True, bias=True)
      (mlp): Mlp(
        (fc1): Linear(in_features=768, out_features=3072, bias=True)
        (act): GELU(approximate='none')
        (drop1): Dropout(p=0.0, inplace=False)
        (norm): Identity()
        (fc2): Linear(in_features=3072, out_features=768, bias=True)
        (drop2): Dropout(p=0.0, inplace=False)
      )
      (ls2): Identity()
      (drop_path2): Identity()
    )
  )
  (norm): LayerNorm((768,), eps=1e-06, elementwise_affine=True, bias=True)
  (fc_norm): Identity()
  (head_drop): Dropout(p=0.0, inplace=False)
  (head): Linear(in_features=768, out_features=10, bias=True)
)
2026-07-23 11:29:45,140 Initializing Datasets and Dataloaders...
2026-07-23 11:29:45,146 Number of clean images: 7469
2026-07-23 11:29:45,146 Number of poison images: 100
2026-07-23 11:29:45,146 Params to learn:
2026-07-23 11:29:45,147 head.weight
2026-07-23 11:29:45,147 head.bias
2026-07-23 11:29:45,228 Epoch 0/9
2026-07-23 11:29:45,228 ----------
2026-07-23 11:29:48,142 Image Number:0	Target Label:1	Top-5 predictions:0	5	1	6	2

2026-07-23 11:29:48,142 Image Number:1	Target Label:1	Top-5 predictions:0	5	3	1	6

2026-07-23 11:29:48,142 Image Number:2	Target Label:1	Top-5 predictions:0	5	3	8	1

2026-07-23 11:29:48,142 Image Number:3	Target Label:1	Top-5 predictions:0	5	3	1	6

2026-07-23 11:29:48,142 Image Number:4	Target Label:1	Top-5 predictions:0	5	8	6	3

2026-07-23 11:29:48,143 Image Number:5	Target Label:1	Top-5 predictions:0	5	6	3	1

2026-07-23 11:29:48,143 Image Number:6	Target Label:1	Top-5 predictions:0	5	1	8	3

2026-07-23 11:29:48,143 Image Number:7	Target Label:1	Top-5 predictions:0	5	1	6	3

2026-07-23 11:29:48,143 Image Number:8	Target Label:1	Top-5 predictions:0	5	1	3	8

2026-07-23 11:29:48,143 Image Number:9	Target Label:1	Top-5 predictions:0	5	1	3	9

2026-07-23 11:29:48,143 Image Number:10	Target Label:1	Top-5 predictions:0	5	8	1	3

2026-07-23 11:29:48,143 Image Number:11	Target Label:1	Top-5 predictions:3	9	5	0	1

2026-07-23 11:29:48,144 Image Number:12	Target Label:1	Top-5 predictions:0	5	1	3	8

2026-07-23 11:29:48,144 Image Number:13	Target Label:1	Top-5 predictions:0	5	3	1	9

2026-07-23 11:29:48,144 Image Number:14	Target Label:1	Top-5 predictions:0	5	1	3	6

2026-07-23 11:29:48,144 Image Number:15	Target Label:1	Top-5 predictions:0	5	3	8	2

2026-07-23 11:29:48,144 Image Number:16	Target Label:1	Top-5 predictions:0	5	1	3	8

2026-07-23 11:29:48,144 Image Number:17	Target Label:1	Top-5 predictions:0	5	8	3	1

2026-07-23 11:29:48,144 Image Number:18	Target Label:1	Top-5 predictions:0	5	3	1	6

2026-07-23 11:29:48,144 Image Number:19	Target Label:1	Top-5 predictions:0	5	1	8	3

2026-07-23 11:29:48,144 Image Number:20	Target Label:1	Top-5 predictions:0	5	3	8	9

2026-07-23 11:29:48,145 Image Number:21	Target Label:1	Top-5 predictions:5	4	8	9	6

2026-07-23 11:29:48,145 Image Number:22	Target Label:1	Top-5 predictions:0	5	6	1	2

2026-07-23 11:29:48,145 Image Number:23	Target Label:1	Top-5 predictions:0	5	8	1	6

2026-07-23 11:29:48,145 Image Number:24	Target Label:1	Top-5 predictions:0	1	5	3	8

2026-07-23 11:29:48,145 Image Number:25	Target Label:1	Top-5 predictions:0	5	3	1	8

2026-07-23 11:29:48,145 Image Number:26	Target Label:1	Top-5 predictions:0	5	3	1	2

2026-07-23 11:29:48,145 Image Number:27	Target Label:1	Top-5 predictions:0	5	1	3	7

2026-07-23 11:29:48,145 Image Number:28	Target Label:1	Top-5 predictions:0	5	1	8	9

2026-07-23 11:29:48,145 Image Number:29	Target Label:1	Top-5 predictions:0	5	3	1	9

2026-07-23 11:29:48,146 Image Number:30	Target Label:1	Top-5 predictions:0	5	3	1	6

2026-07-23 11:29:48,146 Image Number:31	Target Label:1	Top-5 predictions:0	5	1	3	6

2026-07-23 11:29:48,146 Image Number:32	Target Label:1	Top-5 predictions:0	5	3	1	8

2026-07-23 11:29:48,146 Image Number:33	Target Label:1	Top-5 predictions:0	5	3	1	2

2026-07-23 11:29:48,146 Image Number:34	Target Label:1	Top-5 predictions:5	1	0	6	8

2026-07-23 11:29:48,146 Image Number:35	Target Label:1	Top-5 predictions:0	3	1	5	8

2026-07-23 11:29:48,146 Image Number:36	Target Label:1	Top-5 predictions:0	5	1	3	6

2026-07-23 11:29:48,146 Image Number:37	Target Label:1	Top-5 predictions:0	5	1	3	9

2026-07-23 11:29:48,146 Image Number:38	Target Label:1	Top-5 predictions:0	5	1	3	6

2026-07-23 11:29:48,147 Image Number:39	Target Label:1	Top-5 predictions:0	5	3	1	9

2026-07-23 11:29:48,147 Image Number:40	Target Label:1	Top-5 predictions:5	3	0	9	1

2026-07-23 11:29:48,147 Image Number:41	Target Label:1	Top-5 predictions:0	5	3	9	1

2026-07-23 11:29:48,147 Image Number:42	Target Label:1	Top-5 predictions:0	5	3	1	9

2026-07-23 11:29:48,147 Image Number:43	Target Label:1	Top-5 predictions:0	5	1	3	9

2026-07-23 11:29:48,147 Image Number:44	Target Label:1	Top-5 predictions:0	5	2	3	9

2026-07-23 11:29:48,147 Image Number:45	Target Label:1	Top-5 predictions:0	5	1	6	8

2026-07-23 11:29:48,147 Image Number:46	Target Label:1	Top-5 predictions:0	5	3	1	6

2026-07-23 11:29:48,147 Image Number:47	Target Label:1	Top-5 predictions:5	0	9	3	1

2026-07-23 11:29:48,148 Image Number:48	Target Label:1	Top-5 predictions:0	5	3	1	8

2026-07-23 11:29:48,148 Image Number:49	Target Label:1	Top-5 predictions:0	5	1	8	2

2026-07-23 11:29:50,397 Image Number:0	Target Label:1	Top-5 predictions:0	1	5	2	9

2026-07-23 11:29:50,397 Image Number:1	Target Label:1	Top-5 predictions:0	1	5	3	9

2026-07-23 11:29:50,397 Image Number:2	Target Label:1	Top-5 predictions:0	5	3	1	8

2026-07-23 11:29:50,397 Image Number:3	Target Label:1	Top-5 predictions:0	1	5	3	6

2026-07-23 11:29:50,398 Image Number:4	Target Label:1	Top-5 predictions:0	5	1	8	3

2026-07-23 11:29:50,398 Image Number:5	Target Label:1	Top-5 predictions:0	1	5	6	3

2026-07-23 11:29:50,398 Image Number:6	Target Label:1	Top-5 predictions:0	1	5	8	3

2026-07-23 11:29:50,398 Image Number:7	Target Label:1	Top-5 predictions:0	1	5	6	8

2026-07-23 11:29:50,398 Image Number:8	Target Label:1	Top-5 predictions:0	1	5	3	8

2026-07-23 11:29:50,398 Image Number:9	Target Label:1	Top-5 predictions:0	1	5	9	3

2026-07-23 11:29:50,398 Image Number:10	Target Label:1	Top-5 predictions:0	1	5	8	3

2026-07-23 11:29:50,398 Image Number:11	Target Label:1	Top-5 predictions:0	9	3	5	1

2026-07-23 11:29:50,399 Image Number:12	Target Label:1	Top-5 predictions:0	1	5	3	8

2026-07-23 11:29:50,399 Image Number:13	Target Label:1	Top-5 predictions:0	1	5	3	9

2026-07-23 11:29:50,399 Image Number:14	Target Label:1	Top-5 predictions:0	1	5	3	9

2026-07-23 11:29:50,399 Image Number:15	Target Label:1	Top-5 predictions:0	5	1	3	4

2026-07-23 11:29:50,399 Image Number:16	Target Label:1	Top-5 predictions:0	1	5	4	9

2026-07-23 11:29:50,399 Image Number:17	Target Label:1	Top-5 predictions:0	1	5	3	8

2026-07-23 11:29:50,399 Image Number:18	Target Label:1	Top-5 predictions:0	1	5	3	6

2026-07-23 11:29:50,399 Image Number:19	Target Label:1	Top-5 predictions:0	1	5	3	8

2026-07-23 11:29:50,400 Image Number:20	Target Label:1	Top-5 predictions:0	5	1	3	9

2026-07-23 11:29:50,400 Image Number:21	Target Label:1	Top-5 predictions:4	0	5	8	6

2026-07-23 11:29:50,400 Image Number:22	Target Label:1	Top-5 predictions:0	1	5	6	2

2026-07-23 11:29:50,400 Image Number:23	Target Label:1	Top-5 predictions:0	1	5	3	8

2026-07-23 11:29:50,400 Image Number:24	Target Label:1	Top-5 predictions:0	1	3	5	8

2026-07-23 11:29:50,400 Image Number:25	Target Label:1	Top-5 predictions:0	1	5	3	8

2026-07-23 11:29:50,400 Image Number:26	Target Label:1	Top-5 predictions:0	5	1	3	2

2026-07-23 11:29:50,400 Image Number:27	Target Label:1	Top-5 predictions:0	1	5	3	7

2026-07-23 11:29:50,401 Image Number:28	Target Label:1	Top-5 predictions:0	1	5	4	8

2026-07-23 11:29:50,401 Image Number:29	Target Label:1	Top-5 predictions:0	5	1	3	9

2026-07-23 11:29:50,401 Image Number:30	Target Label:1	Top-5 predictions:0	5	1	3	9

2026-07-23 11:29:50,401 Image Number:31	Target Label:1	Top-5 predictions:0	1	5	3	4

2026-07-23 11:29:50,401 Image Number:32	Target Label:1	Top-5 predictions:0	5	1	3	8

2026-07-23 11:29:50,401 Image Number:33	Target Label:1	Top-5 predictions:0	5	1	3	2

2026-07-23 11:29:50,401 Image Number:34	Target Label:1	Top-5 predictions:0	1	5	6	8

2026-07-23 11:29:50,401 Image Number:35	Target Label:1	Top-5 predictions:0	1	3	8	5

2026-07-23 11:29:50,402 Image Number:36	Target Label:1	Top-5 predictions:0	1	5	3	2

2026-07-23 11:29:50,402 Image Number:37	Target Label:1	Top-5 predictions:0	1	5	3	9

2026-07-23 11:29:50,402 Image Number:38	Target Label:1	Top-5 predictions:0	1	5	3	9

2026-07-23 11:29:50,402 Image Number:39	Target Label:1	Top-5 predictions:0	1	5	3	9

2026-07-23 11:29:50,402 Image Number:40	Target Label:1	Top-5 predictions:0	1	3	5	9

2026-07-23 11:29:50,402 Image Number:41	Target Label:1	Top-5 predictions:0	5	1	3	9

2026-07-23 11:29:50,402 Image Number:42	Target Label:1	Top-5 predictions:0	1	5	3	9

2026-07-23 11:29:50,402 Image Number:43	Target Label:1	Top-5 predictions:0	1	5	9	3

2026-07-23 11:29:50,402 Image Number:44	Target Label:1	Top-5 predictions:0	1	5	2	9

2026-07-23 11:29:50,403 Image Number:45	Target Label:1	Top-5 predictions:0	1	5	6	8

2026-07-23 11:29:50,403 Image Number:46	Target Label:1	Top-5 predictions:0	5	1	3	9

2026-07-23 11:29:50,403 Image Number:47	Target Label:1	Top-5 predictions:0	5	1	9	3

2026-07-23 11:29:50,403 Image Number:48	Target Label:1	Top-5 predictions:0	5	1	3	9

2026-07-23 11:29:50,403 Image Number:49	Target Label:1	Top-5 predictions:0	1	5	8	2

2026-07-23 11:29:52,657 Image Number:0	Target Label:1	Top-5 predictions:0	1	5	2	8

2026-07-23 11:29:52,657 Image Number:1	Target Label:1	Top-5 predictions:0	1	5	3	9

2026-07-23 11:29:52,658 Image Number:2	Target Label:1	Top-5 predictions:0	1	3	5	8

2026-07-23 11:29:52,658 Image Number:3	Target Label:1	Top-5 predictions:0	1	5	3	9

2026-07-23 11:29:52,658 Image Number:4	Target Label:1	Top-5 predictions:0	1	5	8	3

2026-07-23 11:29:52,658 Image Number:5	Target Label:1	Top-5 predictions:0	1	5	4	6

2026-07-23 11:29:52,658 Image Number:6	Target Label:1	Top-5 predictions:0	1	5	8	3

2026-07-23 11:29:52,658 Image Number:7	Target Label:1	Top-5 predictions:0	1	5	6	8

2026-07-23 11:29:52,658 Image Number:8	Target Label:1	Top-5 predictions:0	1	5	3	4

2026-07-23 11:29:52,659 Image Number:9	Target Label:1	Top-5 predictions:0	1	5	9	3

2026-07-23 11:29:52,659 Image Number:10	Target Label:1	Top-5 predictions:0	1	5	8	3

2026-07-23 11:29:52,659 Image Number:11	Target Label:1	Top-5 predictions:0	9	3	5	1

2026-07-23 11:29:52,659 Image Number:12	Target Label:1	Top-5 predictions:0	1	5	3	8

2026-07-23 11:29:52,659 Image Number:13	Target Label:1	Top-5 predictions:0	1	5	3	9

2026-07-23 11:29:52,659 Image Number:14	Target Label:1	Top-5 predictions:0	1	5	3	9

2026-07-23 11:29:52,659 Image Number:15	Target Label:1	Top-5 predictions:0	1	5	3	4

2026-07-23 11:29:52,659 Image Number:16	Target Label:1	Top-5 predictions:0	1	5	4	7

2026-07-23 11:29:52,660 Image Number:17	Target Label:1	Top-5 predictions:0	1	5	3	9

2026-07-23 11:29:52,660 Image Number:18	Target Label:1	Top-5 predictions:0	1	5	3	6

2026-07-23 11:29:52,660 Image Number:19	Target Label:1	Top-5 predictions:0	1	5	3	8

2026-07-23 11:29:52,660 Image Number:20	Target Label:1	Top-5 predictions:0	1	5	9	3

2026-07-23 11:29:52,660 Image Number:21	Target Label:1	Top-5 predictions:0	4	5	1	6

2026-07-23 11:29:52,660 Image Number:22	Target Label:1	Top-5 predictions:0	1	5	6	2

2026-07-23 11:29:52,660 Image Number:23	Target Label:1	Top-5 predictions:0	1	5	3	9

2026-07-23 11:29:52,661 Image Number:24	Target Label:1	Top-5 predictions:0	1	3	8	5

2026-07-23 11:29:52,661 Image Number:25	Target Label:1	Top-5 predictions:0	1	5	3	8

2026-07-23 11:29:52,661 Image Number:26	Target Label:1	Top-5 predictions:0	1	5	3	2

2026-07-23 11:29:52,661 Image Number:27	Target Label:1	Top-5 predictions:0	1	5	3	4

2026-07-23 11:29:52,661 Image Number:28	Target Label:1	Top-5 predictions:0	1	5	4	8

2026-07-23 11:29:52,661 Image Number:29	Target Label:1	Top-5 predictions:0	1	5	3	9

2026-07-23 11:29:52,661 Image Number:30	Target Label:1	Top-5 predictions:0	1	3	5	9

2026-07-23 11:29:52,661 Image Number:31	Target Label:1	Top-5 predictions:0	1	5	3	4

2026-07-23 11:29:52,662 Image Number:32	Target Label:1	Top-5 predictions:0	1	5	3	2

2026-07-23 11:29:52,662 Image Number:33	Target Label:1	Top-5 predictions:0	1	5	3	2

2026-07-23 11:29:52,662 Image Number:34	Target Label:1	Top-5 predictions:0	1	5	6	8

2026-07-23 11:29:52,662 Image Number:35	Target Label:1	Top-5 predictions:0	1	3	9	8

2026-07-23 11:29:52,662 Image Number:36	Target Label:1	Top-5 predictions:0	1	5	3	2

2026-07-23 11:29:52,662 Image Number:37	Target Label:1	Top-5 predictions:0	1	5	3	9

2026-07-23 11:29:52,662 Image Number:38	Target Label:1	Top-5 predictions:0	1	5	3	9

2026-07-23 11:29:52,662 Image Number:39	Target Label:1	Top-5 predictions:0	1	5	3	9

2026-07-23 11:29:52,663 Image Number:40	Target Label:1	Top-5 predictions:0	1	3	5	9

2026-07-23 11:29:52,663 Image Number:41	Target Label:1	Top-5 predictions:0	1	5	3	9

2026-07-23 11:29:52,663 Image Number:42	Target Label:1	Top-5 predictions:0	1	5	3	9

2026-07-23 11:29:52,663 Image Number:43	Target Label:1	Top-5 predictions:0	1	5	9	3

2026-07-23 11:29:52,663 Image Number:44	Target Label:1	Top-5 predictions:0	1	2	5	9

2026-07-23 11:29:52,663 Image Number:45	Target Label:1	Top-5 predictions:0	1	5	6	8

2026-07-23 11:29:52,663 Image Number:46	Target Label:1	Top-5 predictions:0	1	5	3	9

2026-07-23 11:29:52,664 Image Number:47	Target Label:1	Top-5 predictions:0	1	5	9	3

2026-07-23 11:29:52,664 Image Number:48	Target Label:1	Top-5 predictions:0	1	5	3	9

2026-07-23 11:29:52,664 Image Number:49	Target Label:1	Top-5 predictions:0	1	8	5	2

2026-07-23 11:29:54,914 Image Number:0	Target Label:1	Top-5 predictions:0	1	5	2	8

2026-07-23 11:29:54,914 Image Number:1	Target Label:1	Top-5 predictions:0	1	5	3	9

2026-07-23 11:29:54,914 Image Number:2	Target Label:1	Top-5 predictions:0	1	3	5	8

2026-07-23 11:29:54,914 Image Number:3	Target Label:1	Top-5 predictions:0	1	3	5	9

2026-07-23 11:29:54,914 Image Number:4	Target Label:1	Top-5 predictions:0	1	5	8	3

2026-07-23 11:29:54,915 Image Number:5	Target Label:1	Top-5 predictions:0	1	5	4	6

2026-07-23 11:29:54,915 Image Number:6	Target Label:1	Top-5 predictions:0	1	5	8	3

2026-07-23 11:29:54,915 Image Number:7	Target Label:1	Top-5 predictions:0	1	5	6	8

2026-07-23 11:29:54,915 Image Number:8	Target Label:1	Top-5 predictions:0	1	5	3	4

2026-07-23 11:29:54,915 Image Number:9	Target Label:1	Top-5 predictions:0	1	5	9	3

2026-07-23 11:29:54,915 Image Number:10	Target Label:1	Top-5 predictions:0	1	5	8	3

2026-07-23 11:29:54,916 Image Number:11	Target Label:1	Top-5 predictions:0	9	3	1	5

2026-07-23 11:29:54,916 Image Number:12	Target Label:1	Top-5 predictions:0	1	5	3	8

2026-07-23 11:29:54,916 Image Number:13	Target Label:1	Top-5 predictions:0	1	5	3	9

2026-07-23 11:29:54,916 Image Number:14	Target Label:1	Top-5 predictions:0	1	5	3	9

2026-07-23 11:29:54,916 Image Number:15	Target Label:1	Top-5 predictions:0	1	5	4	3

2026-07-23 11:29:54,916 Image Number:16	Target Label:1	Top-5 predictions:0	1	5	4	7

2026-07-23 11:29:54,916 Image Number:17	Target Label:1	Top-5 predictions:0	1	5	3	9

2026-07-23 11:29:54,916 Image Number:18	Target Label:1	Top-5 predictions:0	1	5	3	6

2026-07-23 11:29:54,916 Image Number:19	Target Label:1	Top-5 predictions:0	1	5	3	8

2026-07-23 11:29:54,917 Image Number:20	Target Label:1	Top-5 predictions:0	1	5	9	3

2026-07-23 11:29:54,917 Image Number:21	Target Label:1	Top-5 predictions:0	4	1	5	6

2026-07-23 11:29:54,917 Image Number:22	Target Label:1	Top-5 predictions:0	1	5	6	2

2026-07-23 11:29:54,917 Image Number:23	Target Label:1	Top-5 predictions:0	1	5	9	3

2026-07-23 11:29:54,917 Image Number:24	Target Label:1	Top-5 predictions:0	1	3	8	5

2026-07-23 11:29:54,917 Image Number:25	Target Label:1	Top-5 predictions:0	1	5	3	8

2026-07-23 11:29:54,917 Image Number:26	Target Label:1	Top-5 predictions:0	1	5	3	2

2026-07-23 11:29:54,917 Image Number:27	Target Label:1	Top-5 predictions:0	1	5	3	4

2026-07-23 11:29:54,917 Image Number:28	Target Label:1	Top-5 predictions:0	1	5	4	8

2026-07-23 11:29:54,918 Image Number:29	Target Label:1	Top-5 predictions:0	1	5	3	9

2026-07-23 11:29:54,918 Image Number:30	Target Label:1	Top-5 predictions:0	1	3	5	9

2026-07-23 11:29:54,918 Image Number:31	Target Label:1	Top-5 predictions:0	1	5	3	4

2026-07-23 11:29:54,918 Image Number:32	Target Label:1	Top-5 predictions:0	1	5	3	2

2026-07-23 11:29:54,918 Image Number:33	Target Label:1	Top-5 predictions:0	1	5	3	2

2026-07-23 11:29:54,918 Image Number:34	Target Label:1	Top-5 predictions:0	1	5	6	8

2026-07-23 11:29:54,918 Image Number:35	Target Label:1	Top-5 predictions:0	1	3	9	8

2026-07-23 11:29:54,918 Image Number:36	Target Label:1	Top-5 predictions:0	1	5	3	4

2026-07-23 11:29:54,919 Image Number:37	Target Label:1	Top-5 predictions:0	1	5	3	9

2026-07-23 11:29:54,919 Image Number:38	Target Label:1	Top-5 predictions:0	1	5	3	9

2026-07-23 11:29:54,919 Image Number:39	Target Label:1	Top-5 predictions:0	1	5	3	9

2026-07-23 11:29:54,919 Image Number:40	Target Label:1	Top-5 predictions:0	1	3	9	5

2026-07-23 11:29:54,919 Image Number:41	Target Label:1	Top-5 predictions:0	1	5	3	4

2026-07-23 11:29:54,919 Image Number:42	Target Label:1	Top-5 predictions:0	1	3	5	9

2026-07-23 11:29:54,919 Image Number:43	Target Label:1	Top-5 predictions:0	1	5	9	3

2026-07-23 11:29:54,919 Image Number:44	Target Label:1	Top-5 predictions:0	1	2	5	8

2026-07-23 11:29:54,920 Image Number:45	Target Label:1	Top-5 predictions:0	1	5	6	8

2026-07-23 11:29:54,920 Image Number:46	Target Label:1	Top-5 predictions:0	1	5	3	9

2026-07-23 11:29:54,920 Image Number:47	Target Label:1	Top-5 predictions:0	1	5	9	3

2026-07-23 11:29:54,920 Image Number:48	Target Label:1	Top-5 predictions:0	1	5	3	9

2026-07-23 11:29:54,920 Image Number:49	Target Label:1	Top-5 predictions:0	1	8	5	2

2026-07-23 11:29:57,122 Image Number:0	Target Label:1	Top-5 predictions:0	1	5	2	8

2026-07-23 11:29:57,123 Image Number:1	Target Label:1	Top-5 predictions:0	1	5	3	9

2026-07-23 11:29:57,123 Image Number:2	Target Label:1	Top-5 predictions:0	1	3	5	8

2026-07-23 11:29:57,123 Image Number:3	Target Label:1	Top-5 predictions:0	1	3	5	9

2026-07-23 11:29:57,123 Image Number:4	Target Label:1	Top-5 predictions:0	1	5	8	2

2026-07-23 11:29:57,123 Image Number:5	Target Label:1	Top-5 predictions:0	1	4	5	6

2026-07-23 11:29:57,123 Image Number:6	Target Label:1	Top-5 predictions:0	1	5	8	3

2026-07-23 11:29:57,123 Image Number:7	Target Label:1	Top-5 predictions:0	1	5	6	8

2026-07-23 11:29:57,124 Image Number:8	Target Label:1	Top-5 predictions:0	1	5	3	4

2026-07-23 11:29:57,124 Image Number:9	Target Label:1	Top-5 predictions:0	1	5	9	3

2026-07-23 11:29:57,124 Image Number:10	Target Label:1	Top-5 predictions:0	1	5	8	7

2026-07-23 11:29:57,124 Image Number:11	Target Label:1	Top-5 predictions:0	9	1	3	5

2026-07-23 11:29:57,124 Image Number:12	Target Label:1	Top-5 predictions:0	1	5	3	8

2026-07-23 11:29:57,124 Image Number:13	Target Label:1	Top-5 predictions:0	1	5	3	9

2026-07-23 11:29:57,124 Image Number:14	Target Label:1	Top-5 predictions:0	1	5	3	9

2026-07-23 11:29:57,124 Image Number:15	Target Label:1	Top-5 predictions:0	1	4	5	3

2026-07-23 11:29:57,124 Image Number:16	Target Label:1	Top-5 predictions:0	1	5	4	7

2026-07-23 11:29:57,124 Image Number:17	Target Label:1	Top-5 predictions:0	1	3	9	5

2026-07-23 11:29:57,125 Image Number:18	Target Label:1	Top-5 predictions:0	1	5	6	3

2026-07-23 11:29:57,125 Image Number:19	Target Label:1	Top-5 predictions:0	1	5	3	8

2026-07-23 11:29:57,125 Image Number:20	Target Label:1	Top-5 predictions:0	1	5	9	3

2026-07-23 11:29:57,125 Image Number:21	Target Label:1	Top-5 predictions:0	4	1	6	5

2026-07-23 11:29:57,125 Image Number:22	Target Label:1	Top-5 predictions:0	1	5	6	2

2026-07-23 11:29:57,125 Image Number:23	Target Label:1	Top-5 predictions:0	1	5	9	3

2026-07-23 11:29:57,125 Image Number:24	Target Label:1	Top-5 predictions:0	1	3	8	5

2026-07-23 11:29:57,125 Image Number:25	Target Label:1	Top-5 predictions:0	1	5	3	2

2026-07-23 11:29:57,125 Image Number:26	Target Label:1	Top-5 predictions:0	1	5	3	2

2026-07-23 11:29:57,126 Image Number:27	Target Label:1	Top-5 predictions:0	1	5	3	4

2026-07-23 11:29:57,126 Image Number:28	Target Label:1	Top-5 predictions:0	1	5	4	8

2026-07-23 11:29:57,126 Image Number:29	Target Label:1	Top-5 predictions:0	1	5	3	2

2026-07-23 11:29:57,126 Image Number:30	Target Label:1	Top-5 predictions:0	1	3	5	9

2026-07-23 11:29:57,126 Image Number:31	Target Label:1	Top-5 predictions:0	1	5	3	4

2026-07-23 11:29:57,126 Image Number:32	Target Label:1	Top-5 predictions:0	1	5	3	2

2026-07-23 11:29:57,126 Image Number:33	Target Label:1	Top-5 predictions:0	1	5	3	2

2026-07-23 11:29:57,126 Image Number:34	Target Label:1	Top-5 predictions:0	1	5	6	8

2026-07-23 11:29:57,126 Image Number:35	Target Label:1	Top-5 predictions:0	1	3	9	8

2026-07-23 11:29:57,127 Image Number:36	Target Label:1	Top-5 predictions:0	1	5	3	4

2026-07-23 11:29:57,127 Image Number:37	Target Label:1	Top-5 predictions:0	1	5	3	9

2026-07-23 11:29:57,127 Image Number:38	Target Label:1	Top-5 predictions:0	1	5	3	2

2026-07-23 11:29:57,127 Image Number:39	Target Label:1	Top-5 predictions:0	1	3	5	9

2026-07-23 11:29:57,127 Image Number:40	Target Label:1	Top-5 predictions:0	1	3	9	5

2026-07-23 11:29:57,127 Image Number:41	Target Label:1	Top-5 predictions:0	1	5	4	3

2026-07-23 11:29:57,127 Image Number:42	Target Label:1	Top-5 predictions:0	1	3	5	9

2026-07-23 11:29:57,127 Image Number:43	Target Label:1	Top-5 predictions:0	1	5	9	3

2026-07-23 11:29:57,127 Image Number:44	Target Label:1	Top-5 predictions:0	1	2	5	8

2026-07-23 11:29:57,128 Image Number:45	Target Label:1	Top-5 predictions:0	1	5	6	4

2026-07-23 11:29:57,128 Image Number:46	Target Label:1	Top-5 predictions:0	1	5	3	9

2026-07-23 11:29:57,128 Image Number:47	Target Label:1	Top-5 predictions:0	1	5	9	3

2026-07-23 11:29:57,128 Image Number:48	Target Label:1	Top-5 predictions:0	1	5	3	4

2026-07-23 11:29:57,128 Image Number:49	Target Label:1	Top-5 predictions:0	1	8	5	2

2026-07-23 11:29:57,476 train Loss: 0.6347 Acc: 0.8881
2026-07-23 11:29:58,583 test Loss: 0.1306 Acc: 0.9940
2026-07-23 11:29:58,589 Better model found!
2026-07-23 11:29:59,057 notpatched Loss: 3.1276 Acc: 0.0000
2026-07-23 11:29:59,526 patched Loss: 2.2008 Acc: 0.0000
2026-07-23 11:29:59,526 Patched Targeted Attack Success Rate: Mean 0.000
2026-07-23 11:29:59,526 Epoch 1/9
2026-07-23 11:29:59,526 ----------
2026-07-23 11:30:02,192 Image Number:0	Target Label:1	Top-5 predictions:0	1	5	2	8

2026-07-23 11:30:02,218 Image Number:1	Target Label:1	Top-5 predictions:0	1	5	3	9

2026-07-23 11:30:02,218 Image Number:2	Target Label:1	Top-5 predictions:0	1	3	5	8

2026-07-23 11:30:02,218 Image Number:3	Target Label:1	Top-5 predictions:0	1	3	5	9

2026-07-23 11:30:02,218 Image Number:4	Target Label:1	Top-5 predictions:0	1	5	8	2

2026-07-23 11:30:02,218 Image Number:5	Target Label:1	Top-5 predictions:0	1	4	5	6

2026-07-23 11:30:02,219 Image Number:6	Target Label:1	Top-5 predictions:0	1	5	8	3

2026-07-23 11:30:02,219 Image Number:7	Target Label:1	Top-5 predictions:0	1	5	6	8

2026-07-23 11:30:02,219 Image Number:8	Target Label:1	Top-5 predictions:0	1	5	3	4

2026-07-23 11:30:02,219 Image Number:9	Target Label:1	Top-5 predictions:0	1	5	9	3

2026-07-23 11:30:02,219 Image Number:10	Target Label:1	Top-5 predictions:0	1	5	8	7

2026-07-23 11:30:02,219 Image Number:11	Target Label:1	Top-5 predictions:1	0	9	3	5

2026-07-23 11:30:02,219 Image Number:12	Target Label:1	Top-5 predictions:0	1	5	3	8

2026-07-23 11:30:02,219 Image Number:13	Target Label:1	Top-5 predictions:0	1	5	3	9

2026-07-23 11:30:02,219 Image Number:14	Target Label:1	Top-5 predictions:0	1	5	3	9

2026-07-23 11:30:02,220 Image Number:15	Target Label:1	Top-5 predictions:0	1	4	5	3

2026-07-23 11:30:02,220 Image Number:16	Target Label:1	Top-5 predictions:0	1	5	4	7

2026-07-23 11:30:02,220 Image Number:17	Target Label:1	Top-5 predictions:0	1	3	9	5

2026-07-23 11:30:02,220 Image Number:18	Target Label:1	Top-5 predictions:0	1	5	6	3

2026-07-23 11:30:02,220 Image Number:19	Target Label:1	Top-5 predictions:0	1	5	3	8

2026-07-23 11:30:02,220 Image Number:20	Target Label:1	Top-5 predictions:0	1	9	5	3

2026-07-23 11:30:02,220 Image Number:21	Target Label:1	Top-5 predictions:1	0	4	6	5

2026-07-23 11:30:02,220 Image Number:22	Target Label:1	Top-5 predictions:0	1	5	6	2

2026-07-23 11:30:02,220 Image Number:23	Target Label:1	Top-5 predictions:0	1	5	9	3

2026-07-23 11:30:02,221 Image Number:24	Target Label:1	Top-5 predictions:0	1	3	8	9

2026-07-23 11:30:02,221 Image Number:25	Target Label:1	Top-5 predictions:0	1	5	3	2

2026-07-23 11:30:02,221 Image Number:26	Target Label:1	Top-5 predictions:0	1	5	3	2

2026-07-23 11:30:02,221 Image Number:27	Target Label:1	Top-5 predictions:0	1	5	3	4

2026-07-23 11:30:02,221 Image Number:28	Target Label:1	Top-5 predictions:0	1	4	5	8

2026-07-23 11:30:02,221 Image Number:29	Target Label:1	Top-5 predictions:0	1	5	3	2

2026-07-23 11:30:02,221 Image Number:30	Target Label:1	Top-5 predictions:0	1	3	5	9

2026-07-23 11:30:02,221 Image Number:31	Target Label:1	Top-5 predictions:0	1	5	3	4

2026-07-23 11:30:02,221 Image Number:32	Target Label:1	Top-5 predictions:0	1	5	3	2

2026-07-23 11:30:02,221 Image Number:33	Target Label:1	Top-5 predictions:0	1	5	3	2

2026-07-23 11:30:02,222 Image Number:34	Target Label:1	Top-5 predictions:0	1	6	5	8

2026-07-23 11:30:02,222 Image Number:35	Target Label:1	Top-5 predictions:0	1	3	9	8

2026-07-23 11:30:02,222 Image Number:36	Target Label:1	Top-5 predictions:0	1	5	3	4

2026-07-23 11:30:02,222 Image Number:37	Target Label:1	Top-5 predictions:0	1	5	3	9

2026-07-23 11:30:02,222 Image Number:38	Target Label:1	Top-5 predictions:0	1	5	3	2

2026-07-23 11:30:02,222 Image Number:39	Target Label:1	Top-5 predictions:0	1	3	9	5

2026-07-23 11:30:02,222 Image Number:40	Target Label:1	Top-5 predictions:0	1	3	9	5

2026-07-23 11:30:02,222 Image Number:41	Target Label:1	Top-5 predictions:0	1	5	4	3

2026-07-23 11:30:02,222 Image Number:42	Target Label:1	Top-5 predictions:0	1	3	5	9

2026-07-23 11:30:02,223 Image Number:43	Target Label:1	Top-5 predictions:0	1	5	9	3

2026-07-23 11:30:02,223 Image Number:44	Target Label:1	Top-5 predictions:0	1	2	5	8

2026-07-23 11:30:02,223 Image Number:45	Target Label:1	Top-5 predictions:0	1	5	6	4

2026-07-23 11:30:02,223 Image Number:46	Target Label:1	Top-5 predictions:0	1	5	3	9

2026-07-23 11:30:02,223 Image Number:47	Target Label:1	Top-5 predictions:0	1	5	9	3

2026-07-23 11:30:02,223 Image Number:48	Target Label:1	Top-5 predictions:0	1	5	3	4

2026-07-23 11:30:02,223 Image Number:49	Target Label:1	Top-5 predictions:0	1	8	2	5

2026-07-23 11:30:04,475 Image Number:0	Target Label:1	Top-5 predictions:0	1	5	8	2

2026-07-23 11:30:04,475 Image Number:1	Target Label:1	Top-5 predictions:0	1	5	3	9

2026-07-23 11:30:04,476 Image Number:2	Target Label:1	Top-5 predictions:0	1	3	5	8

2026-07-23 11:30:04,476 Image Number:3	Target Label:1	Top-5 predictions:0	1	3	5	9

2026-07-23 11:30:04,476 Image Number:4	Target Label:1	Top-5 predictions:0	1	5	8	2

2026-07-23 11:30:04,476 Image Number:5	Target Label:1	Top-5 predictions:0	1	4	5	6

2026-07-23 11:30:04,476 Image Number:6	Target Label:1	Top-5 predictions:0	1	5	8	3

2026-07-23 11:30:04,476 Image Number:7	Target Label:1	Top-5 predictions:0	1	5	6	8

2026-07-23 11:30:04,476 Image Number:8	Target Label:1	Top-5 predictions:0	1	5	3	4

2026-07-23 11:30:04,476 Image Number:9	Target Label:1	Top-5 predictions:0	1	5	9	3

2026-07-23 11:30:04,476 Image Number:10	Target Label:1	Top-5 predictions:0	1	8	5	7

2026-07-23 11:30:04,477 Image Number:11	Target Label:1	Top-5 predictions:1	0	9	3	5

2026-07-23 11:30:04,477 Image Number:12	Target Label:1	Top-5 predictions:0	1	5	3	8

2026-07-23 11:30:04,477 Image Number:13	Target Label:1	Top-5 predictions:0	1	5	3	9

2026-07-23 11:30:04,477 Image Number:14	Target Label:1	Top-5 predictions:0	1	5	3	9

2026-07-23 11:30:04,477 Image Number:15	Target Label:1	Top-5 predictions:0	1	4	5	3

2026-07-23 11:30:04,477 Image Number:16	Target Label:1	Top-5 predictions:0	1	5	4	7

2026-07-23 11:30:04,477 Image Number:17	Target Label:1	Top-5 predictions:0	1	3	9	2

2026-07-23 11:30:04,477 Image Number:18	Target Label:1	Top-5 predictions:0	1	6	5	3

2026-07-23 11:30:04,477 Image Number:19	Target Label:1	Top-5 predictions:0	1	5	3	8

2026-07-23 11:30:04,478 Image Number:20	Target Label:1	Top-5 predictions:0	1	9	5	3

2026-07-23 11:30:04,478 Image Number:21	Target Label:1	Top-5 predictions:1	0	4	6	5

2026-07-23 11:30:04,478 Image Number:22	Target Label:1	Top-5 predictions:0	1	5	6	2

2026-07-23 11:30:04,478 Image Number:23	Target Label:1	Top-5 predictions:0	1	5	9	3

2026-07-23 11:30:04,478 Image Number:24	Target Label:1	Top-5 predictions:0	1	3	8	9

2026-07-23 11:30:04,478 Image Number:25	Target Label:1	Top-5 predictions:0	1	5	3	2

2026-07-23 11:30:04,478 Image Number:26	Target Label:1	Top-5 predictions:0	1	5	3	4

2026-07-23 11:30:04,478 Image Number:27	Target Label:1	Top-5 predictions:0	1	5	3	4

2026-07-23 11:30:04,478 Image Number:28	Target Label:1	Top-5 predictions:0	1	4	5	8

2026-07-23 11:30:04,479 Image Number:29	Target Label:1	Top-5 predictions:0	1	5	3	2

2026-07-23 11:30:04,479 Image Number:30	Target Label:1	Top-5 predictions:0	1	3	5	9

2026-07-23 11:30:04,479 Image Number:31	Target Label:1	Top-5 predictions:0	1	5	3	4

2026-07-23 11:30:04,479 Image Number:32	Target Label:1	Top-5 predictions:0	1	5	3	2

2026-07-23 11:30:04,479 Image Number:33	Target Label:1	Top-5 predictions:0	1	5	3	2

2026-07-23 11:30:04,479 Image Number:34	Target Label:1	Top-5 predictions:0	1	6	5	8

2026-07-23 11:30:04,479 Image Number:35	Target Label:1	Top-5 predictions:0	1	3	9	8

2026-07-23 11:30:04,479 Image Number:36	Target Label:1	Top-5 predictions:0	1	5	3	4

2026-07-23 11:30:04,479 Image Number:37	Target Label:1	Top-5 predictions:0	1	5	3	8

2026-07-23 11:30:04,479 Image Number:38	Target Label:1	Top-5 predictions:0	1	5	3	2

2026-07-23 11:30:04,480 Image Number:39	Target Label:1	Top-5 predictions:0	1	3	9	5

2026-07-23 11:30:04,480 Image Number:40	Target Label:1	Top-5 predictions:0	1	3	9	5

2026-07-23 11:30:04,480 Image Number:41	Target Label:1	Top-5 predictions:0	1	5	4	3

2026-07-23 11:30:04,480 Image Number:42	Target Label:1	Top-5 predictions:0	1	3	5	9

2026-07-23 11:30:04,480 Image Number:43	Target Label:1	Top-5 predictions:0	1	5	9	3

2026-07-23 11:30:04,480 Image Number:44	Target Label:1	Top-5 predictions:0	1	2	5	8

2026-07-23 11:30:04,480 Image Number:45	Target Label:1	Top-5 predictions:0	1	5	4	6

2026-07-23 11:30:04,480 Image Number:46	Target Label:1	Top-5 predictions:0	1	3	5	9

2026-07-23 11:30:04,480 Image Number:47	Target Label:1	Top-5 predictions:0	1	5	9	3

2026-07-23 11:30:04,481 Image Number:48	Target Label:1	Top-5 predictions:0	1	5	3	4

2026-07-23 11:30:04,481 Image Number:49	Target Label:1	Top-5 predictions:0	1	8	2	5

2026-07-23 11:30:06,747 Image Number:0	Target Label:1	Top-5 predictions:0	1	5	8	2

2026-07-23 11:30:06,747 Image Number:1	Target Label:1	Top-5 predictions:0	1	3	5	9

2026-07-23 11:30:06,747 Image Number:2	Target Label:1	Top-5 predictions:0	1	3	5	2

2026-07-23 11:30:06,747 Image Number:3	Target Label:1	Top-5 predictions:0	1	3	5	9

2026-07-23 11:30:06,747 Image Number:4	Target Label:1	Top-5 predictions:0	1	5	8	2

2026-07-23 11:30:06,747 Image Number:5	Target Label:1	Top-5 predictions:0	1	4	5	6

2026-07-23 11:30:06,748 Image Number:6	Target Label:1	Top-5 predictions:0	1	5	8	3

2026-07-23 11:30:06,748 Image Number:7	Target Label:1	Top-5 predictions:0	1	5	6	8

2026-07-23 11:30:06,748 Image Number:8	Target Label:1	Top-5 predictions:0	1	5	3	4

2026-07-23 11:30:06,748 Image Number:9	Target Label:1	Top-5 predictions:0	1	5	9	3

2026-07-23 11:30:06,748 Image Number:10	Target Label:1	Top-5 predictions:0	1	8	5	7

2026-07-23 11:30:06,748 Image Number:11	Target Label:1	Top-5 predictions:1	0	9	3	5

2026-07-23 11:30:06,748 Image Number:12	Target Label:1	Top-5 predictions:0	1	5	3	8

2026-07-23 11:30:06,748 Image Number:13	Target Label:1	Top-5 predictions:0	1	5	3	9

2026-07-23 11:30:06,749 Image Number:14	Target Label:1	Top-5 predictions:0	1	5	3	9

2026-07-23 11:30:06,749 Image Number:15	Target Label:1	Top-5 predictions:0	1	4	5	3

2026-07-23 11:30:06,749 Image Number:16	Target Label:1	Top-5 predictions:0	1	5	4	7

2026-07-23 11:30:06,749 Image Number:17	Target Label:1	Top-5 predictions:0	1	3	9	2

2026-07-23 11:30:06,749 Image Number:18	Target Label:1	Top-5 predictions:0	1	6	3	5

2026-07-23 11:30:06,749 Image Number:19	Target Label:1	Top-5 predictions:0	1	5	3	8

2026-07-23 11:30:06,749 Image Number:20	Target Label:1	Top-5 predictions:0	1	9	5	3

2026-07-23 11:30:06,749 Image Number:21	Target Label:1	Top-5 predictions:1	0	4	6	5

2026-07-23 11:30:06,749 Image Number:22	Target Label:1	Top-5 predictions:0	1	5	6	2

2026-07-23 11:30:06,750 Image Number:23	Target Label:1	Top-5 predictions:0	1	5	9	3

2026-07-23 11:30:06,750 Image Number:24	Target Label:1	Top-5 predictions:0	1	3	8	9

2026-07-23 11:30:06,750 Image Number:25	Target Label:1	Top-5 predictions:0	1	5	3	2

2026-07-23 11:30:06,750 Image Number:26	Target Label:1	Top-5 predictions:0	1	5	3	4

2026-07-23 11:30:06,750 Image Number:27	Target Label:1	Top-5 predictions:0	1	5	3	4

2026-07-23 11:30:06,750 Image Number:28	Target Label:1	Top-5 predictions:0	1	4	5	9

2026-07-23 11:30:06,750 Image Number:29	Target Label:1	Top-5 predictions:0	1	5	3	2

2026-07-23 11:30:06,750 Image Number:30	Target Label:1	Top-5 predictions:0	1	3	5	9

2026-07-23 11:30:06,751 Image Number:31	Target Label:1	Top-5 predictions:0	1	5	3	4

2026-07-23 11:30:06,751 Image Number:32	Target Label:1	Top-5 predictions:0	1	5	3	2

2026-07-23 11:30:06,751 Image Number:33	Target Label:1	Top-5 predictions:0	1	5	3	2

2026-07-23 11:30:06,751 Image Number:34	Target Label:1	Top-5 predictions:0	1	6	5	8

2026-07-23 11:30:06,751 Image Number:35	Target Label:1	Top-5 predictions:0	1	3	9	4

2026-07-23 11:30:06,751 Image Number:36	Target Label:1	Top-5 predictions:0	1	5	3	4

2026-07-23 11:30:06,751 Image Number:37	Target Label:1	Top-5 predictions:0	1	5	3	8

2026-07-23 11:30:06,752 Image Number:38	Target Label:1	Top-5 predictions:0	1	5	3	2

2026-07-23 11:30:06,752 Image Number:39	Target Label:1	Top-5 predictions:0	1	9	3	5

2026-07-23 11:30:06,752 Image Number:40	Target Label:1	Top-5 predictions:0	1	3	9	5

2026-07-23 11:30:06,752 Image Number:41	Target Label:1	Top-5 predictions:0	1	4	5	3

2026-07-23 11:30:06,752 Image Number:42	Target Label:1	Top-5 predictions:0	1	3	5	9

2026-07-23 11:30:06,752 Image Number:43	Target Label:1	Top-5 predictions:0	1	5	9	3

2026-07-23 11:30:06,752 Image Number:44	Target Label:1	Top-5 predictions:0	1	2	5	8

2026-07-23 11:30:06,752 Image Number:45	Target Label:1	Top-5 predictions:0	1	5	4	6

2026-07-23 11:30:06,753 Image Number:46	Target Label:1	Top-5 predictions:0	1	3	5	9

2026-07-23 11:30:06,753 Image Number:47	Target Label:1	Top-5 predictions:0	1	5	9	3

2026-07-23 11:30:06,753 Image Number:48	Target Label:1	Top-5 predictions:0	1	5	4	3

2026-07-23 11:30:06,753 Image Number:49	Target Label:1	Top-5 predictions:0	1	8	2	5

2026-07-23 11:30:09,005 Image Number:0	Target Label:1	Top-5 predictions:0	1	8	5	2

2026-07-23 11:30:09,005 Image Number:1	Target Label:1	Top-5 predictions:0	1	3	5	9

2026-07-23 11:30:09,005 Image Number:2	Target Label:1	Top-5 predictions:0	1	3	5	2

2026-07-23 11:30:09,006 Image Number:3	Target Label:1	Top-5 predictions:0	1	3	5	9

2026-07-23 11:30:09,006 Image Number:4	Target Label:1	Top-5 predictions:0	1	5	8	2

2026-07-23 11:30:09,006 Image Number:5	Target Label:1	Top-5 predictions:0	1	4	5	6

2026-07-23 11:30:09,006 Image Number:6	Target Label:1	Top-5 predictions:0	1	5	8	3

2026-07-23 11:30:09,006 Image Number:7	Target Label:1	Top-5 predictions:0	1	5	6	8

2026-07-23 11:30:09,006 Image Number:8	Target Label:1	Top-5 predictions:0	1	5	3	4

2026-07-23 11:30:09,006 Image Number:9	Target Label:1	Top-5 predictions:0	1	5	9	3

2026-07-23 11:30:09,006 Image Number:10	Target Label:1	Top-5 predictions:0	1	8	5	7

2026-07-23 11:30:09,006 Image Number:11	Target Label:1	Top-5 predictions:1	0	9	3	5

2026-07-23 11:30:09,007 Image Number:12	Target Label:1	Top-5 predictions:0	1	3	5	8

2026-07-23 11:30:09,007 Image Number:13	Target Label:1	Top-5 predictions:0	1	5	3	9

2026-07-23 11:30:09,007 Image Number:14	Target Label:1	Top-5 predictions:0	1	3	5	9

2026-07-23 11:30:09,007 Image Number:15	Target Label:1	Top-5 predictions:0	1	4	5	3

2026-07-23 11:30:09,007 Image Number:16	Target Label:1	Top-5 predictions:0	1	5	4	7

2026-07-23 11:30:09,007 Image Number:17	Target Label:1	Top-5 predictions:0	1	3	9	2

2026-07-23 11:30:09,007 Image Number:18	Target Label:1	Top-5 predictions:0	1	6	3	5

2026-07-23 11:30:09,007 Image Number:19	Target Label:1	Top-5 predictions:0	1	3	5	8

2026-07-23 11:30:09,007 Image Number:20	Target Label:1	Top-5 predictions:0	1	9	5	3

2026-07-23 11:30:09,008 Image Number:21	Target Label:1	Top-5 predictions:1	0	4	6	5

2026-07-23 11:30:09,008 Image Number:22	Target Label:1	Top-5 predictions:0	1	5	6	2

2026-07-23 11:30:09,008 Image Number:23	Target Label:1	Top-5 predictions:0	1	5	9	3

2026-07-23 11:30:09,008 Image Number:24	Target Label:1	Top-5 predictions:0	1	3	8	9

2026-07-23 11:30:09,008 Image Number:25	Target Label:1	Top-5 predictions:0	1	5	3	2

2026-07-23 11:30:09,008 Image Number:26	Target Label:1	Top-5 predictions:0	1	5	3	4

2026-07-23 11:30:09,008 Image Number:27	Target Label:1	Top-5 predictions:0	1	5	3	4

2026-07-23 11:30:09,008 Image Number:28	Target Label:1	Top-5 predictions:0	1	4	5	9

2026-07-23 11:30:09,008 Image Number:29	Target Label:1	Top-5 predictions:0	1	5	3	2

2026-07-23 11:30:09,009 Image Number:30	Target Label:1	Top-5 predictions:0	1	3	5	9

2026-07-23 11:30:09,009 Image Number:31	Target Label:1	Top-5 predictions:0	1	5	3	4

2026-07-23 11:30:09,009 Image Number:32	Target Label:1	Top-5 predictions:0	1	5	3	2

2026-07-23 11:30:09,009 Image Number:33	Target Label:1	Top-5 predictions:0	1	5	3	2

2026-07-23 11:30:09,009 Image Number:34	Target Label:1	Top-5 predictions:0	1	6	5	8

2026-07-23 11:30:09,009 Image Number:35	Target Label:1	Top-5 predictions:0	1	3	9	4

2026-07-23 11:30:09,009 Image Number:36	Target Label:1	Top-5 predictions:0	1	5	3	4

2026-07-23 11:30:09,009 Image Number:37	Target Label:1	Top-5 predictions:0	1	5	3	8

2026-07-23 11:30:09,009 Image Number:38	Target Label:1	Top-5 predictions:0	1	5	3	2

2026-07-23 11:30:09,010 Image Number:39	Target Label:1	Top-5 predictions:0	1	9	3	5

2026-07-23 11:30:09,010 Image Number:40	Target Label:1	Top-5 predictions:0	1	3	9	5

2026-07-23 11:30:09,010 Image Number:41	Target Label:1	Top-5 predictions:0	1	4	5	3

2026-07-23 11:30:09,010 Image Number:42	Target Label:1	Top-5 predictions:0	1	3	5	9

2026-07-23 11:30:09,010 Image Number:43	Target Label:1	Top-5 predictions:0	1	5	9	3

2026-07-23 11:30:09,010 Image Number:44	Target Label:1	Top-5 predictions:0	1	2	8	5

2026-07-23 11:30:09,010 Image Number:45	Target Label:1	Top-5 predictions:0	1	5	4	6

2026-07-23 11:30:09,010 Image Number:46	Target Label:1	Top-5 predictions:0	1	3	5	9

2026-07-23 11:30:09,010 Image Number:47	Target Label:1	Top-5 predictions:0	1	5	9	3

2026-07-23 11:30:09,011 Image Number:48	Target Label:1	Top-5 predictions:0	1	5	4	3

2026-07-23 11:30:09,011 Image Number:49	Target Label:1	Top-5 predictions:0	1	8	2	5

2026-07-23 11:30:11,224 Image Number:0	Target Label:1	Top-5 predictions:0	1	8	4	2

2026-07-23 11:30:11,224 Image Number:1	Target Label:1	Top-5 predictions:0	1	3	5	9

2026-07-23 11:30:11,224 Image Number:2	Target Label:1	Top-5 predictions:0	1	3	5	2

2026-07-23 11:30:11,225 Image Number:3	Target Label:1	Top-5 predictions:0	1	3	5	9

2026-07-23 11:30:11,225 Image Number:4	Target Label:1	Top-5 predictions:0	1	5	8	2

2026-07-23 11:30:11,225 Image Number:5	Target Label:1	Top-5 predictions:0	1	4	5	6

2026-07-23 11:30:11,225 Image Number:6	Target Label:1	Top-5 predictions:0	1	5	8	3

2026-07-23 11:30:11,225 Image Number:7	Target Label:1	Top-5 predictions:0	1	5	6	8

2026-07-23 11:30:11,225 Image Number:8	Target Label:1	Top-5 predictions:0	1	5	3	4

2026-07-23 11:30:11,225 Image Number:9	Target Label:1	Top-5 predictions:0	1	5	9	3

2026-07-23 11:30:11,225 Image Number:10	Target Label:1	Top-5 predictions:0	1	8	5	7

2026-07-23 11:30:11,225 Image Number:11	Target Label:1	Top-5 predictions:1	0	9	3	6

2026-07-23 11:30:11,226 Image Number:12	Target Label:1	Top-5 predictions:0	1	3	5	8

2026-07-23 11:30:11,226 Image Number:13	Target Label:1	Top-5 predictions:0	1	5	3	9

2026-07-23 11:30:11,226 Image Number:14	Target Label:1	Top-5 predictions:0	1	3	5	9

2026-07-23 11:30:11,226 Image Number:15	Target Label:1	Top-5 predictions:0	1	4	5	3

2026-07-23 11:30:11,226 Image Number:16	Target Label:1	Top-5 predictions:0	1	5	4	7

2026-07-23 11:30:11,226 Image Number:17	Target Label:1	Top-5 predictions:0	1	3	9	2

2026-07-23 11:30:11,226 Image Number:18	Target Label:1	Top-5 predictions:0	1	6	3	5

2026-07-23 11:30:11,226 Image Number:19	Target Label:1	Top-5 predictions:0	1	3	5	8

2026-07-23 11:30:11,226 Image Number:20	Target Label:1	Top-5 predictions:0	1	9	5	3

2026-07-23 11:30:11,227 Image Number:21	Target Label:1	Top-5 predictions:1	0	4	6	5

2026-07-23 11:30:11,227 Image Number:22	Target Label:1	Top-5 predictions:0	1	5	6	2

2026-07-23 11:30:11,227 Image Number:23	Target Label:1	Top-5 predictions:0	1	5	9	3

2026-07-23 11:30:11,227 Image Number:24	Target Label:1	Top-5 predictions:0	1	3	8	9

2026-07-23 11:30:11,227 Image Number:25	Target Label:1	Top-5 predictions:0	1	5	3	2

2026-07-23 11:30:11,227 Image Number:26	Target Label:1	Top-5 predictions:0	1	5	3	4

2026-07-23 11:30:11,227 Image Number:27	Target Label:1	Top-5 predictions:0	1	5	3	4

2026-07-23 11:30:11,227 Image Number:28	Target Label:1	Top-5 predictions:0	1	4	5	9

2026-07-23 11:30:11,227 Image Number:29	Target Label:1	Top-5 predictions:0	1	5	3	2

2026-07-23 11:30:11,228 Image Number:30	Target Label:1	Top-5 predictions:0	1	3	5	9

2026-07-23 11:30:11,228 Image Number:31	Target Label:1	Top-5 predictions:0	1	5	4	3

2026-07-23 11:30:11,228 Image Number:32	Target Label:1	Top-5 predictions:0	1	5	3	2

2026-07-23 11:30:11,228 Image Number:33	Target Label:1	Top-5 predictions:0	1	5	3	2

2026-07-23 11:30:11,228 Image Number:34	Target Label:1	Top-5 predictions:0	1	6	5	8

2026-07-23 11:30:11,228 Image Number:35	Target Label:1	Top-5 predictions:0	1	3	9	4

2026-07-23 11:30:11,228 Image Number:36	Target Label:1	Top-5 predictions:0	1	5	3	4

2026-07-23 11:30:11,228 Image Number:37	Target Label:1	Top-5 predictions:0	1	5	3	8

2026-07-23 11:30:11,228 Image Number:38	Target Label:1	Top-5 predictions:0	1	5	3	2

2026-07-23 11:30:11,229 Image Number:39	Target Label:1	Top-5 predictions:0	1	9	3	5

2026-07-23 11:30:11,229 Image Number:40	Target Label:1	Top-5 predictions:0	1	3	9	5

2026-07-23 11:30:11,229 Image Number:41	Target Label:1	Top-5 predictions:0	1	4	5	3

2026-07-23 11:30:11,229 Image Number:42	Target Label:1	Top-5 predictions:0	1	3	5	9

2026-07-23 11:30:11,229 Image Number:43	Target Label:1	Top-5 predictions:0	1	5	9	3

2026-07-23 11:30:11,229 Image Number:44	Target Label:1	Top-5 predictions:0	1	2	8	5

2026-07-23 11:30:11,229 Image Number:45	Target Label:1	Top-5 predictions:0	1	5	4	6

2026-07-23 11:30:11,229 Image Number:46	Target Label:1	Top-5 predictions:0	1	3	5	9

2026-07-23 11:30:11,229 Image Number:47	Target Label:1	Top-5 predictions:0	1	5	9	3

2026-07-23 11:30:11,230 Image Number:48	Target Label:1	Top-5 predictions:0	1	5	4	3

2026-07-23 11:30:11,230 Image Number:49	Target Label:1	Top-5 predictions:0	1	8	2	5

2026-07-23 11:30:11,584 train Loss: 0.0970 Acc: 0.9861
2026-07-23 11:30:12,682 test Loss: 0.0766 Acc: 0.9960
2026-07-23 11:30:12,682 Better model found!
2026-07-23 11:30:13,143 notpatched Loss: 2.9820 Acc: 0.0000
2026-07-23 11:30:13,599 patched Loss: 1.3564 Acc: 0.0400
2026-07-23 11:30:13,599 Patched Targeted Attack Success Rate: Mean 0.040
2026-07-23 11:30:13,599 Epoch 2/9
2026-07-23 11:30:13,599 ----------
2026-07-23 11:30:16,267 Image Number:0	Target Label:1	Top-5 predictions:0	1	8	4	2

2026-07-23 11:30:16,267 Image Number:1	Target Label:1	Top-5 predictions:0	1	3	5	9

2026-07-23 11:30:16,267 Image Number:2	Target Label:1	Top-5 predictions:0	1	3	5	2

2026-07-23 11:30:16,268 Image Number:3	Target Label:1	Top-5 predictions:0	1	3	5	9

2026-07-23 11:30:16,268 Image Number:4	Target Label:1	Top-5 predictions:0	1	5	8	2

2026-07-23 11:30:16,268 Image Number:5	Target Label:1	Top-5 predictions:0	1	4	5	6

2026-07-23 11:30:16,268 Image Number:6	Target Label:1	Top-5 predictions:0	1	5	8	3

2026-07-23 11:30:16,268 Image Number:7	Target Label:1	Top-5 predictions:0	1	5	6	8

2026-07-23 11:30:16,268 Image Number:8	Target Label:1	Top-5 predictions:0	1	5	3	4

2026-07-23 11:30:16,268 Image Number:9	Target Label:1	Top-5 predictions:0	1	5	9	3

2026-07-23 11:30:16,268 Image Number:10	Target Label:1	Top-5 predictions:0	1	8	5	7

2026-07-23 11:30:16,269 Image Number:11	Target Label:1	Top-5 predictions:1	0	9	3	6

2026-07-23 11:30:16,269 Image Number:12	Target Label:1	Top-5 predictions:0	1	3	5	8

2026-07-23 11:30:16,269 Image Number:13	Target Label:1	Top-5 predictions:0	1	5	3	9

2026-07-23 11:30:16,269 Image Number:14	Target Label:1	Top-5 predictions:0	1	3	5	9

2026-07-23 11:30:16,269 Image Number:15	Target Label:1	Top-5 predictions:0	1	4	5	3

2026-07-23 11:30:16,269 Image Number:16	Target Label:1	Top-5 predictions:0	1	5	4	7

2026-07-23 11:30:16,269 Image Number:17	Target Label:1	Top-5 predictions:0	1	3	9	2

2026-07-23 11:30:16,269 Image Number:18	Target Label:1	Top-5 predictions:0	1	6	3	5

2026-07-23 11:30:16,269 Image Number:19	Target Label:1	Top-5 predictions:0	1	3	5	8

2026-07-23 11:30:16,270 Image Number:20	Target Label:1	Top-5 predictions:0	1	9	5	3

2026-07-23 11:30:16,270 Image Number:21	Target Label:1	Top-5 predictions:1	0	4	6	5

2026-07-23 11:30:16,270 Image Number:22	Target Label:1	Top-5 predictions:0	1	5	6	2

2026-07-23 11:30:16,270 Image Number:23	Target Label:1	Top-5 predictions:0	1	5	9	3

2026-07-23 11:30:16,270 Image Number:24	Target Label:1	Top-5 predictions:0	1	3	8	9

2026-07-23 11:30:16,270 Image Number:25	Target Label:1	Top-5 predictions:0	1	5	3	2

2026-07-23 11:30:16,270 Image Number:26	Target Label:1	Top-5 predictions:0	1	5	3	4

2026-07-23 11:30:16,270 Image Number:27	Target Label:1	Top-5 predictions:0	1	5	3	4

2026-07-23 11:30:16,270 Image Number:28	Target Label:1	Top-5 predictions:0	1	4	5	9

2026-07-23 11:30:16,271 Image Number:29	Target Label:1	Top-5 predictions:0	1	5	3	2

2026-07-23 11:30:16,271 Image Number:30	Target Label:1	Top-5 predictions:0	1	3	5	9

2026-07-23 11:30:16,271 Image Number:31	Target Label:1	Top-5 predictions:0	1	4	3	5

2026-07-23 11:30:16,271 Image Number:32	Target Label:1	Top-5 predictions:0	1	5	3	2

2026-07-23 11:30:16,271 Image Number:33	Target Label:1	Top-5 predictions:0	1	5	3	2

2026-07-23 11:30:16,271 Image Number:34	Target Label:1	Top-5 predictions:0	1	6	5	8

2026-07-23 11:30:16,271 Image Number:35	Target Label:1	Top-5 predictions:0	1	3	9	4

2026-07-23 11:30:16,271 Image Number:36	Target Label:1	Top-5 predictions:0	1	5	3	4

2026-07-23 11:30:16,271 Image Number:37	Target Label:1	Top-5 predictions:0	1	5	3	8

2026-07-23 11:30:16,272 Image Number:38	Target Label:1	Top-5 predictions:0	1	5	3	2

2026-07-23 11:30:16,272 Image Number:39	Target Label:1	Top-5 predictions:0	1	9	3	5

2026-07-23 11:30:16,272 Image Number:40	Target Label:1	Top-5 predictions:0	1	3	9	5

2026-07-23 11:30:16,272 Image Number:41	Target Label:1	Top-5 predictions:0	1	4	5	3

2026-07-23 11:30:16,272 Image Number:42	Target Label:1	Top-5 predictions:0	1	3	9	5

2026-07-23 11:30:16,272 Image Number:43	Target Label:1	Top-5 predictions:0	1	5	9	3

2026-07-23 11:30:16,272 Image Number:44	Target Label:1	Top-5 predictions:0	1	2	8	5

2026-07-23 11:30:16,272 Image Number:45	Target Label:1	Top-5 predictions:0	1	5	4	6

2026-07-23 11:30:16,272 Image Number:46	Target Label:1	Top-5 predictions:0	1	3	5	9

2026-07-23 11:30:16,273 Image Number:47	Target Label:1	Top-5 predictions:0	1	5	9	3

2026-07-23 11:30:16,273 Image Number:48	Target Label:1	Top-5 predictions:0	1	5	4	3

2026-07-23 11:30:16,273 Image Number:49	Target Label:1	Top-5 predictions:0	1	8	2	5

2026-07-23 11:30:18,531 Image Number:0	Target Label:1	Top-5 predictions:0	1	8	4	2

2026-07-23 11:30:18,531 Image Number:1	Target Label:1	Top-5 predictions:1	0	3	5	9

2026-07-23 11:30:18,531 Image Number:2	Target Label:1	Top-5 predictions:0	1	3	5	2

2026-07-23 11:30:18,532 Image Number:3	Target Label:1	Top-5 predictions:0	1	3	5	9

2026-07-23 11:30:18,532 Image Number:4	Target Label:1	Top-5 predictions:0	1	5	8	2

2026-07-23 11:30:18,532 Image Number:5	Target Label:1	Top-5 predictions:0	1	4	6	5

2026-07-23 11:30:18,532 Image Number:6	Target Label:1	Top-5 predictions:0	1	5	8	3

2026-07-23 11:30:18,532 Image Number:7	Target Label:1	Top-5 predictions:0	1	5	6	8

2026-07-23 11:30:18,532 Image Number:8	Target Label:1	Top-5 predictions:0	1	5	3	4

2026-07-23 11:30:18,532 Image Number:9	Target Label:1	Top-5 predictions:0	1	5	9	3

2026-07-23 11:30:18,532 Image Number:10	Target Label:1	Top-5 predictions:0	1	8	5	7

2026-07-23 11:30:18,532 Image Number:11	Target Label:1	Top-5 predictions:1	0	9	3	6

2026-07-23 11:30:18,533 Image Number:12	Target Label:1	Top-5 predictions:0	1	3	5	8

2026-07-23 11:30:18,533 Image Number:13	Target Label:1	Top-5 predictions:0	1	5	3	9

2026-07-23 11:30:18,533 Image Number:14	Target Label:1	Top-5 predictions:0	1	3	9	5

2026-07-23 11:30:18,533 Image Number:15	Target Label:1	Top-5 predictions:0	1	4	5	3

2026-07-23 11:30:18,533 Image Number:16	Target Label:1	Top-5 predictions:0	1	5	4	7

2026-07-23 11:30:18,533 Image Number:17	Target Label:1	Top-5 predictions:0	1	3	9	2

2026-07-23 11:30:18,533 Image Number:18	Target Label:1	Top-5 predictions:0	1	6	3	5

2026-07-23 11:30:18,533 Image Number:19	Target Label:1	Top-5 predictions:0	1	3	5	8

2026-07-23 11:30:18,534 Image Number:20	Target Label:1	Top-5 predictions:0	1	9	5	3

2026-07-23 11:30:18,534 Image Number:21	Target Label:1	Top-5 predictions:1	0	4	6	5

2026-07-23 11:30:18,534 Image Number:22	Target Label:1	Top-5 predictions:0	1	5	6	2

2026-07-23 11:30:18,534 Image Number:23	Target Label:1	Top-5 predictions:0	1	5	9	3

2026-07-23 11:30:18,534 Image Number:24	Target Label:1	Top-5 predictions:0	1	3	8	9

2026-07-23 11:30:18,534 Image Number:25	Target Label:1	Top-5 predictions:0	1	5	3	2

2026-07-23 11:30:18,534 Image Number:26	Target Label:1	Top-5 predictions:0	1	5	3	4

2026-07-23 11:30:18,534 Image Number:27	Target Label:1	Top-5 predictions:0	1	5	3	4

2026-07-23 11:30:18,534 Image Number:28	Target Label:1	Top-5 predictions:0	1	4	5	9

2026-07-23 11:30:18,535 Image Number:29	Target Label:1	Top-5 predictions:0	1	5	2	3

2026-07-23 11:30:18,535 Image Number:30	Target Label:1	Top-5 predictions:0	1	3	5	9

2026-07-23 11:30:18,535 Image Number:31	Target Label:1	Top-5 predictions:0	1	4	3	5

2026-07-23 11:30:18,535 Image Number:32	Target Label:1	Top-5 predictions:0	1	5	3	2

2026-07-23 11:30:18,535 Image Number:33	Target Label:1	Top-5 predictions:0	1	5	3	2

2026-07-23 11:30:18,535 Image Number:34	Target Label:1	Top-5 predictions:0	1	6	5	8

2026-07-23 11:30:18,535 Image Number:35	Target Label:1	Top-5 predictions:0	1	3	9	4

2026-07-23 11:30:18,535 Image Number:36	Target Label:1	Top-5 predictions:0	1	5	3	4

2026-07-23 11:30:18,535 Image Number:37	Target Label:1	Top-5 predictions:0	1	5	3	8

2026-07-23 11:30:18,535 Image Number:38	Target Label:1	Top-5 predictions:0	1	5	3	2

2026-07-23 11:30:18,536 Image Number:39	Target Label:1	Top-5 predictions:0	1	9	3	5

2026-07-23 11:30:18,536 Image Number:40	Target Label:1	Top-5 predictions:0	1	3	9	5

2026-07-23 11:30:18,536 Image Number:41	Target Label:1	Top-5 predictions:0	1	4	5	3

2026-07-23 11:30:18,536 Image Number:42	Target Label:1	Top-5 predictions:0	1	3	9	4

2026-07-23 11:30:18,536 Image Number:43	Target Label:1	Top-5 predictions:0	1	5	9	3

2026-07-23 11:30:18,536 Image Number:44	Target Label:1	Top-5 predictions:0	1	2	8	5

2026-07-23 11:30:18,536 Image Number:45	Target Label:1	Top-5 predictions:0	1	5	4	6

2026-07-23 11:30:18,536 Image Number:46	Target Label:1	Top-5 predictions:0	1	3	5	9

2026-07-23 11:30:18,536 Image Number:47	Target Label:1	Top-5 predictions:0	1	5	9	3

2026-07-23 11:30:18,537 Image Number:48	Target Label:1	Top-5 predictions:0	1	5	4	3

2026-07-23 11:30:18,537 Image Number:49	Target Label:1	Top-5 predictions:0	1	8	2	5

2026-07-23 11:30:20,810 Image Number:0	Target Label:1	Top-5 predictions:0	1	8	4	2

2026-07-23 11:30:20,810 Image Number:1	Target Label:1	Top-5 predictions:1	0	3	5	9

2026-07-23 11:30:20,810 Image Number:2	Target Label:1	Top-5 predictions:0	1	3	5	2

2026-07-23 11:30:20,810 Image Number:3	Target Label:1	Top-5 predictions:0	1	3	5	9

2026-07-23 11:30:20,810 Image Number:4	Target Label:1	Top-5 predictions:0	1	5	8	2

2026-07-23 11:30:20,810 Image Number:5	Target Label:1	Top-5 predictions:0	1	4	6	5

2026-07-23 11:30:20,810 Image Number:6	Target Label:1	Top-5 predictions:0	1	5	8	3

2026-07-23 11:30:20,811 Image Number:7	Target Label:1	Top-5 predictions:0	1	5	6	8

2026-07-23 11:30:20,811 Image Number:8	Target Label:1	Top-5 predictions:1	0	5	3	4

2026-07-23 11:30:20,811 Image Number:9	Target Label:1	Top-5 predictions:0	1	5	9	3

2026-07-23 11:30:20,811 Image Number:10	Target Label:1	Top-5 predictions:0	1	8	5	7

2026-07-23 11:30:20,811 Image Number:11	Target Label:1	Top-5 predictions:1	0	9	3	6

2026-07-23 11:30:20,811 Image Number:12	Target Label:1	Top-5 predictions:0	1	3	5	8

2026-07-23 11:30:20,811 Image Number:13	Target Label:1	Top-5 predictions:0	1	5	3	9

2026-07-23 11:30:20,811 Image Number:14	Target Label:1	Top-5 predictions:0	1	3	9	5

2026-07-23 11:30:20,812 Image Number:15	Target Label:1	Top-5 predictions:0	1	4	5	3

2026-07-23 11:30:20,812 Image Number:16	Target Label:1	Top-5 predictions:0	1	5	4	7

2026-07-23 11:30:20,812 Image Number:17	Target Label:1	Top-5 predictions:0	1	3	9	2

2026-07-23 11:30:20,812 Image Number:18	Target Label:1	Top-5 predictions:0	1	6	3	5

2026-07-23 11:30:20,812 Image Number:19	Target Label:1	Top-5 predictions:0	1	3	5	8

2026-07-23 11:30:20,812 Image Number:20	Target Label:1	Top-5 predictions:1	0	9	5	3

2026-07-23 11:30:20,812 Image Number:21	Target Label:1	Top-5 predictions:1	0	4	6	5

2026-07-23 11:30:20,812 Image Number:22	Target Label:1	Top-5 predictions:0	1	5	6	2

2026-07-23 11:30:20,812 Image Number:23	Target Label:1	Top-5 predictions:0	1	5	9	3

2026-07-23 11:30:20,813 Image Number:24	Target Label:1	Top-5 predictions:0	1	3	8	9

2026-07-23 11:30:20,813 Image Number:25	Target Label:1	Top-5 predictions:0	1	5	3	2

2026-07-23 11:30:20,813 Image Number:26	Target Label:1	Top-5 predictions:0	1	5	3	4

2026-07-23 11:30:20,813 Image Number:27	Target Label:1	Top-5 predictions:0	1	5	3	4

2026-07-23 11:30:20,813 Image Number:28	Target Label:1	Top-5 predictions:0	1	4	5	9

2026-07-23 11:30:20,813 Image Number:29	Target Label:1	Top-5 predictions:0	1	5	2	3

2026-07-23 11:30:20,813 Image Number:30	Target Label:1	Top-5 predictions:0	1	3	5	9

2026-07-23 11:30:20,813 Image Number:31	Target Label:1	Top-5 predictions:0	1	4	3	5

2026-07-23 11:30:20,813 Image Number:32	Target Label:1	Top-5 predictions:0	1	5	3	2

2026-07-23 11:30:20,814 Image Number:33	Target Label:1	Top-5 predictions:0	1	5	3	2

2026-07-23 11:30:20,814 Image Number:34	Target Label:1	Top-5 predictions:0	1	6	5	8

2026-07-23 11:30:20,814 Image Number:35	Target Label:1	Top-5 predictions:0	1	3	9	4

2026-07-23 11:30:20,814 Image Number:36	Target Label:1	Top-5 predictions:0	1	5	3	4

2026-07-23 11:30:20,814 Image Number:37	Target Label:1	Top-5 predictions:0	1	5	3	8

2026-07-23 11:30:20,814 Image Number:38	Target Label:1	Top-5 predictions:0	1	5	3	2

2026-07-23 11:30:20,814 Image Number:39	Target Label:1	Top-5 predictions:0	1	9	3	5

2026-07-23 11:30:20,814 Image Number:40	Target Label:1	Top-5 predictions:0	1	3	9	5

2026-07-23 11:30:20,814 Image Number:41	Target Label:1	Top-5 predictions:0	1	4	5	3

2026-07-23 11:30:20,815 Image Number:42	Target Label:1	Top-5 predictions:1	0	3	9	4

2026-07-23 11:30:20,815 Image Number:43	Target Label:1	Top-5 predictions:0	1	5	9	3

2026-07-23 11:30:20,815 Image Number:44	Target Label:1	Top-5 predictions:0	1	2	8	5

2026-07-23 11:30:20,815 Image Number:45	Target Label:1	Top-5 predictions:0	1	5	4	6

2026-07-23 11:30:20,815 Image Number:46	Target Label:1	Top-5 predictions:0	1	3	5	9

2026-07-23 11:30:20,815 Image Number:47	Target Label:1	Top-5 predictions:1	0	5	9	3

2026-07-23 11:30:20,815 Image Number:48	Target Label:1	Top-5 predictions:0	1	5	4	3

2026-07-23 11:30:20,815 Image Number:49	Target Label:1	Top-5 predictions:0	1	8	2	9

2026-07-23 11:30:23,091 Image Number:0	Target Label:1	Top-5 predictions:0	1	4	8	2

2026-07-23 11:30:23,091 Image Number:1	Target Label:1	Top-5 predictions:1	0	3	5	9

2026-07-23 11:30:23,091 Image Number:2	Target Label:1	Top-5 predictions:0	1	3	5	2

2026-07-23 11:30:23,091 Image Number:3	Target Label:1	Top-5 predictions:0	1	3	5	9

2026-07-23 11:30:23,092 Image Number:4	Target Label:1	Top-5 predictions:0	1	5	8	2

2026-07-23 11:30:23,092 Image Number:5	Target Label:1	Top-5 predictions:0	1	4	6	5

2026-07-23 11:30:23,092 Image Number:6	Target Label:1	Top-5 predictions:0	1	5	8	3

2026-07-23 11:30:23,092 Image Number:7	Target Label:1	Top-5 predictions:0	1	5	6	8

2026-07-23 11:30:23,092 Image Number:8	Target Label:1	Top-5 predictions:1	0	5	3	4

2026-07-23 11:30:23,092 Image Number:9	Target Label:1	Top-5 predictions:1	0	5	9	3

2026-07-23 11:30:23,092 Image Number:10	Target Label:1	Top-5 predictions:0	1	8	5	7

2026-07-23 11:30:23,093 Image Number:11	Target Label:1	Top-5 predictions:1	0	9	3	6

2026-07-23 11:30:23,093 Image Number:12	Target Label:1	Top-5 predictions:0	1	3	5	8

2026-07-23 11:30:23,093 Image Number:13	Target Label:1	Top-5 predictions:0	1	5	3	9

2026-07-23 11:30:23,093 Image Number:14	Target Label:1	Top-5 predictions:0	1	3	9	4

2026-07-23 11:30:23,093 Image Number:15	Target Label:1	Top-5 predictions:0	1	4	5	3

2026-07-23 11:30:23,093 Image Number:16	Target Label:1	Top-5 predictions:0	1	5	4	7

2026-07-23 11:30:23,094 Image Number:17	Target Label:1	Top-5 predictions:1	0	3	2	9

2026-07-23 11:30:23,094 Image Number:18	Target Label:1	Top-5 predictions:0	1	6	3	5

2026-07-23 11:30:23,094 Image Number:19	Target Label:1	Top-5 predictions:1	0	3	5	8

2026-07-23 11:30:23,094 Image Number:20	Target Label:1	Top-5 predictions:1	0	9	5	3

2026-07-23 11:30:23,094 Image Number:21	Target Label:1	Top-5 predictions:1	0	4	6	5

2026-07-23 11:30:23,094 Image Number:22	Target Label:1	Top-5 predictions:0	1	5	6	2

2026-07-23 11:30:23,094 Image Number:23	Target Label:1	Top-5 predictions:0	1	5	9	3

2026-07-23 11:30:23,095 Image Number:24	Target Label:1	Top-5 predictions:0	1	3	8	9

2026-07-23 11:30:23,095 Image Number:25	Target Label:1	Top-5 predictions:0	1	5	3	2

2026-07-23 11:30:23,095 Image Number:26	Target Label:1	Top-5 predictions:0	1	5	3	4

2026-07-23 11:30:23,095 Image Number:27	Target Label:1	Top-5 predictions:0	1	5	3	4

2026-07-23 11:30:23,095 Image Number:28	Target Label:1	Top-5 predictions:0	1	4	5	9

2026-07-23 11:30:23,095 Image Number:29	Target Label:1	Top-5 predictions:0	1	5	2	3

2026-07-23 11:30:23,095 Image Number:30	Target Label:1	Top-5 predictions:0	1	3	5	4

2026-07-23 11:30:23,096 Image Number:31	Target Label:1	Top-5 predictions:0	1	4	3	5

2026-07-23 11:30:23,096 Image Number:32	Target Label:1	Top-5 predictions:1	0	5	3	2

2026-07-23 11:30:23,096 Image Number:33	Target Label:1	Top-5 predictions:0	1	5	3	2

2026-07-23 11:30:23,096 Image Number:34	Target Label:1	Top-5 predictions:0	1	6	8	5

2026-07-23 11:30:23,096 Image Number:35	Target Label:1	Top-5 predictions:0	1	3	9	4

2026-07-23 11:30:23,096 Image Number:36	Target Label:1	Top-5 predictions:0	1	5	3	4

2026-07-23 11:30:23,097 Image Number:37	Target Label:1	Top-5 predictions:0	1	5	3	8

2026-07-23 11:30:23,097 Image Number:38	Target Label:1	Top-5 predictions:0	1	5	3	2

2026-07-23 11:30:23,097 Image Number:39	Target Label:1	Top-5 predictions:0	1	9	3	5

2026-07-23 11:30:23,097 Image Number:40	Target Label:1	Top-5 predictions:1	0	3	9	5

2026-07-23 11:30:23,097 Image Number:41	Target Label:1	Top-5 predictions:0	1	4	3	5

2026-07-23 11:30:23,097 Image Number:42	Target Label:1	Top-5 predictions:1	0	3	9	4

2026-07-23 11:30:23,097 Image Number:43	Target Label:1	Top-5 predictions:0	1	5	9	3

2026-07-23 11:30:23,098 Image Number:44	Target Label:1	Top-5 predictions:0	1	2	8	5

2026-07-23 11:30:23,098 Image Number:45	Target Label:1	Top-5 predictions:0	1	5	4	6

2026-07-23 11:30:23,098 Image Number:46	Target Label:1	Top-5 predictions:0	1	3	5	9

2026-07-23 11:30:23,098 Image Number:47	Target Label:1	Top-5 predictions:1	0	5	9	3

2026-07-23 11:30:23,098 Image Number:48	Target Label:1	Top-5 predictions:1	0	5	4	3

2026-07-23 11:30:23,098 Image Number:49	Target Label:1	Top-5 predictions:0	1	8	2	9

2026-07-23 11:30:25,333 Image Number:0	Target Label:1	Top-5 predictions:0	1	4	8	2

2026-07-23 11:30:25,334 Image Number:1	Target Label:1	Top-5 predictions:1	0	3	5	9

2026-07-23 11:30:25,334 Image Number:2	Target Label:1	Top-5 predictions:1	0	3	5	2

2026-07-23 11:30:25,334 Image Number:3	Target Label:1	Top-5 predictions:1	0	3	5	9

2026-07-23 11:30:25,334 Image Number:4	Target Label:1	Top-5 predictions:0	1	5	8	2

2026-07-23 11:30:25,334 Image Number:5	Target Label:1	Top-5 predictions:0	1	4	6	5

2026-07-23 11:30:25,334 Image Number:6	Target Label:1	Top-5 predictions:0	1	5	8	3

2026-07-23 11:30:25,335 Image Number:7	Target Label:1	Top-5 predictions:0	1	5	6	8

2026-07-23 11:30:25,335 Image Number:8	Target Label:1	Top-5 predictions:1	0	5	3	4

2026-07-23 11:30:25,335 Image Number:9	Target Label:1	Top-5 predictions:1	0	5	9	3

2026-07-23 11:30:25,335 Image Number:10	Target Label:1	Top-5 predictions:0	1	8	5	7

2026-07-23 11:30:25,335 Image Number:11	Target Label:1	Top-5 predictions:1	0	9	3	6

2026-07-23 11:30:25,335 Image Number:12	Target Label:1	Top-5 predictions:0	1	3	5	8

2026-07-23 11:30:25,335 Image Number:13	Target Label:1	Top-5 predictions:0	1	5	3	9

2026-07-23 11:30:25,336 Image Number:14	Target Label:1	Top-5 predictions:0	1	3	9	4

2026-07-23 11:30:25,336 Image Number:15	Target Label:1	Top-5 predictions:0	1	4	5	3

2026-07-23 11:30:25,336 Image Number:16	Target Label:1	Top-5 predictions:0	1	5	4	6

2026-07-23 11:30:25,336 Image Number:17	Target Label:1	Top-5 predictions:1	0	3	2	9

2026-07-23 11:30:25,336 Image Number:18	Target Label:1	Top-5 predictions:0	1	6	3	5

2026-07-23 11:30:25,336 Image Number:19	Target Label:1	Top-5 predictions:1	0	3	5	8

2026-07-23 11:30:25,336 Image Number:20	Target Label:1	Top-5 predictions:1	0	9	5	3

2026-07-23 11:30:25,336 Image Number:21	Target Label:1	Top-5 predictions:1	0	4	6	5

2026-07-23 11:30:25,337 Image Number:22	Target Label:1	Top-5 predictions:0	1	5	6	2

2026-07-23 11:30:25,337 Image Number:23	Target Label:1	Top-5 predictions:1	0	5	9	3

2026-07-23 11:30:25,337 Image Number:24	Target Label:1	Top-5 predictions:0	1	3	8	9

2026-07-23 11:30:25,337 Image Number:25	Target Label:1	Top-5 predictions:0	1	5	3	2

2026-07-23 11:30:25,337 Image Number:26	Target Label:1	Top-5 predictions:0	1	5	3	4

2026-07-23 11:30:25,337 Image Number:27	Target Label:1	Top-5 predictions:0	1	5	3	4

2026-07-23 11:30:25,337 Image Number:28	Target Label:1	Top-5 predictions:0	1	4	5	9

2026-07-23 11:30:25,338 Image Number:29	Target Label:1	Top-5 predictions:0	1	5	2	3

2026-07-23 11:30:25,338 Image Number:30	Target Label:1	Top-5 predictions:0	1	3	5	4

2026-07-23 11:30:25,338 Image Number:31	Target Label:1	Top-5 predictions:0	1	4	3	5

2026-07-23 11:30:25,338 Image Number:32	Target Label:1	Top-5 predictions:1	0	5	3	2

2026-07-23 11:30:25,338 Image Number:33	Target Label:1	Top-5 predictions:0	1	5	3	2

2026-07-23 11:30:25,338 Image Number:34	Target Label:1	Top-5 predictions:1	0	6	8	5

2026-07-23 11:30:25,338 Image Number:35	Target Label:1	Top-5 predictions:1	0	3	9	4

2026-07-23 11:30:25,338 Image Number:36	Target Label:1	Top-5 predictions:0	1	5	3	4

2026-07-23 11:30:25,339 Image Number:37	Target Label:1	Top-5 predictions:0	1	5	3	8

2026-07-23 11:30:25,339 Image Number:38	Target Label:1	Top-5 predictions:0	1	5	3	2

2026-07-23 11:30:25,339 Image Number:39	Target Label:1	Top-5 predictions:0	1	9	3	5

2026-07-23 11:30:25,339 Image Number:40	Target Label:1	Top-5 predictions:1	0	3	9	5

2026-07-23 11:30:25,339 Image Number:41	Target Label:1	Top-5 predictions:0	1	4	3	5

2026-07-23 11:30:25,339 Image Number:42	Target Label:1	Top-5 predictions:1	0	3	4	9

2026-07-23 11:30:25,339 Image Number:43	Target Label:1	Top-5 predictions:1	0	5	9	3

2026-07-23 11:30:25,339 Image Number:44	Target Label:1	Top-5 predictions:0	1	2	8	5

2026-07-23 11:30:25,340 Image Number:45	Target Label:1	Top-5 predictions:0	1	5	4	6

2026-07-23 11:30:25,340 Image Number:46	Target Label:1	Top-5 predictions:1	0	3	5	9

2026-07-23 11:30:25,340 Image Number:47	Target Label:1	Top-5 predictions:1	0	5	9	3

2026-07-23 11:30:25,340 Image Number:48	Target Label:1	Top-5 predictions:1	0	5	4	3

2026-07-23 11:30:25,340 Image Number:49	Target Label:1	Top-5 predictions:0	1	8	2	9

2026-07-23 11:30:25,688 train Loss: 0.0620 Acc: 0.9901
2026-07-23 11:30:26,767 test Loss: 0.0580 Acc: 0.9960
2026-07-23 11:30:26,768 Better model found!
2026-07-23 11:30:27,232 notpatched Loss: 2.9602 Acc: 0.0000
2026-07-23 11:30:27,690 patched Loss: 0.9409 Acc: 0.4200
2026-07-23 11:30:27,690 Patched Targeted Attack Success Rate: Mean 0.420
2026-07-23 11:30:27,690 Epoch 3/9
2026-07-23 11:30:27,690 ----------
2026-07-23 11:30:30,395 Image Number:0	Target Label:1	Top-5 predictions:0	1	4	8	2

2026-07-23 11:30:30,395 Image Number:1	Target Label:1	Top-5 predictions:1	0	3	5	9

2026-07-23 11:30:30,395 Image Number:2	Target Label:1	Top-5 predictions:1	0	3	5	2

2026-07-23 11:30:30,396 Image Number:3	Target Label:1	Top-5 predictions:1	0	3	5	9

2026-07-23 11:30:30,396 Image Number:4	Target Label:1	Top-5 predictions:1	0	5	8	2

2026-07-23 11:30:30,396 Image Number:5	Target Label:1	Top-5 predictions:0	1	4	6	5

2026-07-23 11:30:30,396 Image Number:6	Target Label:1	Top-5 predictions:0	1	5	8	3

2026-07-23 11:30:30,396 Image Number:7	Target Label:1	Top-5 predictions:0	1	5	6	8

2026-07-23 11:30:30,396 Image Number:8	Target Label:1	Top-5 predictions:1	0	5	3	4

2026-07-23 11:30:30,396 Image Number:9	Target Label:1	Top-5 predictions:1	0	5	9	3

2026-07-23 11:30:30,396 Image Number:10	Target Label:1	Top-5 predictions:0	1	8	5	7

2026-07-23 11:30:30,396 Image Number:11	Target Label:1	Top-5 predictions:1	0	9	3	6

2026-07-23 11:30:30,397 Image Number:12	Target Label:1	Top-5 predictions:1	0	3	5	8

2026-07-23 11:30:30,397 Image Number:13	Target Label:1	Top-5 predictions:0	1	5	3	9

2026-07-23 11:30:30,397 Image Number:14	Target Label:1	Top-5 predictions:0	1	3	9	4

2026-07-23 11:30:30,397 Image Number:15	Target Label:1	Top-5 predictions:0	1	4	5	3

2026-07-23 11:30:30,397 Image Number:16	Target Label:1	Top-5 predictions:0	1	5	4	6

2026-07-23 11:30:30,397 Image Number:17	Target Label:1	Top-5 predictions:1	0	3	2	9

2026-07-23 11:30:30,397 Image Number:18	Target Label:1	Top-5 predictions:0	1	6	3	5

2026-07-23 11:30:30,397 Image Number:19	Target Label:1	Top-5 predictions:1	0	3	5	8

2026-07-23 11:30:30,398 Image Number:20	Target Label:1	Top-5 predictions:1	0	9	5	3

2026-07-23 11:30:30,398 Image Number:21	Target Label:1	Top-5 predictions:1	0	4	6	5

2026-07-23 11:30:30,398 Image Number:22	Target Label:1	Top-5 predictions:0	1	5	6	2

2026-07-23 11:30:30,398 Image Number:23	Target Label:1	Top-5 predictions:1	0	5	9	3

2026-07-23 11:30:30,398 Image Number:24	Target Label:1	Top-5 predictions:0	1	3	8	9

2026-07-23 11:30:30,398 Image Number:25	Target Label:1	Top-5 predictions:0	1	5	3	2

2026-07-23 11:30:30,398 Image Number:26	Target Label:1	Top-5 predictions:0	1	5	3	4

2026-07-23 11:30:30,398 Image Number:27	Target Label:1	Top-5 predictions:0	1	5	3	4

2026-07-23 11:30:30,398 Image Number:28	Target Label:1	Top-5 predictions:0	1	4	5	9

2026-07-23 11:30:30,399 Image Number:29	Target Label:1	Top-5 predictions:0	1	5	2	3

2026-07-23 11:30:30,399 Image Number:30	Target Label:1	Top-5 predictions:0	1	3	5	4

2026-07-23 11:30:30,399 Image Number:31	Target Label:1	Top-5 predictions:0	1	4	3	5

2026-07-23 11:30:30,399 Image Number:32	Target Label:1	Top-5 predictions:1	0	5	3	2

2026-07-23 11:30:30,399 Image Number:33	Target Label:1	Top-5 predictions:0	1	5	3	2

2026-07-23 11:30:30,399 Image Number:34	Target Label:1	Top-5 predictions:1	0	6	8	5

2026-07-23 11:30:30,399 Image Number:35	Target Label:1	Top-5 predictions:1	0	3	9	4

2026-07-23 11:30:30,399 Image Number:36	Target Label:1	Top-5 predictions:0	1	5	3	4

2026-07-23 11:30:30,400 Image Number:37	Target Label:1	Top-5 predictions:0	1	5	3	8

2026-07-23 11:30:30,400 Image Number:38	Target Label:1	Top-5 predictions:0	1	5	3	2

2026-07-23 11:30:30,400 Image Number:39	Target Label:1	Top-5 predictions:0	1	9	3	5

2026-07-23 11:30:30,400 Image Number:40	Target Label:1	Top-5 predictions:1	0	3	9	5

2026-07-23 11:30:30,400 Image Number:41	Target Label:1	Top-5 predictions:0	1	4	3	5

2026-07-23 11:30:30,400 Image Number:42	Target Label:1	Top-5 predictions:1	0	3	4	9

2026-07-23 11:30:30,400 Image Number:43	Target Label:1	Top-5 predictions:1	0	5	9	3

2026-07-23 11:30:30,401 Image Number:44	Target Label:1	Top-5 predictions:0	1	2	8	5

2026-07-23 11:30:30,401 Image Number:45	Target Label:1	Top-5 predictions:0	1	5	4	2

2026-07-23 11:30:30,401 Image Number:46	Target Label:1	Top-5 predictions:1	0	3	5	9

2026-07-23 11:30:30,401 Image Number:47	Target Label:1	Top-5 predictions:1	0	5	9	3

2026-07-23 11:30:30,401 Image Number:48	Target Label:1	Top-5 predictions:1	0	5	4	3

2026-07-23 11:30:30,401 Image Number:49	Target Label:1	Top-5 predictions:0	1	8	2	9

2026-07-23 11:30:32,677 Image Number:0	Target Label:1	Top-5 predictions:0	1	4	8	2

2026-07-23 11:30:32,677 Image Number:1	Target Label:1	Top-5 predictions:1	0	3	5	9

2026-07-23 11:30:32,677 Image Number:2	Target Label:1	Top-5 predictions:1	0	3	5	2

2026-07-23 11:30:32,677 Image Number:3	Target Label:1	Top-5 predictions:1	0	3	5	9

2026-07-23 11:30:32,677 Image Number:4	Target Label:1	Top-5 predictions:1	0	5	8	2

2026-07-23 11:30:32,678 Image Number:5	Target Label:1	Top-5 predictions:0	1	4	6	5

2026-07-23 11:30:32,678 Image Number:6	Target Label:1	Top-5 predictions:1	0	5	8	3

2026-07-23 11:30:32,678 Image Number:7	Target Label:1	Top-5 predictions:0	1	5	6	8

2026-07-23 11:30:32,678 Image Number:8	Target Label:1	Top-5 predictions:1	0	5	3	4

2026-07-23 11:30:32,678 Image Number:9	Target Label:1	Top-5 predictions:1	0	5	9	3

2026-07-23 11:30:32,678 Image Number:10	Target Label:1	Top-5 predictions:0	1	8	5	7

2026-07-23 11:30:32,679 Image Number:11	Target Label:1	Top-5 predictions:1	0	9	3	6

2026-07-23 11:30:32,679 Image Number:12	Target Label:1	Top-5 predictions:1	0	3	5	8

2026-07-23 11:30:32,679 Image Number:13	Target Label:1	Top-5 predictions:0	1	5	3	9

2026-07-23 11:30:32,679 Image Number:14	Target Label:1	Top-5 predictions:0	1	3	9	4

2026-07-23 11:30:32,679 Image Number:15	Target Label:1	Top-5 predictions:0	1	4	3	5

2026-07-23 11:30:32,679 Image Number:16	Target Label:1	Top-5 predictions:0	1	5	4	6

2026-07-23 11:30:32,679 Image Number:17	Target Label:1	Top-5 predictions:1	0	3	2	9

2026-07-23 11:30:32,680 Image Number:18	Target Label:1	Top-5 predictions:0	1	6	3	5

2026-07-23 11:30:32,680 Image Number:19	Target Label:1	Top-5 predictions:1	0	3	5	8

2026-07-23 11:30:32,680 Image Number:20	Target Label:1	Top-5 predictions:1	0	9	5	3

2026-07-23 11:30:32,680 Image Number:21	Target Label:1	Top-5 predictions:1	0	4	6	5

2026-07-23 11:30:32,680 Image Number:22	Target Label:1	Top-5 predictions:0	1	5	6	2

2026-07-23 11:30:32,680 Image Number:23	Target Label:1	Top-5 predictions:1	0	5	9	3

2026-07-23 11:30:32,681 Image Number:24	Target Label:1	Top-5 predictions:0	1	3	8	9

2026-07-23 11:30:32,681 Image Number:25	Target Label:1	Top-5 predictions:1	0	5	3	2

2026-07-23 11:30:32,681 Image Number:26	Target Label:1	Top-5 predictions:0	1	5	3	4

2026-07-23 11:30:32,681 Image Number:27	Target Label:1	Top-5 predictions:0	1	5	3	4

2026-07-23 11:30:32,681 Image Number:28	Target Label:1	Top-5 predictions:0	1	4	5	9

2026-07-23 11:30:32,681 Image Number:29	Target Label:1	Top-5 predictions:0	1	5	2	3

2026-07-23 11:30:32,681 Image Number:30	Target Label:1	Top-5 predictions:0	1	3	5	4

2026-07-23 11:30:32,681 Image Number:31	Target Label:1	Top-5 predictions:0	1	4	3	5

2026-07-23 11:30:32,681 Image Number:32	Target Label:1	Top-5 predictions:1	0	5	3	2

2026-07-23 11:30:32,682 Image Number:33	Target Label:1	Top-5 predictions:0	1	5	3	2

2026-07-23 11:30:32,682 Image Number:34	Target Label:1	Top-5 predictions:1	0	6	8	5

2026-07-23 11:30:32,682 Image Number:35	Target Label:1	Top-5 predictions:1	0	3	9	4

2026-07-23 11:30:32,682 Image Number:36	Target Label:1	Top-5 predictions:0	1	5	3	4

2026-07-23 11:30:32,682 Image Number:37	Target Label:1	Top-5 predictions:0	1	5	3	8

2026-07-23 11:30:32,682 Image Number:38	Target Label:1	Top-5 predictions:1	0	5	3	2

2026-07-23 11:30:32,682 Image Number:39	Target Label:1	Top-5 predictions:0	1	9	3	5

2026-07-23 11:30:32,682 Image Number:40	Target Label:1	Top-5 predictions:1	0	3	9	5

2026-07-23 11:30:32,682 Image Number:41	Target Label:1	Top-5 predictions:0	1	4	3	5

2026-07-23 11:30:32,683 Image Number:42	Target Label:1	Top-5 predictions:1	0	3	4	9

2026-07-23 11:30:32,683 Image Number:43	Target Label:1	Top-5 predictions:1	0	5	9	3

2026-07-23 11:30:32,683 Image Number:44	Target Label:1	Top-5 predictions:0	1	2	8	5

2026-07-23 11:30:32,683 Image Number:45	Target Label:1	Top-5 predictions:0	1	5	4	2

2026-07-23 11:30:32,683 Image Number:46	Target Label:1	Top-5 predictions:1	0	3	5	9

2026-07-23 11:30:32,683 Image Number:47	Target Label:1	Top-5 predictions:1	0	5	9	3

2026-07-23 11:30:32,683 Image Number:48	Target Label:1	Top-5 predictions:1	0	5	4	3

2026-07-23 11:30:32,683 Image Number:49	Target Label:1	Top-5 predictions:0	1	8	2	9

2026-07-23 11:30:34,946 Image Number:0	Target Label:1	Top-5 predictions:0	1	4	8	2

2026-07-23 11:30:34,947 Image Number:1	Target Label:1	Top-5 predictions:1	0	3	5	9

2026-07-23 11:30:34,947 Image Number:2	Target Label:1	Top-5 predictions:1	0	3	5	2

2026-07-23 11:30:34,947 Image Number:3	Target Label:1	Top-5 predictions:1	0	3	5	9

2026-07-23 11:30:34,947 Image Number:4	Target Label:1	Top-5 predictions:1	0	5	8	2

2026-07-23 11:30:34,947 Image Number:5	Target Label:1	Top-5 predictions:0	1	4	6	5

2026-07-23 11:30:34,947 Image Number:6	Target Label:1	Top-5 predictions:1	0	5	8	3

2026-07-23 11:30:34,947 Image Number:7	Target Label:1	Top-5 predictions:0	1	5	6	8

2026-07-23 11:30:34,947 Image Number:8	Target Label:1	Top-5 predictions:1	0	5	3	4

2026-07-23 11:30:34,948 Image Number:9	Target Label:1	Top-5 predictions:1	0	5	9	3

2026-07-23 11:30:34,948 Image Number:10	Target Label:1	Top-5 predictions:0	1	8	5	7

2026-07-23 11:30:34,948 Image Number:11	Target Label:1	Top-5 predictions:1	0	9	3	6

2026-07-23 11:30:34,948 Image Number:12	Target Label:1	Top-5 predictions:1	0	3	5	8

2026-07-23 11:30:34,948 Image Number:13	Target Label:1	Top-5 predictions:0	1	5	3	9

2026-07-23 11:30:34,948 Image Number:14	Target Label:1	Top-5 predictions:0	1	3	9	4

2026-07-23 11:30:34,948 Image Number:15	Target Label:1	Top-5 predictions:0	1	4	3	5

2026-07-23 11:30:34,948 Image Number:16	Target Label:1	Top-5 predictions:0	1	5	4	6

2026-07-23 11:30:34,948 Image Number:17	Target Label:1	Top-5 predictions:1	0	3	2	9

2026-07-23 11:30:34,949 Image Number:18	Target Label:1	Top-5 predictions:0	1	6	3	5

2026-07-23 11:30:34,949 Image Number:19	Target Label:1	Top-5 predictions:1	0	3	5	8

2026-07-23 11:30:34,949 Image Number:20	Target Label:1	Top-5 predictions:1	0	9	5	3

2026-07-23 11:30:34,949 Image Number:21	Target Label:1	Top-5 predictions:1	0	4	6	5

2026-07-23 11:30:34,949 Image Number:22	Target Label:1	Top-5 predictions:0	1	5	6	2

2026-07-23 11:30:34,949 Image Number:23	Target Label:1	Top-5 predictions:1	0	5	9	3

2026-07-23 11:30:34,949 Image Number:24	Target Label:1	Top-5 predictions:0	1	3	8	9

2026-07-23 11:30:34,949 Image Number:25	Target Label:1	Top-5 predictions:1	0	5	3	2

2026-07-23 11:30:34,949 Image Number:26	Target Label:1	Top-5 predictions:0	1	5	3	4

2026-07-23 11:30:34,950 Image Number:27	Target Label:1	Top-5 predictions:0	1	5	3	4

2026-07-23 11:30:34,950 Image Number:28	Target Label:1	Top-5 predictions:0	1	4	5	9

2026-07-23 11:30:34,950 Image Number:29	Target Label:1	Top-5 predictions:0	1	5	2	3

2026-07-23 11:30:34,950 Image Number:30	Target Label:1	Top-5 predictions:0	1	3	5	4

2026-07-23 11:30:34,950 Image Number:31	Target Label:1	Top-5 predictions:0	1	4	3	5

2026-07-23 11:30:34,950 Image Number:32	Target Label:1	Top-5 predictions:1	0	5	3	2

2026-07-23 11:30:34,950 Image Number:33	Target Label:1	Top-5 predictions:0	1	5	3	2

2026-07-23 11:30:34,950 Image Number:34	Target Label:1	Top-5 predictions:1	0	6	8	5

2026-07-23 11:30:34,950 Image Number:35	Target Label:1	Top-5 predictions:1	0	3	9	4

2026-07-23 11:30:34,951 Image Number:36	Target Label:1	Top-5 predictions:0	1	5	3	4

2026-07-23 11:30:34,951 Image Number:37	Target Label:1	Top-5 predictions:0	1	5	3	8

2026-07-23 11:30:34,951 Image Number:38	Target Label:1	Top-5 predictions:1	0	5	3	2

2026-07-23 11:30:34,951 Image Number:39	Target Label:1	Top-5 predictions:0	1	9	3	5

2026-07-23 11:30:34,951 Image Number:40	Target Label:1	Top-5 predictions:1	0	3	9	5

2026-07-23 11:30:34,951 Image Number:41	Target Label:1	Top-5 predictions:0	1	4	3	5

2026-07-23 11:30:34,951 Image Number:42	Target Label:1	Top-5 predictions:1	0	3	4	9

2026-07-23 11:30:34,951 Image Number:43	Target Label:1	Top-5 predictions:1	0	5	9	3

2026-07-23 11:30:34,951 Image Number:44	Target Label:1	Top-5 predictions:0	1	2	8	5

2026-07-23 11:30:34,952 Image Number:45	Target Label:1	Top-5 predictions:0	1	5	4	2

2026-07-23 11:30:34,952 Image Number:46	Target Label:1	Top-5 predictions:1	0	3	5	9

2026-07-23 11:30:34,952 Image Number:47	Target Label:1	Top-5 predictions:1	0	5	9	3

2026-07-23 11:30:34,952 Image Number:48	Target Label:1	Top-5 predictions:1	0	5	4	3

2026-07-23 11:30:34,952 Image Number:49	Target Label:1	Top-5 predictions:0	1	8	2	9

2026-07-23 11:30:37,222 Image Number:0	Target Label:1	Top-5 predictions:0	1	4	8	2

2026-07-23 11:30:37,223 Image Number:1	Target Label:1	Top-5 predictions:1	0	3	5	9

2026-07-23 11:30:37,223 Image Number:2	Target Label:1	Top-5 predictions:1	0	3	5	2

2026-07-23 11:30:37,223 Image Number:3	Target Label:1	Top-5 predictions:1	0	3	5	9

2026-07-23 11:30:37,223 Image Number:4	Target Label:1	Top-5 predictions:1	0	5	8	2

2026-07-23 11:30:37,223 Image Number:5	Target Label:1	Top-5 predictions:0	1	4	6	5

2026-07-23 11:30:37,223 Image Number:6	Target Label:1	Top-5 predictions:1	0	5	8	3

2026-07-23 11:30:37,223 Image Number:7	Target Label:1	Top-5 predictions:0	1	5	6	8

2026-07-23 11:30:37,224 Image Number:8	Target Label:1	Top-5 predictions:1	0	5	3	4

2026-07-23 11:30:37,224 Image Number:9	Target Label:1	Top-5 predictions:1	0	5	9	3

2026-07-23 11:30:37,224 Image Number:10	Target Label:1	Top-5 predictions:0	1	8	5	7

2026-07-23 11:30:37,224 Image Number:11	Target Label:1	Top-5 predictions:1	0	9	3	6

2026-07-23 11:30:37,224 Image Number:12	Target Label:1	Top-5 predictions:1	0	3	5	8

2026-07-23 11:30:37,224 Image Number:13	Target Label:1	Top-5 predictions:0	1	5	3	9

2026-07-23 11:30:37,224 Image Number:14	Target Label:1	Top-5 predictions:0	1	3	9	4

2026-07-23 11:30:37,224 Image Number:15	Target Label:1	Top-5 predictions:0	1	4	3	5

2026-07-23 11:30:37,224 Image Number:16	Target Label:1	Top-5 predictions:0	1	5	4	6

2026-07-23 11:30:37,225 Image Number:17	Target Label:1	Top-5 predictions:1	0	3	2	9

2026-07-23 11:30:37,225 Image Number:18	Target Label:1	Top-5 predictions:0	1	6	3	5

2026-07-23 11:30:37,225 Image Number:19	Target Label:1	Top-5 predictions:1	0	3	5	8

2026-07-23 11:30:37,225 Image Number:20	Target Label:1	Top-5 predictions:1	0	9	5	3

2026-07-23 11:30:37,225 Image Number:21	Target Label:1	Top-5 predictions:1	0	4	6	5

2026-07-23 11:30:37,225 Image Number:22	Target Label:1	Top-5 predictions:0	1	5	6	2

2026-07-23 11:30:37,225 Image Number:23	Target Label:1	Top-5 predictions:1	0	5	9	3

2026-07-23 11:30:37,225 Image Number:24	Target Label:1	Top-5 predictions:1	0	3	8	9

2026-07-23 11:30:37,225 Image Number:25	Target Label:1	Top-5 predictions:1	0	3	5	2

2026-07-23 11:30:37,225 Image Number:26	Target Label:1	Top-5 predictions:0	1	5	3	4

2026-07-23 11:30:37,226 Image Number:27	Target Label:1	Top-5 predictions:0	1	5	3	4

2026-07-23 11:30:37,226 Image Number:28	Target Label:1	Top-5 predictions:0	1	4	5	9

2026-07-23 11:30:37,226 Image Number:29	Target Label:1	Top-5 predictions:0	1	5	2	3

2026-07-23 11:30:37,226 Image Number:30	Target Label:1	Top-5 predictions:0	1	3	5	4

2026-07-23 11:30:37,226 Image Number:31	Target Label:1	Top-5 predictions:0	1	4	3	5

2026-07-23 11:30:37,226 Image Number:32	Target Label:1	Top-5 predictions:1	0	5	3	2

2026-07-23 11:30:37,226 Image Number:33	Target Label:1	Top-5 predictions:0	1	5	3	2

2026-07-23 11:30:37,226 Image Number:34	Target Label:1	Top-5 predictions:1	0	6	8	5

2026-07-23 11:30:37,226 Image Number:35	Target Label:1	Top-5 predictions:1	0	3	9	4

2026-07-23 11:30:37,227 Image Number:36	Target Label:1	Top-5 predictions:0	1	5	3	4

2026-07-23 11:30:37,227 Image Number:37	Target Label:1	Top-5 predictions:0	1	5	3	8

2026-07-23 11:30:37,227 Image Number:38	Target Label:1	Top-5 predictions:1	0	5	3	2

2026-07-23 11:30:37,227 Image Number:39	Target Label:1	Top-5 predictions:0	1	9	3	5

2026-07-23 11:30:37,227 Image Number:40	Target Label:1	Top-5 predictions:1	0	3	9	5

2026-07-23 11:30:37,227 Image Number:41	Target Label:1	Top-5 predictions:0	1	4	3	5

2026-07-23 11:30:37,227 Image Number:42	Target Label:1	Top-5 predictions:1	0	3	4	9

2026-07-23 11:30:37,227 Image Number:43	Target Label:1	Top-5 predictions:1	0	5	9	3

2026-07-23 11:30:37,227 Image Number:44	Target Label:1	Top-5 predictions:0	1	2	8	9

2026-07-23 11:30:37,228 Image Number:45	Target Label:1	Top-5 predictions:0	1	5	4	2

2026-07-23 11:30:37,228 Image Number:46	Target Label:1	Top-5 predictions:1	0	3	5	9

2026-07-23 11:30:37,228 Image Number:47	Target Label:1	Top-5 predictions:1	0	5	9	3

2026-07-23 11:30:37,228 Image Number:48	Target Label:1	Top-5 predictions:1	0	5	4	3

2026-07-23 11:30:37,228 Image Number:49	Target Label:1	Top-5 predictions:0	1	8	2	9

2026-07-23 11:30:39,464 Image Number:0	Target Label:1	Top-5 predictions:0	1	4	8	2

2026-07-23 11:30:39,465 Image Number:1	Target Label:1	Top-5 predictions:1	0	3	5	9

2026-07-23 11:30:39,465 Image Number:2	Target Label:1	Top-5 predictions:1	0	3	5	2

2026-07-23 11:30:39,465 Image Number:3	Target Label:1	Top-5 predictions:1	0	3	5	9

2026-07-23 11:30:39,465 Image Number:4	Target Label:1	Top-5 predictions:1	0	5	8	2

2026-07-23 11:30:39,465 Image Number:5	Target Label:1	Top-5 predictions:0	1	4	6	5

2026-07-23 11:30:39,465 Image Number:6	Target Label:1	Top-5 predictions:1	0	5	8	3

2026-07-23 11:30:39,466 Image Number:7	Target Label:1	Top-5 predictions:0	1	5	6	8

2026-07-23 11:30:39,466 Image Number:8	Target Label:1	Top-5 predictions:1	0	5	3	4

2026-07-23 11:30:39,466 Image Number:9	Target Label:1	Top-5 predictions:1	0	5	9	3

2026-07-23 11:30:39,466 Image Number:10	Target Label:1	Top-5 predictions:1	0	8	5	7

2026-07-23 11:30:39,466 Image Number:11	Target Label:1	Top-5 predictions:1	0	9	3	6

2026-07-23 11:30:39,466 Image Number:12	Target Label:1	Top-5 predictions:1	0	3	5	8

2026-07-23 11:30:39,466 Image Number:13	Target Label:1	Top-5 predictions:0	1	5	3	9

2026-07-23 11:30:39,467 Image Number:14	Target Label:1	Top-5 predictions:0	1	3	9	4

2026-07-23 11:30:39,467 Image Number:15	Target Label:1	Top-5 predictions:0	1	4	3	5

2026-07-23 11:30:39,467 Image Number:16	Target Label:1	Top-5 predictions:0	1	5	6	4

2026-07-23 11:30:39,467 Image Number:17	Target Label:1	Top-5 predictions:1	0	3	2	9

2026-07-23 11:30:39,467 Image Number:18	Target Label:1	Top-5 predictions:0	1	6	3	5

2026-07-23 11:30:39,467 Image Number:19	Target Label:1	Top-5 predictions:1	0	3	5	8

2026-07-23 11:30:39,467 Image Number:20	Target Label:1	Top-5 predictions:1	0	9	5	3

2026-07-23 11:30:39,467 Image Number:21	Target Label:1	Top-5 predictions:1	0	4	6	5

2026-07-23 11:30:39,467 Image Number:22	Target Label:1	Top-5 predictions:0	1	5	6	2

2026-07-23 11:30:39,467 Image Number:23	Target Label:1	Top-5 predictions:1	0	5	9	3

2026-07-23 11:30:39,468 Image Number:24	Target Label:1	Top-5 predictions:1	0	3	8	9

2026-07-23 11:30:39,468 Image Number:25	Target Label:1	Top-5 predictions:1	0	3	5	2

2026-07-23 11:30:39,468 Image Number:26	Target Label:1	Top-5 predictions:0	1	5	3	4

2026-07-23 11:30:39,468 Image Number:27	Target Label:1	Top-5 predictions:0	1	5	3	4

2026-07-23 11:30:39,468 Image Number:28	Target Label:1	Top-5 predictions:0	1	4	5	9

2026-07-23 11:30:39,468 Image Number:29	Target Label:1	Top-5 predictions:0	1	5	2	3

2026-07-23 11:30:39,468 Image Number:30	Target Label:1	Top-5 predictions:0	1	3	5	4

2026-07-23 11:30:39,468 Image Number:31	Target Label:1	Top-5 predictions:0	1	4	3	5

2026-07-23 11:30:39,468 Image Number:32	Target Label:1	Top-5 predictions:1	0	5	3	2

2026-07-23 11:30:39,469 Image Number:33	Target Label:1	Top-5 predictions:0	1	5	3	2

2026-07-23 11:30:39,469 Image Number:34	Target Label:1	Top-5 predictions:1	0	6	8	5

2026-07-23 11:30:39,469 Image Number:35	Target Label:1	Top-5 predictions:1	0	3	9	4

2026-07-23 11:30:39,469 Image Number:36	Target Label:1	Top-5 predictions:0	1	5	3	4

2026-07-23 11:30:39,469 Image Number:37	Target Label:1	Top-5 predictions:0	1	5	3	8

2026-07-23 11:30:39,469 Image Number:38	Target Label:1	Top-5 predictions:1	0	5	3	2

2026-07-23 11:30:39,469 Image Number:39	Target Label:1	Top-5 predictions:0	1	9	3	5

2026-07-23 11:30:39,469 Image Number:40	Target Label:1	Top-5 predictions:1	0	3	9	5

2026-07-23 11:30:39,469 Image Number:41	Target Label:1	Top-5 predictions:0	1	4	3	5

2026-07-23 11:30:39,470 Image Number:42	Target Label:1	Top-5 predictions:1	0	3	4	9

2026-07-23 11:30:39,470 Image Number:43	Target Label:1	Top-5 predictions:1	0	5	9	3

2026-07-23 11:30:39,470 Image Number:44	Target Label:1	Top-5 predictions:0	1	2	8	9

2026-07-23 11:30:39,470 Image Number:45	Target Label:1	Top-5 predictions:0	1	5	4	2

2026-07-23 11:30:39,470 Image Number:46	Target Label:1	Top-5 predictions:1	0	3	5	9

2026-07-23 11:30:39,470 Image Number:47	Target Label:1	Top-5 predictions:1	0	5	9	3

2026-07-23 11:30:39,470 Image Number:48	Target Label:1	Top-5 predictions:1	0	5	4	3

2026-07-23 11:30:39,470 Image Number:49	Target Label:1	Top-5 predictions:0	1	8	2	9

2026-07-23 11:30:39,816 train Loss: 0.0467 Acc: 0.9960
2026-07-23 11:30:40,933 test Loss: 0.0468 Acc: 0.9960
2026-07-23 11:30:40,933 Better model found!
2026-07-23 11:30:41,408 notpatched Loss: 3.1666 Acc: 0.0000
2026-07-23 11:30:41,870 patched Loss: 0.7993 Acc: 0.5400
2026-07-23 11:30:41,870 Patched Targeted Attack Success Rate: Mean 0.540
2026-07-23 11:30:41,870 Epoch 4/9
2026-07-23 11:30:41,870 ----------
2026-07-23 11:30:44,557 Image Number:0	Target Label:1	Top-5 predictions:0	1	4	8	2

2026-07-23 11:30:44,557 Image Number:1	Target Label:1	Top-5 predictions:1	0	3	5	9

2026-07-23 11:30:44,558 Image Number:2	Target Label:1	Top-5 predictions:1	0	3	5	2

2026-07-23 11:30:44,558 Image Number:3	Target Label:1	Top-5 predictions:1	0	3	5	9

2026-07-23 11:30:44,558 Image Number:4	Target Label:1	Top-5 predictions:1	0	5	8	2

2026-07-23 11:30:44,558 Image Number:5	Target Label:1	Top-5 predictions:0	1	4	6	5

2026-07-23 11:30:44,558 Image Number:6	Target Label:1	Top-5 predictions:1	0	5	8	3

2026-07-23 11:30:44,558 Image Number:7	Target Label:1	Top-5 predictions:0	1	5	6	8

2026-07-23 11:30:44,558 Image Number:8	Target Label:1	Top-5 predictions:1	0	5	3	4

2026-07-23 11:30:44,558 Image Number:9	Target Label:1	Top-5 predictions:1	0	9	5	3

2026-07-23 11:30:44,559 Image Number:10	Target Label:1	Top-5 predictions:0	1	8	5	7

2026-07-23 11:30:44,559 Image Number:11	Target Label:1	Top-5 predictions:1	0	9	3	6

2026-07-23 11:30:44,559 Image Number:12	Target Label:1	Top-5 predictions:1	0	3	5	8

2026-07-23 11:30:44,559 Image Number:13	Target Label:1	Top-5 predictions:0	1	5	3	9

2026-07-23 11:30:44,559 Image Number:14	Target Label:1	Top-5 predictions:0	1	3	4	9

2026-07-23 11:30:44,559 Image Number:15	Target Label:1	Top-5 predictions:0	1	4	3	5

2026-07-23 11:30:44,559 Image Number:16	Target Label:1	Top-5 predictions:0	1	5	6	4

2026-07-23 11:30:44,559 Image Number:17	Target Label:1	Top-5 predictions:1	0	2	3	9

2026-07-23 11:30:44,559 Image Number:18	Target Label:1	Top-5 predictions:0	1	6	3	5

2026-07-23 11:30:44,560 Image Number:19	Target Label:1	Top-5 predictions:1	0	3	5	8

2026-07-23 11:30:44,560 Image Number:20	Target Label:1	Top-5 predictions:1	0	9	5	3

2026-07-23 11:30:44,560 Image Number:21	Target Label:1	Top-5 predictions:1	0	4	6	5

2026-07-23 11:30:44,560 Image Number:22	Target Label:1	Top-5 predictions:0	1	5	6	2

2026-07-23 11:30:44,560 Image Number:23	Target Label:1	Top-5 predictions:1	0	5	9	3

2026-07-23 11:30:44,560 Image Number:24	Target Label:1	Top-5 predictions:0	1	3	8	9

2026-07-23 11:30:44,560 Image Number:25	Target Label:1	Top-5 predictions:1	0	3	5	2

2026-07-23 11:30:44,560 Image Number:26	Target Label:1	Top-5 predictions:0	1	5	3	4

2026-07-23 11:30:44,560 Image Number:27	Target Label:1	Top-5 predictions:0	1	5	3	4

2026-07-23 11:30:44,561 Image Number:28	Target Label:1	Top-5 predictions:0	1	4	5	9

2026-07-23 11:30:44,561 Image Number:29	Target Label:1	Top-5 predictions:0	1	5	2	3

2026-07-23 11:30:44,561 Image Number:30	Target Label:1	Top-5 predictions:0	1	3	5	4

2026-07-23 11:30:44,561 Image Number:31	Target Label:1	Top-5 predictions:0	1	4	3	5

2026-07-23 11:30:44,561 Image Number:32	Target Label:1	Top-5 predictions:1	0	5	3	2

2026-07-23 11:30:44,561 Image Number:33	Target Label:1	Top-5 predictions:0	1	5	3	2

2026-07-23 11:30:44,561 Image Number:34	Target Label:1	Top-5 predictions:1	0	6	8	5

2026-07-23 11:30:44,561 Image Number:35	Target Label:1	Top-5 predictions:1	0	3	9	4

2026-07-23 11:30:44,561 Image Number:36	Target Label:1	Top-5 predictions:0	1	5	3	4

2026-07-23 11:30:44,561 Image Number:37	Target Label:1	Top-5 predictions:0	1	5	3	8

2026-07-23 11:30:44,562 Image Number:38	Target Label:1	Top-5 predictions:1	0	5	3	2

2026-07-23 11:30:44,562 Image Number:39	Target Label:1	Top-5 predictions:0	1	9	3	5

2026-07-23 11:30:44,562 Image Number:40	Target Label:1	Top-5 predictions:1	0	3	9	5

2026-07-23 11:30:44,562 Image Number:41	Target Label:1	Top-5 predictions:0	1	4	3	5

2026-07-23 11:30:44,562 Image Number:42	Target Label:1	Top-5 predictions:1	0	3	4	9

2026-07-23 11:30:44,562 Image Number:43	Target Label:1	Top-5 predictions:1	0	5	9	3

2026-07-23 11:30:44,562 Image Number:44	Target Label:1	Top-5 predictions:0	1	2	8	9

2026-07-23 11:30:44,562 Image Number:45	Target Label:1	Top-5 predictions:0	1	5	4	2

2026-07-23 11:30:44,562 Image Number:46	Target Label:1	Top-5 predictions:1	0	3	5	9

2026-07-23 11:30:44,563 Image Number:47	Target Label:1	Top-5 predictions:1	0	5	9	3

2026-07-23 11:30:44,563 Image Number:48	Target Label:1	Top-5 predictions:1	0	5	4	9

2026-07-23 11:30:44,563 Image Number:49	Target Label:1	Top-5 predictions:0	1	8	2	9

2026-07-23 11:30:46,829 Image Number:0	Target Label:1	Top-5 predictions:0	1	4	8	2

2026-07-23 11:30:46,829 Image Number:1	Target Label:1	Top-5 predictions:1	0	3	5	9

2026-07-23 11:30:46,830 Image Number:2	Target Label:1	Top-5 predictions:1	0	3	5	2

2026-07-23 11:30:46,830 Image Number:3	Target Label:1	Top-5 predictions:1	0	3	5	9

2026-07-23 11:30:46,830 Image Number:4	Target Label:1	Top-5 predictions:1	0	5	8	2

2026-07-23 11:30:46,830 Image Number:5	Target Label:1	Top-5 predictions:0	1	4	6	5

2026-07-23 11:30:46,830 Image Number:6	Target Label:1	Top-5 predictions:1	0	5	8	3

2026-07-23 11:30:46,830 Image Number:7	Target Label:1	Top-5 predictions:0	1	5	6	8

2026-07-23 11:30:46,830 Image Number:8	Target Label:1	Top-5 predictions:1	0	5	3	4

2026-07-23 11:30:46,831 Image Number:9	Target Label:1	Top-5 predictions:1	0	9	5	3

2026-07-23 11:30:46,831 Image Number:10	Target Label:1	Top-5 predictions:1	0	8	5	7

2026-07-23 11:30:46,831 Image Number:11	Target Label:1	Top-5 predictions:1	0	9	3	6

2026-07-23 11:30:46,831 Image Number:12	Target Label:1	Top-5 predictions:1	0	3	5	8

2026-07-23 11:30:46,831 Image Number:13	Target Label:1	Top-5 predictions:0	1	5	3	9

2026-07-23 11:30:46,831 Image Number:14	Target Label:1	Top-5 predictions:0	1	4	3	9

2026-07-23 11:30:46,831 Image Number:15	Target Label:1	Top-5 predictions:0	1	4	3	5

2026-07-23 11:30:46,831 Image Number:16	Target Label:1	Top-5 predictions:0	1	5	6	4

2026-07-23 11:30:46,831 Image Number:17	Target Label:1	Top-5 predictions:1	0	2	3	9

2026-07-23 11:30:46,832 Image Number:18	Target Label:1	Top-5 predictions:0	1	6	3	5

2026-07-23 11:30:46,832 Image Number:19	Target Label:1	Top-5 predictions:1	0	3	5	8

2026-07-23 11:30:46,832 Image Number:20	Target Label:1	Top-5 predictions:1	0	9	5	3

2026-07-23 11:30:46,832 Image Number:21	Target Label:1	Top-5 predictions:1	0	4	6	5

2026-07-23 11:30:46,832 Image Number:22	Target Label:1	Top-5 predictions:0	1	5	6	2

2026-07-23 11:30:46,832 Image Number:23	Target Label:1	Top-5 predictions:1	0	5	9	3

2026-07-23 11:30:46,832 Image Number:24	Target Label:1	Top-5 predictions:1	0	3	8	9

2026-07-23 11:30:46,832 Image Number:25	Target Label:1	Top-5 predictions:1	0	3	5	2

2026-07-23 11:30:46,832 Image Number:26	Target Label:1	Top-5 predictions:0	1	5	3	4

2026-07-23 11:30:46,833 Image Number:27	Target Label:1	Top-5 predictions:0	1	5	3	4

2026-07-23 11:30:46,833 Image Number:28	Target Label:1	Top-5 predictions:1	0	4	5	9

2026-07-23 11:30:46,833 Image Number:29	Target Label:1	Top-5 predictions:0	1	5	2	3

2026-07-23 11:30:46,833 Image Number:30	Target Label:1	Top-5 predictions:0	1	3	5	4

2026-07-23 11:30:46,833 Image Number:31	Target Label:1	Top-5 predictions:0	1	4	3	5

2026-07-23 11:30:46,833 Image Number:32	Target Label:1	Top-5 predictions:1	0	5	3	2

2026-07-23 11:30:46,833 Image Number:33	Target Label:1	Top-5 predictions:1	0	5	3	2

2026-07-23 11:30:46,833 Image Number:34	Target Label:1	Top-5 predictions:1	0	6	8	5

2026-07-23 11:30:46,833 Image Number:35	Target Label:1	Top-5 predictions:1	0	3	9	4

2026-07-23 11:30:46,834 Image Number:36	Target Label:1	Top-5 predictions:0	1	5	3	4

2026-07-23 11:30:46,834 Image Number:37	Target Label:1	Top-5 predictions:0	1	5	3	8

2026-07-23 11:30:46,834 Image Number:38	Target Label:1	Top-5 predictions:1	0	5	3	2

2026-07-23 11:30:46,834 Image Number:39	Target Label:1	Top-5 predictions:0	1	9	3	5

2026-07-23 11:30:46,834 Image Number:40	Target Label:1	Top-5 predictions:1	0	3	9	5

2026-07-23 11:30:46,834 Image Number:41	Target Label:1	Top-5 predictions:0	1	4	3	5

2026-07-23 11:30:46,834 Image Number:42	Target Label:1	Top-5 predictions:1	0	3	4	9

2026-07-23 11:30:46,834 Image Number:43	Target Label:1	Top-5 predictions:1	0	5	9	3

2026-07-23 11:30:46,834 Image Number:44	Target Label:1	Top-5 predictions:1	0	2	8	9

2026-07-23 11:30:46,835 Image Number:45	Target Label:1	Top-5 predictions:0	1	5	4	2

2026-07-23 11:30:46,835 Image Number:46	Target Label:1	Top-5 predictions:1	0	3	5	9

2026-07-23 11:30:46,835 Image Number:47	Target Label:1	Top-5 predictions:1	0	5	9	3

2026-07-23 11:30:46,835 Image Number:48	Target Label:1	Top-5 predictions:1	0	5	4	9

2026-07-23 11:30:46,835 Image Number:49	Target Label:1	Top-5 predictions:1	0	8	2	9

2026-07-23 11:30:49,106 Image Number:0	Target Label:1	Top-5 predictions:0	1	4	8	2

2026-07-23 11:30:49,106 Image Number:1	Target Label:1	Top-5 predictions:1	0	3	5	9

2026-07-23 11:30:49,106 Image Number:2	Target Label:1	Top-5 predictions:1	0	3	5	2

2026-07-23 11:30:49,106 Image Number:3	Target Label:1	Top-5 predictions:1	0	3	5	9

2026-07-23 11:30:49,106 Image Number:4	Target Label:1	Top-5 predictions:1	0	5	8	2

2026-07-23 11:30:49,106 Image Number:5	Target Label:1	Top-5 predictions:0	1	4	6	5

2026-07-23 11:30:49,106 Image Number:6	Target Label:1	Top-5 predictions:1	0	5	8	3

2026-07-23 11:30:49,107 Image Number:7	Target Label:1	Top-5 predictions:0	1	5	6	8

2026-07-23 11:30:49,107 Image Number:8	Target Label:1	Top-5 predictions:1	0	5	3	4

2026-07-23 11:30:49,107 Image Number:9	Target Label:1	Top-5 predictions:1	0	9	5	3

2026-07-23 11:30:49,107 Image Number:10	Target Label:1	Top-5 predictions:1	0	8	5	7

2026-07-23 11:30:49,107 Image Number:11	Target Label:1	Top-5 predictions:1	0	9	3	6

2026-07-23 11:30:49,107 Image Number:12	Target Label:1	Top-5 predictions:1	0	3	5	8

2026-07-23 11:30:49,107 Image Number:13	Target Label:1	Top-5 predictions:0	1	5	3	9

2026-07-23 11:30:49,107 Image Number:14	Target Label:1	Top-5 predictions:0	1	4	3	9

2026-07-23 11:30:49,108 Image Number:15	Target Label:1	Top-5 predictions:0	1	4	3	5

2026-07-23 11:30:49,108 Image Number:16	Target Label:1	Top-5 predictions:0	1	5	6	4

2026-07-23 11:30:49,108 Image Number:17	Target Label:1	Top-5 predictions:1	0	2	3	9

2026-07-23 11:30:49,108 Image Number:18	Target Label:1	Top-5 predictions:1	0	6	3	5

2026-07-23 11:30:49,108 Image Number:19	Target Label:1	Top-5 predictions:1	0	3	5	8

2026-07-23 11:30:49,108 Image Number:20	Target Label:1	Top-5 predictions:1	0	9	5	3

2026-07-23 11:30:49,108 Image Number:21	Target Label:1	Top-5 predictions:1	0	4	6	5

2026-07-23 11:30:49,108 Image Number:22	Target Label:1	Top-5 predictions:0	1	5	6	2

2026-07-23 11:30:49,109 Image Number:23	Target Label:1	Top-5 predictions:1	0	5	9	3

2026-07-23 11:30:49,109 Image Number:24	Target Label:1	Top-5 predictions:1	0	3	8	9

2026-07-23 11:30:49,109 Image Number:25	Target Label:1	Top-5 predictions:1	0	3	5	2

2026-07-23 11:30:49,109 Image Number:26	Target Label:1	Top-5 predictions:0	1	5	3	4

2026-07-23 11:30:49,109 Image Number:27	Target Label:1	Top-5 predictions:1	0	5	3	4

2026-07-23 11:30:49,109 Image Number:28	Target Label:1	Top-5 predictions:1	0	4	5	9

2026-07-23 11:30:49,109 Image Number:29	Target Label:1	Top-5 predictions:0	1	5	2	3

2026-07-23 11:30:49,109 Image Number:30	Target Label:1	Top-5 predictions:0	1	3	5	4

2026-07-23 11:30:49,109 Image Number:31	Target Label:1	Top-5 predictions:1	0	4	3	5

2026-07-23 11:30:49,110 Image Number:32	Target Label:1	Top-5 predictions:1	0	5	3	2

2026-07-23 11:30:49,110 Image Number:33	Target Label:1	Top-5 predictions:1	0	5	3	2

2026-07-23 11:30:49,110 Image Number:34	Target Label:1	Top-5 predictions:1	0	6	8	5

2026-07-23 11:30:49,110 Image Number:35	Target Label:1	Top-5 predictions:1	0	3	9	4

2026-07-23 11:30:49,110 Image Number:36	Target Label:1	Top-5 predictions:0	1	5	3	4

2026-07-23 11:30:49,110 Image Number:37	Target Label:1	Top-5 predictions:0	1	5	3	8

2026-07-23 11:30:49,110 Image Number:38	Target Label:1	Top-5 predictions:1	0	5	3	2

2026-07-23 11:30:49,110 Image Number:39	Target Label:1	Top-5 predictions:0	1	9	3	5

2026-07-23 11:30:49,111 Image Number:40	Target Label:1	Top-5 predictions:1	0	3	9	5

2026-07-23 11:30:49,111 Image Number:41	Target Label:1	Top-5 predictions:0	1	4	3	5

2026-07-23 11:30:49,111 Image Number:42	Target Label:1	Top-5 predictions:1	0	3	4	9

2026-07-23 11:30:49,111 Image Number:43	Target Label:1	Top-5 predictions:1	0	5	9	3

2026-07-23 11:30:49,111 Image Number:44	Target Label:1	Top-5 predictions:1	0	2	8	9

2026-07-23 11:30:49,111 Image Number:45	Target Label:1	Top-5 predictions:0	1	5	4	2

2026-07-23 11:30:49,111 Image Number:46	Target Label:1	Top-5 predictions:1	0	3	5	9

2026-07-23 11:30:49,111 Image Number:47	Target Label:1	Top-5 predictions:1	0	5	9	3

2026-07-23 11:30:49,111 Image Number:48	Target Label:1	Top-5 predictions:1	0	5	4	9

2026-07-23 11:30:49,112 Image Number:49	Target Label:1	Top-5 predictions:1	0	8	2	9

2026-07-23 11:30:51,377 Image Number:0	Target Label:1	Top-5 predictions:0	1	4	8	2

2026-07-23 11:30:51,378 Image Number:1	Target Label:1	Top-5 predictions:1	0	3	5	9

2026-07-23 11:30:51,378 Image Number:2	Target Label:1	Top-5 predictions:1	0	3	5	2

2026-07-23 11:30:51,378 Image Number:3	Target Label:1	Top-5 predictions:1	0	3	5	9

2026-07-23 11:30:51,378 Image Number:4	Target Label:1	Top-5 predictions:1	0	5	8	2

2026-07-23 11:30:51,378 Image Number:5	Target Label:1	Top-5 predictions:0	1	4	6	5

2026-07-23 11:30:51,378 Image Number:6	Target Label:1	Top-5 predictions:1	0	5	8	3

2026-07-23 11:30:51,378 Image Number:7	Target Label:1	Top-5 predictions:0	1	5	6	8

2026-07-23 11:30:51,378 Image Number:8	Target Label:1	Top-5 predictions:1	0	5	3	4

2026-07-23 11:30:51,379 Image Number:9	Target Label:1	Top-5 predictions:1	0	9	5	3

2026-07-23 11:30:51,379 Image Number:10	Target Label:1	Top-5 predictions:1	0	8	5	7

2026-07-23 11:30:51,379 Image Number:11	Target Label:1	Top-5 predictions:1	0	9	3	6

2026-07-23 11:30:51,379 Image Number:12	Target Label:1	Top-5 predictions:1	0	3	5	8

2026-07-23 11:30:51,379 Image Number:13	Target Label:1	Top-5 predictions:0	1	5	3	9

2026-07-23 11:30:51,379 Image Number:14	Target Label:1	Top-5 predictions:0	1	4	3	9

2026-07-23 11:30:51,379 Image Number:15	Target Label:1	Top-5 predictions:0	1	4	3	5

2026-07-23 11:30:51,379 Image Number:16	Target Label:1	Top-5 predictions:0	1	5	6	4

2026-07-23 11:30:51,379 Image Number:17	Target Label:1	Top-5 predictions:1	0	2	3	9

2026-07-23 11:30:51,380 Image Number:18	Target Label:1	Top-5 predictions:1	0	6	3	5

2026-07-23 11:30:51,380 Image Number:19	Target Label:1	Top-5 predictions:1	0	3	5	8

2026-07-23 11:30:51,380 Image Number:20	Target Label:1	Top-5 predictions:1	0	9	5	3

2026-07-23 11:30:51,380 Image Number:21	Target Label:1	Top-5 predictions:1	0	4	6	5

2026-07-23 11:30:51,380 Image Number:22	Target Label:1	Top-5 predictions:0	1	5	6	2

2026-07-23 11:30:51,380 Image Number:23	Target Label:1	Top-5 predictions:1	0	5	9	3

2026-07-23 11:30:51,380 Image Number:24	Target Label:1	Top-5 predictions:1	0	3	8	9

2026-07-23 11:30:51,380 Image Number:25	Target Label:1	Top-5 predictions:1	0	3	5	2

2026-07-23 11:30:51,381 Image Number:26	Target Label:1	Top-5 predictions:0	1	5	4	3

2026-07-23 11:30:51,381 Image Number:27	Target Label:1	Top-5 predictions:1	0	5	3	4

2026-07-23 11:30:51,381 Image Number:28	Target Label:1	Top-5 predictions:1	0	4	5	9

2026-07-23 11:30:51,381 Image Number:29	Target Label:1	Top-5 predictions:0	1	5	2	3

2026-07-23 11:30:51,381 Image Number:30	Target Label:1	Top-5 predictions:0	1	3	5	4

2026-07-23 11:30:51,381 Image Number:31	Target Label:1	Top-5 predictions:1	0	4	3	5

2026-07-23 11:30:51,381 Image Number:32	Target Label:1	Top-5 predictions:1	0	5	3	2

2026-07-23 11:30:51,381 Image Number:33	Target Label:1	Top-5 predictions:1	0	5	3	2

2026-07-23 11:30:51,381 Image Number:34	Target Label:1	Top-5 predictions:1	0	6	8	5

2026-07-23 11:30:51,382 Image Number:35	Target Label:1	Top-5 predictions:1	0	3	9	4

2026-07-23 11:30:51,382 Image Number:36	Target Label:1	Top-5 predictions:0	1	5	3	4

2026-07-23 11:30:51,382 Image Number:37	Target Label:1	Top-5 predictions:0	1	5	3	8

2026-07-23 11:30:51,382 Image Number:38	Target Label:1	Top-5 predictions:1	0	5	3	2

2026-07-23 11:30:51,382 Image Number:39	Target Label:1	Top-5 predictions:0	1	9	3	5

2026-07-23 11:30:51,382 Image Number:40	Target Label:1	Top-5 predictions:1	0	3	9	4

2026-07-23 11:30:51,382 Image Number:41	Target Label:1	Top-5 predictions:0	1	4	3	5

2026-07-23 11:30:51,382 Image Number:42	Target Label:1	Top-5 predictions:1	0	3	4	9

2026-07-23 11:30:51,383 Image Number:43	Target Label:1	Top-5 predictions:1	0	5	9	3

2026-07-23 11:30:51,383 Image Number:44	Target Label:1	Top-5 predictions:1	0	2	8	9

2026-07-23 11:30:51,383 Image Number:45	Target Label:1	Top-5 predictions:0	1	5	4	2

2026-07-23 11:30:51,383 Image Number:46	Target Label:1	Top-5 predictions:1	0	3	5	9

2026-07-23 11:30:51,383 Image Number:47	Target Label:1	Top-5 predictions:1	0	5	9	3

2026-07-23 11:30:51,383 Image Number:48	Target Label:1	Top-5 predictions:1	0	5	4	9

2026-07-23 11:30:51,383 Image Number:49	Target Label:1	Top-5 predictions:1	0	8	2	9

2026-07-23 11:30:53,622 Image Number:0	Target Label:1	Top-5 predictions:0	1	4	8	2

2026-07-23 11:30:53,622 Image Number:1	Target Label:1	Top-5 predictions:1	0	3	5	9

2026-07-23 11:30:53,622 Image Number:2	Target Label:1	Top-5 predictions:1	0	3	5	2

2026-07-23 11:30:53,623 Image Number:3	Target Label:1	Top-5 predictions:1	0	3	5	9

2026-07-23 11:30:53,623 Image Number:4	Target Label:1	Top-5 predictions:1	0	5	8	2

2026-07-23 11:30:53,623 Image Number:5	Target Label:1	Top-5 predictions:0	1	4	6	5

2026-07-23 11:30:53,623 Image Number:6	Target Label:1	Top-5 predictions:1	0	5	8	3

2026-07-23 11:30:53,623 Image Number:7	Target Label:1	Top-5 predictions:0	1	5	6	8

2026-07-23 11:30:53,623 Image Number:8	Target Label:1	Top-5 predictions:1	0	5	3	4

2026-07-23 11:30:53,623 Image Number:9	Target Label:1	Top-5 predictions:1	0	9	5	3

2026-07-23 11:30:53,623 Image Number:10	Target Label:1	Top-5 predictions:1	0	8	5	7

2026-07-23 11:30:53,624 Image Number:11	Target Label:1	Top-5 predictions:1	0	9	3	6

2026-07-23 11:30:53,624 Image Number:12	Target Label:1	Top-5 predictions:1	0	3	5	8

2026-07-23 11:30:53,624 Image Number:13	Target Label:1	Top-5 predictions:0	1	5	3	9

2026-07-23 11:30:53,624 Image Number:14	Target Label:1	Top-5 predictions:0	1	4	9	3

2026-07-23 11:30:53,624 Image Number:15	Target Label:1	Top-5 predictions:0	1	4	3	5

2026-07-23 11:30:53,624 Image Number:16	Target Label:1	Top-5 predictions:0	1	5	6	4

2026-07-23 11:30:53,624 Image Number:17	Target Label:1	Top-5 predictions:1	0	2	3	9

2026-07-23 11:30:53,624 Image Number:18	Target Label:1	Top-5 predictions:1	0	6	3	5

2026-07-23 11:30:53,625 Image Number:19	Target Label:1	Top-5 predictions:1	0	3	5	8

2026-07-23 11:30:53,625 Image Number:20	Target Label:1	Top-5 predictions:1	0	9	5	3

2026-07-23 11:30:53,625 Image Number:21	Target Label:1	Top-5 predictions:1	0	4	6	5

2026-07-23 11:30:53,625 Image Number:22	Target Label:1	Top-5 predictions:0	1	5	6	2

2026-07-23 11:30:53,625 Image Number:23	Target Label:1	Top-5 predictions:1	0	5	9	3

2026-07-23 11:30:53,625 Image Number:24	Target Label:1	Top-5 predictions:1	0	3	8	9

2026-07-23 11:30:53,625 Image Number:25	Target Label:1	Top-5 predictions:1	0	3	5	2

2026-07-23 11:30:53,625 Image Number:26	Target Label:1	Top-5 predictions:0	1	5	4	3

2026-07-23 11:30:53,626 Image Number:27	Target Label:1	Top-5 predictions:1	0	5	3	4

2026-07-23 11:30:53,626 Image Number:28	Target Label:1	Top-5 predictions:1	0	4	5	9

2026-07-23 11:30:53,626 Image Number:29	Target Label:1	Top-5 predictions:0	1	5	2	3

2026-07-23 11:30:53,626 Image Number:30	Target Label:1	Top-5 predictions:0	1	3	5	4

2026-07-23 11:30:53,626 Image Number:31	Target Label:1	Top-5 predictions:1	0	4	3	5

2026-07-23 11:30:53,626 Image Number:32	Target Label:1	Top-5 predictions:1	0	5	3	2

2026-07-23 11:30:53,626 Image Number:33	Target Label:1	Top-5 predictions:1	0	5	3	2

2026-07-23 11:30:53,626 Image Number:34	Target Label:1	Top-5 predictions:1	0	6	8	5

2026-07-23 11:30:53,627 Image Number:35	Target Label:1	Top-5 predictions:1	0	3	9	4

2026-07-23 11:30:53,627 Image Number:36	Target Label:1	Top-5 predictions:0	1	5	3	4

2026-07-23 11:30:53,627 Image Number:37	Target Label:1	Top-5 predictions:0	1	5	3	8

2026-07-23 11:30:53,627 Image Number:38	Target Label:1	Top-5 predictions:1	0	5	3	2

2026-07-23 11:30:53,627 Image Number:39	Target Label:1	Top-5 predictions:1	0	9	3	5

2026-07-23 11:30:53,627 Image Number:40	Target Label:1	Top-5 predictions:1	0	3	9	4

2026-07-23 11:30:53,627 Image Number:41	Target Label:1	Top-5 predictions:0	1	4	3	5

2026-07-23 11:30:53,627 Image Number:42	Target Label:1	Top-5 predictions:1	0	3	4	9

2026-07-23 11:30:53,628 Image Number:43	Target Label:1	Top-5 predictions:1	0	5	9	3

2026-07-23 11:30:53,628 Image Number:44	Target Label:1	Top-5 predictions:1	0	2	8	9

2026-07-23 11:30:53,628 Image Number:45	Target Label:1	Top-5 predictions:0	1	5	4	2

2026-07-23 11:30:53,628 Image Number:46	Target Label:1	Top-5 predictions:1	0	3	5	9

2026-07-23 11:30:53,628 Image Number:47	Target Label:1	Top-5 predictions:1	0	5	9	3

2026-07-23 11:30:53,628 Image Number:48	Target Label:1	Top-5 predictions:1	0	5	4	9

2026-07-23 11:30:53,628 Image Number:49	Target Label:1	Top-5 predictions:1	0	8	2	9

2026-07-23 11:30:53,975 train Loss: 0.0379 Acc: 0.9970
2026-07-23 11:30:55,059 test Loss: 0.0402 Acc: 0.9980
2026-07-23 11:30:55,059 Better model found!
2026-07-23 11:30:55,520 notpatched Loss: 3.2753 Acc: 0.0000
2026-07-23 11:30:55,977 patched Loss: 0.6723 Acc: 0.7000
2026-07-23 11:30:55,978 Patched Targeted Attack Success Rate: Mean 0.700
2026-07-23 11:30:55,978 Epoch 5/9
2026-07-23 11:30:55,978 ----------
2026-07-23 11:30:58,657 Image Number:0	Target Label:1	Top-5 predictions:0	1	4	8	2

2026-07-23 11:30:58,657 Image Number:1	Target Label:1	Top-5 predictions:1	0	3	5	9

2026-07-23 11:30:58,657 Image Number:2	Target Label:1	Top-5 predictions:1	0	3	5	2

2026-07-23 11:30:58,657 Image Number:3	Target Label:1	Top-5 predictions:1	0	3	9	5

2026-07-23 11:30:58,658 Image Number:4	Target Label:1	Top-5 predictions:1	0	5	8	2

2026-07-23 11:30:58,658 Image Number:5	Target Label:1	Top-5 predictions:0	1	4	6	5

2026-07-23 11:30:58,658 Image Number:6	Target Label:1	Top-5 predictions:1	0	5	8	3

2026-07-23 11:30:58,658 Image Number:7	Target Label:1	Top-5 predictions:0	1	5	6	8

2026-07-23 11:30:58,658 Image Number:8	Target Label:1	Top-5 predictions:1	0	5	3	4

2026-07-23 11:30:58,658 Image Number:9	Target Label:1	Top-5 predictions:1	0	9	5	3

2026-07-23 11:30:58,658 Image Number:10	Target Label:1	Top-5 predictions:1	0	8	5	7

2026-07-23 11:30:58,658 Image Number:11	Target Label:1	Top-5 predictions:1	0	9	3	6

2026-07-23 11:30:58,659 Image Number:12	Target Label:1	Top-5 predictions:1	0	3	5	8

2026-07-23 11:30:58,659 Image Number:13	Target Label:1	Top-5 predictions:0	1	5	3	9

2026-07-23 11:30:58,659 Image Number:14	Target Label:1	Top-5 predictions:0	1	4	9	3

2026-07-23 11:30:58,659 Image Number:15	Target Label:1	Top-5 predictions:0	1	4	3	5

2026-07-23 11:30:58,659 Image Number:16	Target Label:1	Top-5 predictions:0	1	5	6	4

2026-07-23 11:30:58,659 Image Number:17	Target Label:1	Top-5 predictions:1	0	2	3	9

2026-07-23 11:30:58,659 Image Number:18	Target Label:1	Top-5 predictions:1	0	6	3	5

2026-07-23 11:30:58,659 Image Number:19	Target Label:1	Top-5 predictions:1	0	3	5	8

2026-07-23 11:30:58,660 Image Number:20	Target Label:1	Top-5 predictions:1	0	9	5	3

2026-07-23 11:30:58,660 Image Number:21	Target Label:1	Top-5 predictions:1	0	4	6	5

2026-07-23 11:30:58,660 Image Number:22	Target Label:1	Top-5 predictions:0	1	5	6	2

2026-07-23 11:30:58,660 Image Number:23	Target Label:1	Top-5 predictions:1	0	5	9	3

2026-07-23 11:30:58,660 Image Number:24	Target Label:1	Top-5 predictions:1	0	3	8	9

2026-07-23 11:30:58,660 Image Number:25	Target Label:1	Top-5 predictions:1	0	3	5	2

2026-07-23 11:30:58,660 Image Number:26	Target Label:1	Top-5 predictions:0	1	5	4	3

2026-07-23 11:30:58,660 Image Number:27	Target Label:1	Top-5 predictions:1	0	5	3	4

2026-07-23 11:30:58,661 Image Number:28	Target Label:1	Top-5 predictions:1	0	4	5	9

2026-07-23 11:30:58,661 Image Number:29	Target Label:1	Top-5 predictions:1	0	5	2	3

2026-07-23 11:30:58,661 Image Number:30	Target Label:1	Top-5 predictions:1	0	3	5	4

2026-07-23 11:30:58,661 Image Number:31	Target Label:1	Top-5 predictions:1	0	4	3	5

2026-07-23 11:30:58,661 Image Number:32	Target Label:1	Top-5 predictions:1	0	5	3	2

2026-07-23 11:30:58,661 Image Number:33	Target Label:1	Top-5 predictions:1	0	5	3	2

2026-07-23 11:30:58,661 Image Number:34	Target Label:1	Top-5 predictions:1	0	6	8	5

2026-07-23 11:30:58,661 Image Number:35	Target Label:1	Top-5 predictions:1	0	3	9	4

2026-07-23 11:30:58,661 Image Number:36	Target Label:1	Top-5 predictions:0	1	5	3	4

2026-07-23 11:30:58,662 Image Number:37	Target Label:1	Top-5 predictions:0	1	5	3	8

2026-07-23 11:30:58,662 Image Number:38	Target Label:1	Top-5 predictions:1	0	5	3	2

2026-07-23 11:30:58,662 Image Number:39	Target Label:1	Top-5 predictions:1	0	9	3	5

2026-07-23 11:30:58,662 Image Number:40	Target Label:1	Top-5 predictions:1	0	3	9	4

2026-07-23 11:30:58,662 Image Number:41	Target Label:1	Top-5 predictions:0	1	4	3	5

2026-07-23 11:30:58,662 Image Number:42	Target Label:1	Top-5 predictions:1	0	3	4	9

2026-07-23 11:30:58,662 Image Number:43	Target Label:1	Top-5 predictions:1	0	5	9	3

2026-07-23 11:30:58,662 Image Number:44	Target Label:1	Top-5 predictions:1	0	2	8	9

2026-07-23 11:30:58,663 Image Number:45	Target Label:1	Top-5 predictions:0	1	5	4	2

2026-07-23 11:30:58,663 Image Number:46	Target Label:1	Top-5 predictions:1	0	3	5	9

2026-07-23 11:30:58,663 Image Number:47	Target Label:1	Top-5 predictions:1	0	5	9	3

2026-07-23 11:30:58,663 Image Number:48	Target Label:1	Top-5 predictions:1	0	5	4	9

2026-07-23 11:30:58,663 Image Number:49	Target Label:1	Top-5 predictions:1	0	8	2	9

2026-07-23 11:31:00,940 Image Number:0	Target Label:1	Top-5 predictions:0	1	4	8	2

2026-07-23 11:31:00,941 Image Number:1	Target Label:1	Top-5 predictions:1	0	3	5	9

2026-07-23 11:31:00,941 Image Number:2	Target Label:1	Top-5 predictions:1	0	3	5	2

2026-07-23 11:31:00,941 Image Number:3	Target Label:1	Top-5 predictions:1	0	3	9	5

2026-07-23 11:31:00,941 Image Number:4	Target Label:1	Top-5 predictions:1	0	5	8	2

2026-07-23 11:31:00,941 Image Number:5	Target Label:1	Top-5 predictions:0	1	4	6	5

2026-07-23 11:31:00,941 Image Number:6	Target Label:1	Top-5 predictions:1	0	5	8	3

2026-07-23 11:31:00,941 Image Number:7	Target Label:1	Top-5 predictions:0	1	5	6	8

2026-07-23 11:31:00,942 Image Number:8	Target Label:1	Top-5 predictions:1	0	5	3	4

2026-07-23 11:31:00,942 Image Number:9	Target Label:1	Top-5 predictions:1	0	9	5	3

2026-07-23 11:31:00,942 Image Number:10	Target Label:1	Top-5 predictions:1	0	8	5	7

2026-07-23 11:31:00,942 Image Number:11	Target Label:1	Top-5 predictions:1	0	9	3	6

2026-07-23 11:31:00,942 Image Number:12	Target Label:1	Top-5 predictions:1	0	3	5	8

2026-07-23 11:31:00,942 Image Number:13	Target Label:1	Top-5 predictions:0	1	5	3	9

2026-07-23 11:31:00,942 Image Number:14	Target Label:1	Top-5 predictions:0	1	4	9	3

2026-07-23 11:31:00,942 Image Number:15	Target Label:1	Top-5 predictions:0	1	4	3	5

2026-07-23 11:31:00,943 Image Number:16	Target Label:1	Top-5 predictions:0	1	5	6	4

2026-07-23 11:31:00,943 Image Number:17	Target Label:1	Top-5 predictions:1	0	2	3	9

2026-07-23 11:31:00,943 Image Number:18	Target Label:1	Top-5 predictions:1	0	6	3	5

2026-07-23 11:31:00,943 Image Number:19	Target Label:1	Top-5 predictions:1	0	3	5	8

2026-07-23 11:31:00,943 Image Number:20	Target Label:1	Top-5 predictions:1	0	9	5	3

2026-07-23 11:31:00,943 Image Number:21	Target Label:1	Top-5 predictions:1	0	4	6	5

2026-07-23 11:31:00,943 Image Number:22	Target Label:1	Top-5 predictions:0	1	5	6	2

2026-07-23 11:31:00,943 Image Number:23	Target Label:1	Top-5 predictions:1	0	5	9	3

2026-07-23 11:31:00,943 Image Number:24	Target Label:1	Top-5 predictions:1	0	3	8	4

2026-07-23 11:31:00,944 Image Number:25	Target Label:1	Top-5 predictions:1	0	3	5	2

2026-07-23 11:31:00,944 Image Number:26	Target Label:1	Top-5 predictions:0	1	5	4	3

2026-07-23 11:31:00,944 Image Number:27	Target Label:1	Top-5 predictions:1	0	5	3	4

2026-07-23 11:31:00,944 Image Number:28	Target Label:1	Top-5 predictions:1	0	4	5	9

2026-07-23 11:31:00,944 Image Number:29	Target Label:1	Top-5 predictions:1	0	2	5	3

2026-07-23 11:31:00,944 Image Number:30	Target Label:1	Top-5 predictions:1	0	3	5	4

2026-07-23 11:31:00,944 Image Number:31	Target Label:1	Top-5 predictions:1	0	4	3	5

2026-07-23 11:31:00,944 Image Number:32	Target Label:1	Top-5 predictions:1	0	5	3	2

2026-07-23 11:31:00,944 Image Number:33	Target Label:1	Top-5 predictions:1	0	5	3	2

2026-07-23 11:31:00,945 Image Number:34	Target Label:1	Top-5 predictions:1	0	6	8	5

2026-07-23 11:31:00,945 Image Number:35	Target Label:1	Top-5 predictions:1	0	3	9	4

2026-07-23 11:31:00,945 Image Number:36	Target Label:1	Top-5 predictions:0	1	5	3	4

2026-07-23 11:31:00,945 Image Number:37	Target Label:1	Top-5 predictions:0	1	5	3	8

2026-07-23 11:31:00,945 Image Number:38	Target Label:1	Top-5 predictions:1	0	5	3	2

2026-07-23 11:31:00,945 Image Number:39	Target Label:1	Top-5 predictions:1	0	9	3	5

2026-07-23 11:31:00,945 Image Number:40	Target Label:1	Top-5 predictions:1	0	3	9	4

2026-07-23 11:31:00,946 Image Number:41	Target Label:1	Top-5 predictions:1	0	4	3	5

2026-07-23 11:31:00,946 Image Number:42	Target Label:1	Top-5 predictions:1	0	3	4	9

2026-07-23 11:31:00,946 Image Number:43	Target Label:1	Top-5 predictions:1	0	5	9	3

2026-07-23 11:31:00,946 Image Number:44	Target Label:1	Top-5 predictions:1	0	2	8	9

2026-07-23 11:31:00,946 Image Number:45	Target Label:1	Top-5 predictions:0	1	5	4	2

2026-07-23 11:31:00,946 Image Number:46	Target Label:1	Top-5 predictions:1	0	3	5	9

2026-07-23 11:31:00,946 Image Number:47	Target Label:1	Top-5 predictions:1	0	5	9	3

2026-07-23 11:31:00,946 Image Number:48	Target Label:1	Top-5 predictions:1	0	5	4	9

2026-07-23 11:31:00,947 Image Number:49	Target Label:1	Top-5 predictions:1	0	8	2	9

2026-07-23 11:31:03,222 Image Number:0	Target Label:1	Top-5 predictions:0	1	4	8	2

2026-07-23 11:31:03,222 Image Number:1	Target Label:1	Top-5 predictions:1	0	3	5	4

2026-07-23 11:31:03,222 Image Number:2	Target Label:1	Top-5 predictions:1	0	3	2	5

2026-07-23 11:31:03,223 Image Number:3	Target Label:1	Top-5 predictions:1	0	3	9	5

2026-07-23 11:31:03,223 Image Number:4	Target Label:1	Top-5 predictions:1	0	5	8	2

2026-07-23 11:31:03,223 Image Number:5	Target Label:1	Top-5 predictions:0	1	4	6	5

2026-07-23 11:31:03,223 Image Number:6	Target Label:1	Top-5 predictions:1	0	5	8	3

2026-07-23 11:31:03,223 Image Number:7	Target Label:1	Top-5 predictions:0	1	5	6	8

2026-07-23 11:31:03,223 Image Number:8	Target Label:1	Top-5 predictions:1	0	3	5	4

2026-07-23 11:31:03,223 Image Number:9	Target Label:1	Top-5 predictions:1	0	9	5	3

2026-07-23 11:31:03,223 Image Number:10	Target Label:1	Top-5 predictions:1	0	8	5	7

2026-07-23 11:31:03,223 Image Number:11	Target Label:1	Top-5 predictions:1	0	9	3	6

2026-07-23 11:31:03,224 Image Number:12	Target Label:1	Top-5 predictions:1	0	3	5	8

2026-07-23 11:31:03,224 Image Number:13	Target Label:1	Top-5 predictions:1	0	5	3	9

2026-07-23 11:31:03,224 Image Number:14	Target Label:1	Top-5 predictions:0	1	4	9	3

2026-07-23 11:31:03,224 Image Number:15	Target Label:1	Top-5 predictions:1	0	4	3	5

2026-07-23 11:31:03,224 Image Number:16	Target Label:1	Top-5 predictions:1	0	5	6	4

2026-07-23 11:31:03,224 Image Number:17	Target Label:1	Top-5 predictions:1	0	2	3	9

2026-07-23 11:31:03,224 Image Number:18	Target Label:1	Top-5 predictions:1	0	6	3	5

2026-07-23 11:31:03,224 Image Number:19	Target Label:1	Top-5 predictions:1	0	3	5	8

2026-07-23 11:31:03,224 Image Number:20	Target Label:1	Top-5 predictions:1	0	9	5	3

2026-07-23 11:31:03,225 Image Number:21	Target Label:1	Top-5 predictions:1	0	4	6	5

2026-07-23 11:31:03,225 Image Number:22	Target Label:1	Top-5 predictions:0	1	5	6	2

2026-07-23 11:31:03,225 Image Number:23	Target Label:1	Top-5 predictions:1	0	5	9	3

2026-07-23 11:31:03,225 Image Number:24	Target Label:1	Top-5 predictions:1	0	3	8	4

2026-07-23 11:31:03,225 Image Number:25	Target Label:1	Top-5 predictions:1	0	3	5	2

2026-07-23 11:31:03,225 Image Number:26	Target Label:1	Top-5 predictions:0	1	5	4	3

2026-07-23 11:31:03,225 Image Number:27	Target Label:1	Top-5 predictions:1	0	5	3	4

2026-07-23 11:31:03,225 Image Number:28	Target Label:1	Top-5 predictions:1	0	4	5	9

2026-07-23 11:31:03,225 Image Number:29	Target Label:1	Top-5 predictions:1	0	2	5	3

2026-07-23 11:31:03,226 Image Number:30	Target Label:1	Top-5 predictions:1	0	3	5	4

2026-07-23 11:31:03,226 Image Number:31	Target Label:1	Top-5 predictions:1	0	4	3	2

2026-07-23 11:31:03,226 Image Number:32	Target Label:1	Top-5 predictions:1	0	5	3	2

2026-07-23 11:31:03,226 Image Number:33	Target Label:1	Top-5 predictions:1	0	5	3	2

2026-07-23 11:31:03,226 Image Number:34	Target Label:1	Top-5 predictions:1	0	6	8	5

2026-07-23 11:31:03,226 Image Number:35	Target Label:1	Top-5 predictions:1	0	3	9	4

2026-07-23 11:31:03,226 Image Number:36	Target Label:1	Top-5 predictions:0	1	5	3	4

2026-07-23 11:31:03,226 Image Number:37	Target Label:1	Top-5 predictions:0	1	5	3	8

2026-07-23 11:31:03,226 Image Number:38	Target Label:1	Top-5 predictions:1	0	5	3	2

2026-07-23 11:31:03,227 Image Number:39	Target Label:1	Top-5 predictions:1	0	9	3	5

2026-07-23 11:31:03,227 Image Number:40	Target Label:1	Top-5 predictions:1	0	3	9	4

2026-07-23 11:31:03,227 Image Number:41	Target Label:1	Top-5 predictions:1	0	4	3	9

2026-07-23 11:31:03,227 Image Number:42	Target Label:1	Top-5 predictions:1	0	3	4	9

2026-07-23 11:31:03,227 Image Number:43	Target Label:1	Top-5 predictions:1	0	5	9	3

2026-07-23 11:31:03,227 Image Number:44	Target Label:1	Top-5 predictions:1	0	2	8	9

2026-07-23 11:31:03,227 Image Number:45	Target Label:1	Top-5 predictions:0	1	5	4	2

2026-07-23 11:31:03,227 Image Number:46	Target Label:1	Top-5 predictions:1	0	3	5	9

2026-07-23 11:31:03,227 Image Number:47	Target Label:1	Top-5 predictions:1	0	5	9	3

2026-07-23 11:31:03,228 Image Number:48	Target Label:1	Top-5 predictions:1	0	5	4	9

2026-07-23 11:31:03,228 Image Number:49	Target Label:1	Top-5 predictions:1	0	8	2	9

2026-07-23 11:31:05,516 Image Number:0	Target Label:1	Top-5 predictions:0	1	4	8	2

2026-07-23 11:31:05,516 Image Number:1	Target Label:1	Top-5 predictions:1	0	3	5	4

2026-07-23 11:31:05,516 Image Number:2	Target Label:1	Top-5 predictions:1	0	3	2	5

2026-07-23 11:31:05,516 Image Number:3	Target Label:1	Top-5 predictions:1	0	3	9	5

2026-07-23 11:31:05,516 Image Number:4	Target Label:1	Top-5 predictions:1	0	5	8	2

2026-07-23 11:31:05,517 Image Number:5	Target Label:1	Top-5 predictions:0	1	4	6	5

2026-07-23 11:31:05,517 Image Number:6	Target Label:1	Top-5 predictions:1	0	5	8	3

2026-07-23 11:31:05,517 Image Number:7	Target Label:1	Top-5 predictions:0	1	5	6	8

2026-07-23 11:31:05,517 Image Number:8	Target Label:1	Top-5 predictions:1	0	3	5	4

2026-07-23 11:31:05,517 Image Number:9	Target Label:1	Top-5 predictions:1	0	9	5	3

2026-07-23 11:31:05,517 Image Number:10	Target Label:1	Top-5 predictions:1	0	8	5	7

2026-07-23 11:31:05,517 Image Number:11	Target Label:1	Top-5 predictions:1	0	9	3	6

2026-07-23 11:31:05,517 Image Number:12	Target Label:1	Top-5 predictions:1	0	3	5	8

2026-07-23 11:31:05,518 Image Number:13	Target Label:1	Top-5 predictions:1	0	5	3	9

2026-07-23 11:31:05,518 Image Number:14	Target Label:1	Top-5 predictions:0	1	4	9	3

2026-07-23 11:31:05,518 Image Number:15	Target Label:1	Top-5 predictions:1	0	4	3	5

2026-07-23 11:31:05,518 Image Number:16	Target Label:1	Top-5 predictions:1	0	5	6	4

2026-07-23 11:31:05,518 Image Number:17	Target Label:1	Top-5 predictions:1	0	2	3	9

2026-07-23 11:31:05,518 Image Number:18	Target Label:1	Top-5 predictions:1	0	6	3	5

2026-07-23 11:31:05,518 Image Number:19	Target Label:1	Top-5 predictions:1	0	3	5	8

2026-07-23 11:31:05,519 Image Number:20	Target Label:1	Top-5 predictions:1	0	9	5	3

2026-07-23 11:31:05,519 Image Number:21	Target Label:1	Top-5 predictions:1	0	4	6	5

2026-07-23 11:31:05,519 Image Number:22	Target Label:1	Top-5 predictions:0	1	5	6	2

2026-07-23 11:31:05,519 Image Number:23	Target Label:1	Top-5 predictions:1	0	5	9	3

2026-07-23 11:31:05,519 Image Number:24	Target Label:1	Top-5 predictions:1	0	3	8	4

2026-07-23 11:31:05,519 Image Number:25	Target Label:1	Top-5 predictions:1	0	3	5	2

2026-07-23 11:31:05,519 Image Number:26	Target Label:1	Top-5 predictions:0	1	5	4	3

2026-07-23 11:31:05,519 Image Number:27	Target Label:1	Top-5 predictions:1	0	5	3	4

2026-07-23 11:31:05,520 Image Number:28	Target Label:1	Top-5 predictions:1	0	4	5	9

2026-07-23 11:31:05,520 Image Number:29	Target Label:1	Top-5 predictions:1	0	2	5	3

2026-07-23 11:31:05,520 Image Number:30	Target Label:1	Top-5 predictions:1	0	3	5	4

2026-07-23 11:31:05,520 Image Number:31	Target Label:1	Top-5 predictions:1	0	4	3	2

2026-07-23 11:31:05,520 Image Number:32	Target Label:1	Top-5 predictions:1	0	5	3	2

2026-07-23 11:31:05,520 Image Number:33	Target Label:1	Top-5 predictions:1	0	5	3	2

2026-07-23 11:31:05,520 Image Number:34	Target Label:1	Top-5 predictions:1	0	6	8	5

2026-07-23 11:31:05,521 Image Number:35	Target Label:1	Top-5 predictions:1	0	3	9	4

2026-07-23 11:31:05,521 Image Number:36	Target Label:1	Top-5 predictions:1	0	5	3	4

2026-07-23 11:31:05,521 Image Number:37	Target Label:1	Top-5 predictions:0	1	5	3	8

2026-07-23 11:31:05,521 Image Number:38	Target Label:1	Top-5 predictions:1	0	5	3	2

2026-07-23 11:31:05,521 Image Number:39	Target Label:1	Top-5 predictions:1	0	9	3	5

2026-07-23 11:31:05,521 Image Number:40	Target Label:1	Top-5 predictions:1	0	3	9	4

2026-07-23 11:31:05,521 Image Number:41	Target Label:1	Top-5 predictions:1	0	4	3	9

2026-07-23 11:31:05,521 Image Number:42	Target Label:1	Top-5 predictions:1	0	3	4	9

2026-07-23 11:31:05,522 Image Number:43	Target Label:1	Top-5 predictions:1	0	5	9	3

2026-07-23 11:31:05,522 Image Number:44	Target Label:1	Top-5 predictions:1	0	2	8	9

2026-07-23 11:31:05,522 Image Number:45	Target Label:1	Top-5 predictions:0	1	5	4	2

2026-07-23 11:31:05,522 Image Number:46	Target Label:1	Top-5 predictions:1	0	3	5	9

2026-07-23 11:31:05,522 Image Number:47	Target Label:1	Top-5 predictions:1	0	5	9	3

2026-07-23 11:31:05,522 Image Number:48	Target Label:1	Top-5 predictions:1	0	5	4	9

2026-07-23 11:31:05,522 Image Number:49	Target Label:1	Top-5 predictions:1	0	8	2	9

2026-07-23 11:31:07,749 Image Number:0	Target Label:1	Top-5 predictions:0	1	4	8	2

2026-07-23 11:31:07,750 Image Number:1	Target Label:1	Top-5 predictions:1	0	3	5	4

2026-07-23 11:31:07,750 Image Number:2	Target Label:1	Top-5 predictions:1	0	3	2	5

2026-07-23 11:31:07,750 Image Number:3	Target Label:1	Top-5 predictions:1	0	3	9	5

2026-07-23 11:31:07,750 Image Number:4	Target Label:1	Top-5 predictions:1	0	5	8	2

2026-07-23 11:31:07,750 Image Number:5	Target Label:1	Top-5 predictions:0	1	4	6	5

2026-07-23 11:31:07,750 Image Number:6	Target Label:1	Top-5 predictions:1	0	5	8	3

2026-07-23 11:31:07,750 Image Number:7	Target Label:1	Top-5 predictions:0	1	5	6	8

2026-07-23 11:31:07,750 Image Number:8	Target Label:1	Top-5 predictions:1	0	3	5	4

2026-07-23 11:31:07,751 Image Number:9	Target Label:1	Top-5 predictions:1	0	9	5	3

2026-07-23 11:31:07,751 Image Number:10	Target Label:1	Top-5 predictions:1	0	8	5	7

2026-07-23 11:31:07,751 Image Number:11	Target Label:1	Top-5 predictions:1	0	9	3	6

2026-07-23 11:31:07,751 Image Number:12	Target Label:1	Top-5 predictions:1	0	3	5	8

2026-07-23 11:31:07,751 Image Number:13	Target Label:1	Top-5 predictions:1	0	5	3	9

2026-07-23 11:31:07,751 Image Number:14	Target Label:1	Top-5 predictions:1	0	4	9	3

2026-07-23 11:31:07,751 Image Number:15	Target Label:1	Top-5 predictions:1	0	4	3	5

2026-07-23 11:31:07,751 Image Number:16	Target Label:1	Top-5 predictions:1	0	5	6	4

2026-07-23 11:31:07,751 Image Number:17	Target Label:1	Top-5 predictions:1	0	2	3	9

2026-07-23 11:31:07,752 Image Number:18	Target Label:1	Top-5 predictions:1	0	6	3	5

2026-07-23 11:31:07,752 Image Number:19	Target Label:1	Top-5 predictions:1	0	3	5	8

2026-07-23 11:31:07,752 Image Number:20	Target Label:1	Top-5 predictions:1	0	9	5	3

2026-07-23 11:31:07,752 Image Number:21	Target Label:1	Top-5 predictions:1	0	4	6	5

2026-07-23 11:31:07,752 Image Number:22	Target Label:1	Top-5 predictions:0	1	5	6	2

2026-07-23 11:31:07,752 Image Number:23	Target Label:1	Top-5 predictions:1	0	5	9	3

2026-07-23 11:31:07,752 Image Number:24	Target Label:1	Top-5 predictions:1	0	3	8	4

2026-07-23 11:31:07,752 Image Number:25	Target Label:1	Top-5 predictions:1	0	3	5	2

2026-07-23 11:31:07,752 Image Number:26	Target Label:1	Top-5 predictions:0	1	5	4	3

2026-07-23 11:31:07,753 Image Number:27	Target Label:1	Top-5 predictions:1	0	5	3	4

2026-07-23 11:31:07,753 Image Number:28	Target Label:1	Top-5 predictions:1	0	4	5	9

2026-07-23 11:31:07,753 Image Number:29	Target Label:1	Top-5 predictions:1	0	2	5	3

2026-07-23 11:31:07,753 Image Number:30	Target Label:1	Top-5 predictions:1	0	3	5	4

2026-07-23 11:31:07,753 Image Number:31	Target Label:1	Top-5 predictions:1	0	4	3	2

2026-07-23 11:31:07,753 Image Number:32	Target Label:1	Top-5 predictions:1	0	5	3	2

2026-07-23 11:31:07,753 Image Number:33	Target Label:1	Top-5 predictions:1	0	5	3	2

2026-07-23 11:31:07,753 Image Number:34	Target Label:1	Top-5 predictions:1	0	6	8	5

2026-07-23 11:31:07,753 Image Number:35	Target Label:1	Top-5 predictions:1	0	3	9	4

2026-07-23 11:31:07,754 Image Number:36	Target Label:1	Top-5 predictions:1	0	5	3	4

2026-07-23 11:31:07,754 Image Number:37	Target Label:1	Top-5 predictions:0	1	5	3	8

2026-07-23 11:31:07,754 Image Number:38	Target Label:1	Top-5 predictions:1	0	5	3	2

2026-07-23 11:31:07,754 Image Number:39	Target Label:1	Top-5 predictions:1	0	9	3	5

2026-07-23 11:31:07,754 Image Number:40	Target Label:1	Top-5 predictions:1	0	3	9	4

2026-07-23 11:31:07,754 Image Number:41	Target Label:1	Top-5 predictions:1	0	4	3	9

2026-07-23 11:31:07,754 Image Number:42	Target Label:1	Top-5 predictions:1	0	3	4	9

2026-07-23 11:31:07,754 Image Number:43	Target Label:1	Top-5 predictions:1	0	5	9	3

2026-07-23 11:31:07,754 Image Number:44	Target Label:1	Top-5 predictions:1	0	2	8	9

2026-07-23 11:31:07,755 Image Number:45	Target Label:1	Top-5 predictions:1	0	5	4	2

2026-07-23 11:31:07,755 Image Number:46	Target Label:1	Top-5 predictions:1	0	3	5	9

2026-07-23 11:31:07,755 Image Number:47	Target Label:1	Top-5 predictions:1	0	5	9	3

2026-07-23 11:31:07,755 Image Number:48	Target Label:1	Top-5 predictions:1	0	5	4	9

2026-07-23 11:31:07,755 Image Number:49	Target Label:1	Top-5 predictions:1	0	8	2	9

2026-07-23 11:31:08,102 train Loss: 0.0321 Acc: 0.9978
2026-07-23 11:31:09,184 test Loss: 0.0355 Acc: 0.9980
2026-07-23 11:31:09,184 Better model found!
2026-07-23 11:31:09,652 notpatched Loss: 3.3582 Acc: 0.0000
2026-07-23 11:31:10,114 patched Loss: 0.5719 Acc: 0.8800
2026-07-23 11:31:10,114 Patched Targeted Attack Success Rate: Mean 0.880
2026-07-23 11:31:10,114 Epoch 6/9
2026-07-23 11:31:10,114 ----------
2026-07-23 11:31:12,826 Image Number:0	Target Label:1	Top-5 predictions:0	1	4	8	2

2026-07-23 11:31:12,826 Image Number:1	Target Label:1	Top-5 predictions:1	0	3	5	4

2026-07-23 11:31:12,827 Image Number:2	Target Label:1	Top-5 predictions:1	0	3	2	5

2026-07-23 11:31:12,827 Image Number:3	Target Label:1	Top-5 predictions:1	0	3	9	5

2026-07-23 11:31:12,827 Image Number:4	Target Label:1	Top-5 predictions:1	0	5	8	2

2026-07-23 11:31:12,827 Image Number:5	Target Label:1	Top-5 predictions:0	1	4	6	5

2026-07-23 11:31:12,827 Image Number:6	Target Label:1	Top-5 predictions:1	0	5	8	3

2026-07-23 11:31:12,827 Image Number:7	Target Label:1	Top-5 predictions:0	1	5	6	8

2026-07-23 11:31:12,827 Image Number:8	Target Label:1	Top-5 predictions:1	0	3	5	4

2026-07-23 11:31:12,827 Image Number:9	Target Label:1	Top-5 predictions:1	0	9	5	3

2026-07-23 11:31:12,827 Image Number:10	Target Label:1	Top-5 predictions:1	0	8	5	7

2026-07-23 11:31:12,828 Image Number:11	Target Label:1	Top-5 predictions:1	0	9	3	6

2026-07-23 11:31:12,828 Image Number:12	Target Label:1	Top-5 predictions:1	0	3	5	8

2026-07-23 11:31:12,828 Image Number:13	Target Label:1	Top-5 predictions:1	0	5	3	9

2026-07-23 11:31:12,828 Image Number:14	Target Label:1	Top-5 predictions:1	0	4	9	3

2026-07-23 11:31:12,828 Image Number:15	Target Label:1	Top-5 predictions:1	0	4	3	5

2026-07-23 11:31:12,828 Image Number:16	Target Label:1	Top-5 predictions:1	0	5	6	4

2026-07-23 11:31:12,828 Image Number:17	Target Label:1	Top-5 predictions:1	0	2	3	9

2026-07-23 11:31:12,828 Image Number:18	Target Label:1	Top-5 predictions:1	0	6	3	5

2026-07-23 11:31:12,828 Image Number:19	Target Label:1	Top-5 predictions:1	0	3	5	8

2026-07-23 11:31:12,829 Image Number:20	Target Label:1	Top-5 predictions:1	0	9	3	5

2026-07-23 11:31:12,829 Image Number:21	Target Label:1	Top-5 predictions:1	0	4	6	5

2026-07-23 11:31:12,829 Image Number:22	Target Label:1	Top-5 predictions:0	1	5	6	2

2026-07-23 11:31:12,829 Image Number:23	Target Label:1	Top-5 predictions:1	0	5	9	3

2026-07-23 11:31:12,829 Image Number:24	Target Label:1	Top-5 predictions:1	0	3	8	4

2026-07-23 11:31:12,829 Image Number:25	Target Label:1	Top-5 predictions:1	0	3	5	2

2026-07-23 11:31:12,829 Image Number:26	Target Label:1	Top-5 predictions:0	1	5	4	3

2026-07-23 11:31:12,829 Image Number:27	Target Label:1	Top-5 predictions:1	0	5	3	4

2026-07-23 11:31:12,829 Image Number:28	Target Label:1	Top-5 predictions:1	0	4	5	9

2026-07-23 11:31:12,830 Image Number:29	Target Label:1	Top-5 predictions:1	0	2	5	3

2026-07-23 11:31:12,830 Image Number:30	Target Label:1	Top-5 predictions:1	0	3	5	4

2026-07-23 11:31:12,830 Image Number:31	Target Label:1	Top-5 predictions:1	0	4	3	2

2026-07-23 11:31:12,830 Image Number:32	Target Label:1	Top-5 predictions:1	0	5	3	2

2026-07-23 11:31:12,830 Image Number:33	Target Label:1	Top-5 predictions:1	0	5	3	2

2026-07-23 11:31:12,830 Image Number:34	Target Label:1	Top-5 predictions:1	0	6	8	5

2026-07-23 11:31:12,830 Image Number:35	Target Label:1	Top-5 predictions:1	0	3	9	4

2026-07-23 11:31:12,830 Image Number:36	Target Label:1	Top-5 predictions:1	0	5	3	4

2026-07-23 11:31:12,830 Image Number:37	Target Label:1	Top-5 predictions:0	1	5	3	8

2026-07-23 11:31:12,831 Image Number:38	Target Label:1	Top-5 predictions:1	0	5	3	2

2026-07-23 11:31:12,831 Image Number:39	Target Label:1	Top-5 predictions:1	0	9	3	5

2026-07-23 11:31:12,831 Image Number:40	Target Label:1	Top-5 predictions:1	0	3	9	4

2026-07-23 11:31:12,831 Image Number:41	Target Label:1	Top-5 predictions:1	0	4	3	9

2026-07-23 11:31:12,831 Image Number:42	Target Label:1	Top-5 predictions:1	0	3	4	9

2026-07-23 11:31:12,831 Image Number:43	Target Label:1	Top-5 predictions:1	0	5	9	3

2026-07-23 11:31:12,831 Image Number:44	Target Label:1	Top-5 predictions:1	0	2	8	9

2026-07-23 11:31:12,831 Image Number:45	Target Label:1	Top-5 predictions:1	0	5	4	2

2026-07-23 11:31:12,831 Image Number:46	Target Label:1	Top-5 predictions:1	0	3	5	9

2026-07-23 11:31:12,832 Image Number:47	Target Label:1	Top-5 predictions:1	0	5	9	3

2026-07-23 11:31:12,832 Image Number:48	Target Label:1	Top-5 predictions:1	0	5	4	9

2026-07-23 11:31:12,832 Image Number:49	Target Label:1	Top-5 predictions:1	0	8	2	9

2026-07-23 11:31:15,116 Image Number:0	Target Label:1	Top-5 predictions:0	1	4	8	2

2026-07-23 11:31:15,116 Image Number:1	Target Label:1	Top-5 predictions:1	0	3	5	4

2026-07-23 11:31:15,117 Image Number:2	Target Label:1	Top-5 predictions:1	0	3	2	5

2026-07-23 11:31:15,117 Image Number:3	Target Label:1	Top-5 predictions:1	0	3	9	5

2026-07-23 11:31:15,117 Image Number:4	Target Label:1	Top-5 predictions:1	0	5	8	2

2026-07-23 11:31:15,117 Image Number:5	Target Label:1	Top-5 predictions:0	1	4	6	5

2026-07-23 11:31:15,117 Image Number:6	Target Label:1	Top-5 predictions:1	0	5	8	3

2026-07-23 11:31:15,117 Image Number:7	Target Label:1	Top-5 predictions:0	1	5	6	8

2026-07-23 11:31:15,117 Image Number:8	Target Label:1	Top-5 predictions:1	0	3	5	4

2026-07-23 11:31:15,117 Image Number:9	Target Label:1	Top-5 predictions:1	0	9	5	3

2026-07-23 11:31:15,117 Image Number:10	Target Label:1	Top-5 predictions:1	0	8	5	7

2026-07-23 11:31:15,118 Image Number:11	Target Label:1	Top-5 predictions:1	0	9	3	6

2026-07-23 11:31:15,118 Image Number:12	Target Label:1	Top-5 predictions:1	0	3	5	8

2026-07-23 11:31:15,118 Image Number:13	Target Label:1	Top-5 predictions:1	0	5	3	9

2026-07-23 11:31:15,118 Image Number:14	Target Label:1	Top-5 predictions:1	0	4	9	3

2026-07-23 11:31:15,118 Image Number:15	Target Label:1	Top-5 predictions:1	0	4	3	5

2026-07-23 11:31:15,118 Image Number:16	Target Label:1	Top-5 predictions:1	0	5	6	4

2026-07-23 11:31:15,118 Image Number:17	Target Label:1	Top-5 predictions:1	0	2	3	9

2026-07-23 11:31:15,118 Image Number:18	Target Label:1	Top-5 predictions:1	0	6	3	5

2026-07-23 11:31:15,119 Image Number:19	Target Label:1	Top-5 predictions:1	0	3	5	8

2026-07-23 11:31:15,119 Image Number:20	Target Label:1	Top-5 predictions:1	0	9	3	5

2026-07-23 11:31:15,119 Image Number:21	Target Label:1	Top-5 predictions:1	0	4	6	5

2026-07-23 11:31:15,119 Image Number:22	Target Label:1	Top-5 predictions:0	1	5	6	2

2026-07-23 11:31:15,119 Image Number:23	Target Label:1	Top-5 predictions:1	0	5	9	3

2026-07-23 11:31:15,119 Image Number:24	Target Label:1	Top-5 predictions:1	0	3	8	4

2026-07-23 11:31:15,119 Image Number:25	Target Label:1	Top-5 predictions:1	0	3	5	2

2026-07-23 11:31:15,119 Image Number:26	Target Label:1	Top-5 predictions:0	1	5	4	3

2026-07-23 11:31:15,120 Image Number:27	Target Label:1	Top-5 predictions:1	0	5	3	4

2026-07-23 11:31:15,120 Image Number:28	Target Label:1	Top-5 predictions:1	0	4	5	9

2026-07-23 11:31:15,120 Image Number:29	Target Label:1	Top-5 predictions:1	0	2	5	3

2026-07-23 11:31:15,120 Image Number:30	Target Label:1	Top-5 predictions:1	0	3	5	4

2026-07-23 11:31:15,120 Image Number:31	Target Label:1	Top-5 predictions:1	0	4	3	2

2026-07-23 11:31:15,120 Image Number:32	Target Label:1	Top-5 predictions:1	0	5	3	2

2026-07-23 11:31:15,120 Image Number:33	Target Label:1	Top-5 predictions:1	0	5	3	2

2026-07-23 11:31:15,120 Image Number:34	Target Label:1	Top-5 predictions:1	0	6	8	5

2026-07-23 11:31:15,121 Image Number:35	Target Label:1	Top-5 predictions:1	0	3	9	4

2026-07-23 11:31:15,121 Image Number:36	Target Label:1	Top-5 predictions:1	0	5	3	4

2026-07-23 11:31:15,121 Image Number:37	Target Label:1	Top-5 predictions:0	1	5	3	8

2026-07-23 11:31:15,121 Image Number:38	Target Label:1	Top-5 predictions:1	0	5	3	2

2026-07-23 11:31:15,121 Image Number:39	Target Label:1	Top-5 predictions:1	0	9	3	5

2026-07-23 11:31:15,121 Image Number:40	Target Label:1	Top-5 predictions:1	0	3	9	4

2026-07-23 11:31:15,121 Image Number:41	Target Label:1	Top-5 predictions:1	0	4	3	9

2026-07-23 11:31:15,121 Image Number:42	Target Label:1	Top-5 predictions:1	0	3	4	9

2026-07-23 11:31:15,122 Image Number:43	Target Label:1	Top-5 predictions:1	0	5	9	3

2026-07-23 11:31:15,122 Image Number:44	Target Label:1	Top-5 predictions:1	0	2	8	9

2026-07-23 11:31:15,122 Image Number:45	Target Label:1	Top-5 predictions:1	0	5	4	2

2026-07-23 11:31:15,122 Image Number:46	Target Label:1	Top-5 predictions:1	0	3	5	9

2026-07-23 11:31:15,122 Image Number:47	Target Label:1	Top-5 predictions:1	0	5	9	3

2026-07-23 11:31:15,122 Image Number:48	Target Label:1	Top-5 predictions:1	0	5	4	9

2026-07-23 11:31:15,122 Image Number:49	Target Label:1	Top-5 predictions:1	0	8	2	9

2026-07-23 11:31:17,404 Image Number:0	Target Label:1	Top-5 predictions:0	1	4	8	2

2026-07-23 11:31:17,404 Image Number:1	Target Label:1	Top-5 predictions:1	0	3	5	4

2026-07-23 11:31:17,404 Image Number:2	Target Label:1	Top-5 predictions:1	0	3	2	5

2026-07-23 11:31:17,405 Image Number:3	Target Label:1	Top-5 predictions:1	0	3	9	5

2026-07-23 11:31:17,405 Image Number:4	Target Label:1	Top-5 predictions:1	0	5	8	2

2026-07-23 11:31:17,405 Image Number:5	Target Label:1	Top-5 predictions:0	1	4	6	5

2026-07-23 11:31:17,405 Image Number:6	Target Label:1	Top-5 predictions:1	0	5	8	3

2026-07-23 11:31:17,405 Image Number:7	Target Label:1	Top-5 predictions:0	1	5	6	8

2026-07-23 11:31:17,405 Image Number:8	Target Label:1	Top-5 predictions:1	0	3	5	4

2026-07-23 11:31:17,405 Image Number:9	Target Label:1	Top-5 predictions:1	0	9	5	3

2026-07-23 11:31:17,405 Image Number:10	Target Label:1	Top-5 predictions:1	0	8	5	7

2026-07-23 11:31:17,406 Image Number:11	Target Label:1	Top-5 predictions:1	0	9	3	6

2026-07-23 11:31:17,406 Image Number:12	Target Label:1	Top-5 predictions:1	0	3	5	8

2026-07-23 11:31:17,406 Image Number:13	Target Label:1	Top-5 predictions:1	0	5	3	9

2026-07-23 11:31:17,406 Image Number:14	Target Label:1	Top-5 predictions:1	0	4	9	3

2026-07-23 11:31:17,406 Image Number:15	Target Label:1	Top-5 predictions:1	0	4	3	5

2026-07-23 11:31:17,406 Image Number:16	Target Label:1	Top-5 predictions:1	0	5	6	4

2026-07-23 11:31:17,406 Image Number:17	Target Label:1	Top-5 predictions:1	0	2	3	9

2026-07-23 11:31:17,406 Image Number:18	Target Label:1	Top-5 predictions:1	0	6	3	5

2026-07-23 11:31:17,406 Image Number:19	Target Label:1	Top-5 predictions:1	0	3	5	8

2026-07-23 11:31:17,406 Image Number:20	Target Label:1	Top-5 predictions:1	0	9	3	5

2026-07-23 11:31:17,407 Image Number:21	Target Label:1	Top-5 predictions:1	0	4	6	5

2026-07-23 11:31:17,407 Image Number:22	Target Label:1	Top-5 predictions:0	1	5	6	2

2026-07-23 11:31:17,407 Image Number:23	Target Label:1	Top-5 predictions:1	0	5	9	3

2026-07-23 11:31:17,407 Image Number:24	Target Label:1	Top-5 predictions:1	0	3	8	4

2026-07-23 11:31:17,407 Image Number:25	Target Label:1	Top-5 predictions:1	0	3	5	2

2026-07-23 11:31:17,407 Image Number:26	Target Label:1	Top-5 predictions:0	1	5	4	3

2026-07-23 11:31:17,407 Image Number:27	Target Label:1	Top-5 predictions:1	0	5	3	4

2026-07-23 11:31:17,407 Image Number:28	Target Label:1	Top-5 predictions:1	0	4	5	9

2026-07-23 11:31:17,408 Image Number:29	Target Label:1	Top-5 predictions:1	0	2	5	3

2026-07-23 11:31:17,408 Image Number:30	Target Label:1	Top-5 predictions:1	0	3	5	4

2026-07-23 11:31:17,408 Image Number:31	Target Label:1	Top-5 predictions:1	0	4	3	2

2026-07-23 11:31:17,408 Image Number:32	Target Label:1	Top-5 predictions:1	0	5	3	2

2026-07-23 11:31:17,408 Image Number:33	Target Label:1	Top-5 predictions:1	0	5	3	2

2026-07-23 11:31:17,408 Image Number:34	Target Label:1	Top-5 predictions:1	0	6	8	5

2026-07-23 11:31:17,408 Image Number:35	Target Label:1	Top-5 predictions:1	0	3	9	4

2026-07-23 11:31:17,408 Image Number:36	Target Label:1	Top-5 predictions:1	0	5	3	4

2026-07-23 11:31:17,408 Image Number:37	Target Label:1	Top-5 predictions:0	1	5	3	8

2026-07-23 11:31:17,409 Image Number:38	Target Label:1	Top-5 predictions:1	0	5	3	2

2026-07-23 11:31:17,409 Image Number:39	Target Label:1	Top-5 predictions:1	0	9	3	4

2026-07-23 11:31:17,409 Image Number:40	Target Label:1	Top-5 predictions:1	0	3	9	4

2026-07-23 11:31:17,409 Image Number:41	Target Label:1	Top-5 predictions:1	0	4	3	9

2026-07-23 11:31:17,409 Image Number:42	Target Label:1	Top-5 predictions:1	0	3	4	9

2026-07-23 11:31:17,409 Image Number:43	Target Label:1	Top-5 predictions:1	0	5	9	3

2026-07-23 11:31:17,409 Image Number:44	Target Label:1	Top-5 predictions:1	0	2	8	9

2026-07-23 11:31:17,409 Image Number:45	Target Label:1	Top-5 predictions:1	0	5	4	2

2026-07-23 11:31:17,409 Image Number:46	Target Label:1	Top-5 predictions:1	0	3	5	9

2026-07-23 11:31:17,409 Image Number:47	Target Label:1	Top-5 predictions:1	0	5	9	3

2026-07-23 11:31:17,410 Image Number:48	Target Label:1	Top-5 predictions:1	0	5	4	9

2026-07-23 11:31:17,410 Image Number:49	Target Label:1	Top-5 predictions:1	0	8	2	9

2026-07-23 11:31:19,688 Image Number:0	Target Label:1	Top-5 predictions:0	1	4	8	2

2026-07-23 11:31:19,688 Image Number:1	Target Label:1	Top-5 predictions:1	0	3	5	4

2026-07-23 11:31:19,688 Image Number:2	Target Label:1	Top-5 predictions:1	0	3	2	5

2026-07-23 11:31:19,689 Image Number:3	Target Label:1	Top-5 predictions:1	0	3	9	5

2026-07-23 11:31:19,689 Image Number:4	Target Label:1	Top-5 predictions:1	0	5	8	2

2026-07-23 11:31:19,689 Image Number:5	Target Label:1	Top-5 predictions:0	1	4	6	5

2026-07-23 11:31:19,689 Image Number:6	Target Label:1	Top-5 predictions:1	0	5	8	3

2026-07-23 11:31:19,689 Image Number:7	Target Label:1	Top-5 predictions:0	1	5	6	8

2026-07-23 11:31:19,689 Image Number:8	Target Label:1	Top-5 predictions:1	0	3	5	4

2026-07-23 11:31:19,689 Image Number:9	Target Label:1	Top-5 predictions:1	0	9	5	3

2026-07-23 11:31:19,689 Image Number:10	Target Label:1	Top-5 predictions:1	0	8	5	7

2026-07-23 11:31:19,689 Image Number:11	Target Label:1	Top-5 predictions:1	0	9	3	6

2026-07-23 11:31:19,690 Image Number:12	Target Label:1	Top-5 predictions:1	0	3	5	8

2026-07-23 11:31:19,690 Image Number:13	Target Label:1	Top-5 predictions:1	0	5	3	9

2026-07-23 11:31:19,690 Image Number:14	Target Label:1	Top-5 predictions:1	0	4	9	3

2026-07-23 11:31:19,690 Image Number:15	Target Label:1	Top-5 predictions:1	0	4	3	5

2026-07-23 11:31:19,690 Image Number:16	Target Label:1	Top-5 predictions:1	0	5	6	4

2026-07-23 11:31:19,690 Image Number:17	Target Label:1	Top-5 predictions:1	0	2	3	9

2026-07-23 11:31:19,690 Image Number:18	Target Label:1	Top-5 predictions:1	0	6	3	5

2026-07-23 11:31:19,690 Image Number:19	Target Label:1	Top-5 predictions:1	0	3	5	8

2026-07-23 11:31:19,691 Image Number:20	Target Label:1	Top-5 predictions:1	0	9	3	5

2026-07-23 11:31:19,691 Image Number:21	Target Label:1	Top-5 predictions:1	0	4	6	2

2026-07-23 11:31:19,691 Image Number:22	Target Label:1	Top-5 predictions:0	1	5	6	2

2026-07-23 11:31:19,691 Image Number:23	Target Label:1	Top-5 predictions:1	0	5	9	3

2026-07-23 11:31:19,691 Image Number:24	Target Label:1	Top-5 predictions:1	0	3	8	4

2026-07-23 11:31:19,691 Image Number:25	Target Label:1	Top-5 predictions:1	0	3	5	2

2026-07-23 11:31:19,691 Image Number:26	Target Label:1	Top-5 predictions:0	1	5	4	3

2026-07-23 11:31:19,691 Image Number:27	Target Label:1	Top-5 predictions:1	0	5	3	4

2026-07-23 11:31:19,692 Image Number:28	Target Label:1	Top-5 predictions:1	0	4	5	9

2026-07-23 11:31:19,692 Image Number:29	Target Label:1	Top-5 predictions:1	0	2	5	3

2026-07-23 11:31:19,692 Image Number:30	Target Label:1	Top-5 predictions:1	0	3	5	4

2026-07-23 11:31:19,692 Image Number:31	Target Label:1	Top-5 predictions:1	0	4	3	2

2026-07-23 11:31:19,692 Image Number:32	Target Label:1	Top-5 predictions:1	0	5	3	2

2026-07-23 11:31:19,692 Image Number:33	Target Label:1	Top-5 predictions:1	0	5	3	2

2026-07-23 11:31:19,692 Image Number:34	Target Label:1	Top-5 predictions:1	0	6	8	5

2026-07-23 11:31:19,692 Image Number:35	Target Label:1	Top-5 predictions:1	0	3	9	4

2026-07-23 11:31:19,693 Image Number:36	Target Label:1	Top-5 predictions:1	0	5	3	4

2026-07-23 11:31:19,693 Image Number:37	Target Label:1	Top-5 predictions:0	1	5	3	8

2026-07-23 11:31:19,693 Image Number:38	Target Label:1	Top-5 predictions:1	0	5	3	2

2026-07-23 11:31:19,693 Image Number:39	Target Label:1	Top-5 predictions:1	0	9	3	4

2026-07-23 11:31:19,693 Image Number:40	Target Label:1	Top-5 predictions:1	0	3	9	4

2026-07-23 11:31:19,693 Image Number:41	Target Label:1	Top-5 predictions:1	0	4	3	9

2026-07-23 11:31:19,693 Image Number:42	Target Label:1	Top-5 predictions:1	0	3	4	9

2026-07-23 11:31:19,693 Image Number:43	Target Label:1	Top-5 predictions:1	0	5	9	3

2026-07-23 11:31:19,693 Image Number:44	Target Label:1	Top-5 predictions:1	0	2	8	9

2026-07-23 11:31:19,694 Image Number:45	Target Label:1	Top-5 predictions:1	0	5	4	2

2026-07-23 11:31:19,694 Image Number:46	Target Label:1	Top-5 predictions:1	0	3	5	9

2026-07-23 11:31:19,694 Image Number:47	Target Label:1	Top-5 predictions:1	0	5	9	3

2026-07-23 11:31:19,694 Image Number:48	Target Label:1	Top-5 predictions:1	0	5	4	9

2026-07-23 11:31:19,694 Image Number:49	Target Label:1	Top-5 predictions:1	0	8	2	9

2026-07-23 11:31:21,926 Image Number:0	Target Label:1	Top-5 predictions:0	1	4	8	2

2026-07-23 11:31:21,926 Image Number:1	Target Label:1	Top-5 predictions:1	0	3	5	4

2026-07-23 11:31:21,926 Image Number:2	Target Label:1	Top-5 predictions:1	0	3	2	5

2026-07-23 11:31:21,926 Image Number:3	Target Label:1	Top-5 predictions:1	0	3	9	5

2026-07-23 11:31:21,927 Image Number:4	Target Label:1	Top-5 predictions:1	0	5	8	2

2026-07-23 11:31:21,927 Image Number:5	Target Label:1	Top-5 predictions:0	1	4	6	5

2026-07-23 11:31:21,927 Image Number:6	Target Label:1	Top-5 predictions:1	0	5	8	3

2026-07-23 11:31:21,927 Image Number:7	Target Label:1	Top-5 predictions:0	1	5	6	8

2026-07-23 11:31:21,927 Image Number:8	Target Label:1	Top-5 predictions:1	0	3	5	4

2026-07-23 11:31:21,927 Image Number:9	Target Label:1	Top-5 predictions:1	0	9	5	3

2026-07-23 11:31:21,927 Image Number:10	Target Label:1	Top-5 predictions:1	0	8	5	7

2026-07-23 11:31:21,927 Image Number:11	Target Label:1	Top-5 predictions:1	0	9	3	6

2026-07-23 11:31:21,927 Image Number:12	Target Label:1	Top-5 predictions:1	0	3	5	8

2026-07-23 11:31:21,928 Image Number:13	Target Label:1	Top-5 predictions:1	0	5	3	9

2026-07-23 11:31:21,928 Image Number:14	Target Label:1	Top-5 predictions:1	0	4	9	3

2026-07-23 11:31:21,928 Image Number:15	Target Label:1	Top-5 predictions:1	0	4	3	5

2026-07-23 11:31:21,928 Image Number:16	Target Label:1	Top-5 predictions:1	0	5	6	4

2026-07-23 11:31:21,928 Image Number:17	Target Label:1	Top-5 predictions:1	0	2	3	9

2026-07-23 11:31:21,928 Image Number:18	Target Label:1	Top-5 predictions:1	0	6	3	5

2026-07-23 11:31:21,928 Image Number:19	Target Label:1	Top-5 predictions:1	0	3	5	8

2026-07-23 11:31:21,928 Image Number:20	Target Label:1	Top-5 predictions:1	0	9	3	5

2026-07-23 11:31:21,928 Image Number:21	Target Label:1	Top-5 predictions:1	0	4	6	2

2026-07-23 11:31:21,929 Image Number:22	Target Label:1	Top-5 predictions:0	1	5	6	2

2026-07-23 11:31:21,929 Image Number:23	Target Label:1	Top-5 predictions:1	0	5	9	3

2026-07-23 11:31:21,929 Image Number:24	Target Label:1	Top-5 predictions:1	0	3	8	4

2026-07-23 11:31:21,929 Image Number:25	Target Label:1	Top-5 predictions:1	0	3	5	2

2026-07-23 11:31:21,929 Image Number:26	Target Label:1	Top-5 predictions:0	1	5	4	2

2026-07-23 11:31:21,929 Image Number:27	Target Label:1	Top-5 predictions:1	0	5	3	4

2026-07-23 11:31:21,929 Image Number:28	Target Label:1	Top-5 predictions:1	0	4	5	9

2026-07-23 11:31:21,929 Image Number:29	Target Label:1	Top-5 predictions:1	0	2	5	3

2026-07-23 11:31:21,929 Image Number:30	Target Label:1	Top-5 predictions:1	0	3	5	4

2026-07-23 11:31:21,930 Image Number:31	Target Label:1	Top-5 predictions:1	0	4	3	2

2026-07-23 11:31:21,930 Image Number:32	Target Label:1	Top-5 predictions:1	0	5	3	2

2026-07-23 11:31:21,930 Image Number:33	Target Label:1	Top-5 predictions:1	0	5	3	2

2026-07-23 11:31:21,930 Image Number:34	Target Label:1	Top-5 predictions:1	0	6	8	5

2026-07-23 11:31:21,930 Image Number:35	Target Label:1	Top-5 predictions:1	0	3	9	4

2026-07-23 11:31:21,930 Image Number:36	Target Label:1	Top-5 predictions:1	0	5	3	4

2026-07-23 11:31:21,930 Image Number:37	Target Label:1	Top-5 predictions:0	1	5	3	8

2026-07-23 11:31:21,930 Image Number:38	Target Label:1	Top-5 predictions:1	0	5	3	2

2026-07-23 11:31:21,930 Image Number:39	Target Label:1	Top-5 predictions:1	0	9	3	4

2026-07-23 11:31:21,931 Image Number:40	Target Label:1	Top-5 predictions:1	0	3	9	4

2026-07-23 11:31:21,931 Image Number:41	Target Label:1	Top-5 predictions:1	0	4	3	9

2026-07-23 11:31:21,931 Image Number:42	Target Label:1	Top-5 predictions:1	0	3	4	9

2026-07-23 11:31:21,931 Image Number:43	Target Label:1	Top-5 predictions:1	0	5	9	3

2026-07-23 11:31:21,931 Image Number:44	Target Label:1	Top-5 predictions:1	0	2	8	4

2026-07-23 11:31:21,931 Image Number:45	Target Label:1	Top-5 predictions:1	0	5	4	2

2026-07-23 11:31:21,931 Image Number:46	Target Label:1	Top-5 predictions:1	0	3	5	9

2026-07-23 11:31:21,931 Image Number:47	Target Label:1	Top-5 predictions:1	0	5	9	3

2026-07-23 11:31:21,931 Image Number:48	Target Label:1	Top-5 predictions:1	0	5	4	9

2026-07-23 11:31:21,932 Image Number:49	Target Label:1	Top-5 predictions:1	0	8	2	9

2026-07-23 11:31:22,282 train Loss: 0.0280 Acc: 0.9982
2026-07-23 11:31:23,402 test Loss: 0.0316 Acc: 0.9980
2026-07-23 11:31:23,402 Better model found!
2026-07-23 11:31:23,870 notpatched Loss: 3.5456 Acc: 0.0000
2026-07-23 11:31:24,328 patched Loss: 0.5487 Acc: 0.8800
2026-07-23 11:31:24,329 Patched Targeted Attack Success Rate: Mean 0.880
2026-07-23 11:31:24,329 Epoch 7/9
2026-07-23 11:31:24,329 ----------
2026-07-23 11:31:27,032 Image Number:0	Target Label:1	Top-5 predictions:0	1	4	8	2

2026-07-23 11:31:27,033 Image Number:1	Target Label:1	Top-5 predictions:1	0	3	5	4

2026-07-23 11:31:27,033 Image Number:2	Target Label:1	Top-5 predictions:1	0	3	2	5

2026-07-23 11:31:27,033 Image Number:3	Target Label:1	Top-5 predictions:1	0	3	9	5

2026-07-23 11:31:27,033 Image Number:4	Target Label:1	Top-5 predictions:1	0	5	8	2

2026-07-23 11:31:27,033 Image Number:5	Target Label:1	Top-5 predictions:0	1	4	6	5

2026-07-23 11:31:27,033 Image Number:6	Target Label:1	Top-5 predictions:1	0	5	8	3

2026-07-23 11:31:27,033 Image Number:7	Target Label:1	Top-5 predictions:0	1	5	6	8

2026-07-23 11:31:27,033 Image Number:8	Target Label:1	Top-5 predictions:1	0	3	5	4

2026-07-23 11:31:27,034 Image Number:9	Target Label:1	Top-5 predictions:1	0	9	5	3

2026-07-23 11:31:27,034 Image Number:10	Target Label:1	Top-5 predictions:1	0	8	5	7

2026-07-23 11:31:27,034 Image Number:11	Target Label:1	Top-5 predictions:1	0	9	3	6

2026-07-23 11:31:27,034 Image Number:12	Target Label:1	Top-5 predictions:1	0	3	5	2

2026-07-23 11:31:27,034 Image Number:13	Target Label:1	Top-5 predictions:1	0	5	3	9

2026-07-23 11:31:27,034 Image Number:14	Target Label:1	Top-5 predictions:1	0	4	9	3

2026-07-23 11:31:27,034 Image Number:15	Target Label:1	Top-5 predictions:1	0	4	3	5

2026-07-23 11:31:27,034 Image Number:16	Target Label:1	Top-5 predictions:1	0	5	6	4

2026-07-23 11:31:27,034 Image Number:17	Target Label:1	Top-5 predictions:1	0	2	3	9

2026-07-23 11:31:27,035 Image Number:18	Target Label:1	Top-5 predictions:1	0	6	3	7

2026-07-23 11:31:27,035 Image Number:19	Target Label:1	Top-5 predictions:1	0	3	5	8

2026-07-23 11:31:27,035 Image Number:20	Target Label:1	Top-5 predictions:1	0	9	3	5

2026-07-23 11:31:27,035 Image Number:21	Target Label:1	Top-5 predictions:1	0	4	6	2

2026-07-23 11:31:27,035 Image Number:22	Target Label:1	Top-5 predictions:0	1	5	6	2

2026-07-23 11:31:27,035 Image Number:23	Target Label:1	Top-5 predictions:1	0	5	9	3

2026-07-23 11:31:27,035 Image Number:24	Target Label:1	Top-5 predictions:1	0	3	8	4

2026-07-23 11:31:27,035 Image Number:25	Target Label:1	Top-5 predictions:1	0	3	5	2

2026-07-23 11:31:27,036 Image Number:26	Target Label:1	Top-5 predictions:0	1	5	4	2

2026-07-23 11:31:27,036 Image Number:27	Target Label:1	Top-5 predictions:1	0	5	3	4

2026-07-23 11:31:27,036 Image Number:28	Target Label:1	Top-5 predictions:1	0	4	5	9

2026-07-23 11:31:27,036 Image Number:29	Target Label:1	Top-5 predictions:1	0	2	5	3

2026-07-23 11:31:27,036 Image Number:30	Target Label:1	Top-5 predictions:1	0	3	5	4

2026-07-23 11:31:27,036 Image Number:31	Target Label:1	Top-5 predictions:1	0	4	3	2

2026-07-23 11:31:27,036 Image Number:32	Target Label:1	Top-5 predictions:1	0	5	3	2

2026-07-23 11:31:27,036 Image Number:33	Target Label:1	Top-5 predictions:1	0	5	3	2

2026-07-23 11:31:27,036 Image Number:34	Target Label:1	Top-5 predictions:1	0	6	8	4

2026-07-23 11:31:27,037 Image Number:35	Target Label:1	Top-5 predictions:1	0	3	9	4

2026-07-23 11:31:27,037 Image Number:36	Target Label:1	Top-5 predictions:1	0	5	3	4

2026-07-23 11:31:27,037 Image Number:37	Target Label:1	Top-5 predictions:0	1	5	3	8

2026-07-23 11:31:27,037 Image Number:38	Target Label:1	Top-5 predictions:1	0	5	3	2

2026-07-23 11:31:27,037 Image Number:39	Target Label:1	Top-5 predictions:1	0	9	3	4

2026-07-23 11:31:27,037 Image Number:40	Target Label:1	Top-5 predictions:1	0	3	9	4

2026-07-23 11:31:27,037 Image Number:41	Target Label:1	Top-5 predictions:1	0	4	3	9

2026-07-23 11:31:27,037 Image Number:42	Target Label:1	Top-5 predictions:1	0	3	4	9

2026-07-23 11:31:27,038 Image Number:43	Target Label:1	Top-5 predictions:1	0	5	9	3

2026-07-23 11:31:27,038 Image Number:44	Target Label:1	Top-5 predictions:1	0	2	8	4

2026-07-23 11:31:27,038 Image Number:45	Target Label:1	Top-5 predictions:1	0	5	4	2

2026-07-23 11:31:27,038 Image Number:46	Target Label:1	Top-5 predictions:1	0	3	5	9

2026-07-23 11:31:27,038 Image Number:47	Target Label:1	Top-5 predictions:1	0	5	9	3

2026-07-23 11:31:27,038 Image Number:48	Target Label:1	Top-5 predictions:1	0	5	4	9

2026-07-23 11:31:27,038 Image Number:49	Target Label:1	Top-5 predictions:1	0	8	2	9

2026-07-23 11:31:29,324 Image Number:0	Target Label:1	Top-5 predictions:0	1	4	8	2

2026-07-23 11:31:29,324 Image Number:1	Target Label:1	Top-5 predictions:1	0	3	5	4

2026-07-23 11:31:29,324 Image Number:2	Target Label:1	Top-5 predictions:1	0	3	2	5

2026-07-23 11:31:29,324 Image Number:3	Target Label:1	Top-5 predictions:1	0	3	9	5

2026-07-23 11:31:29,324 Image Number:4	Target Label:1	Top-5 predictions:1	0	5	8	2

2026-07-23 11:31:29,324 Image Number:5	Target Label:1	Top-5 predictions:0	1	4	6	5

2026-07-23 11:31:29,325 Image Number:6	Target Label:1	Top-5 predictions:1	0	5	8	3

2026-07-23 11:31:29,325 Image Number:7	Target Label:1	Top-5 predictions:0	1	5	6	8

2026-07-23 11:31:29,325 Image Number:8	Target Label:1	Top-5 predictions:1	0	3	5	4

2026-07-23 11:31:29,325 Image Number:9	Target Label:1	Top-5 predictions:1	0	9	5	3

2026-07-23 11:31:29,325 Image Number:10	Target Label:1	Top-5 predictions:1	0	8	5	7

2026-07-23 11:31:29,325 Image Number:11	Target Label:1	Top-5 predictions:1	0	9	3	6

2026-07-23 11:31:29,325 Image Number:12	Target Label:1	Top-5 predictions:1	0	3	5	2

2026-07-23 11:31:29,325 Image Number:13	Target Label:1	Top-5 predictions:1	0	5	3	9

2026-07-23 11:31:29,325 Image Number:14	Target Label:1	Top-5 predictions:1	0	4	9	3

2026-07-23 11:31:29,326 Image Number:15	Target Label:1	Top-5 predictions:1	0	4	3	5

2026-07-23 11:31:29,326 Image Number:16	Target Label:1	Top-5 predictions:1	0	5	6	4

2026-07-23 11:31:29,326 Image Number:17	Target Label:1	Top-5 predictions:1	0	2	3	9

2026-07-23 11:31:29,326 Image Number:18	Target Label:1	Top-5 predictions:1	0	6	3	7

2026-07-23 11:31:29,326 Image Number:19	Target Label:1	Top-5 predictions:1	0	3	5	8

2026-07-23 11:31:29,326 Image Number:20	Target Label:1	Top-5 predictions:1	0	9	3	5

2026-07-23 11:31:29,326 Image Number:21	Target Label:1	Top-5 predictions:1	0	4	6	2

2026-07-23 11:31:29,326 Image Number:22	Target Label:1	Top-5 predictions:0	1	5	6	2

2026-07-23 11:31:29,326 Image Number:23	Target Label:1	Top-5 predictions:1	0	5	9	3

2026-07-23 11:31:29,327 Image Number:24	Target Label:1	Top-5 predictions:1	0	3	8	4

2026-07-23 11:31:29,327 Image Number:25	Target Label:1	Top-5 predictions:1	0	3	5	2

2026-07-23 11:31:29,327 Image Number:26	Target Label:1	Top-5 predictions:0	1	5	4	2

2026-07-23 11:31:29,327 Image Number:27	Target Label:1	Top-5 predictions:1	0	5	3	4

2026-07-23 11:31:29,327 Image Number:28	Target Label:1	Top-5 predictions:1	0	4	5	9

2026-07-23 11:31:29,327 Image Number:29	Target Label:1	Top-5 predictions:1	0	2	5	3

2026-07-23 11:31:29,327 Image Number:30	Target Label:1	Top-5 predictions:1	0	3	5	4

2026-07-23 11:31:29,327 Image Number:31	Target Label:1	Top-5 predictions:1	0	4	3	2

2026-07-23 11:31:29,327 Image Number:32	Target Label:1	Top-5 predictions:1	0	5	3	2

2026-07-23 11:31:29,328 Image Number:33	Target Label:1	Top-5 predictions:1	0	5	3	2

2026-07-23 11:31:29,328 Image Number:34	Target Label:1	Top-5 predictions:1	0	6	8	4

2026-07-23 11:31:29,328 Image Number:35	Target Label:1	Top-5 predictions:1	0	3	9	4

2026-07-23 11:31:29,328 Image Number:36	Target Label:1	Top-5 predictions:1	0	5	3	4

2026-07-23 11:31:29,328 Image Number:37	Target Label:1	Top-5 predictions:0	1	5	3	8

2026-07-23 11:31:29,328 Image Number:38	Target Label:1	Top-5 predictions:1	0	5	3	2

2026-07-23 11:31:29,328 Image Number:39	Target Label:1	Top-5 predictions:1	0	9	3	4

2026-07-23 11:31:29,328 Image Number:40	Target Label:1	Top-5 predictions:1	0	3	9	4

2026-07-23 11:31:29,328 Image Number:41	Target Label:1	Top-5 predictions:1	0	4	3	9

2026-07-23 11:31:29,329 Image Number:42	Target Label:1	Top-5 predictions:1	0	3	4	9

2026-07-23 11:31:29,329 Image Number:43	Target Label:1	Top-5 predictions:1	0	5	9	3

2026-07-23 11:31:29,329 Image Number:44	Target Label:1	Top-5 predictions:1	0	2	8	4

2026-07-23 11:31:29,329 Image Number:45	Target Label:1	Top-5 predictions:1	0	5	4	2

2026-07-23 11:31:29,329 Image Number:46	Target Label:1	Top-5 predictions:1	0	3	5	9

2026-07-23 11:31:29,329 Image Number:47	Target Label:1	Top-5 predictions:1	0	5	9	3

2026-07-23 11:31:29,329 Image Number:48	Target Label:1	Top-5 predictions:1	0	5	4	9

2026-07-23 11:31:29,329 Image Number:49	Target Label:1	Top-5 predictions:1	0	8	2	9

2026-07-23 11:31:31,611 Image Number:0	Target Label:1	Top-5 predictions:0	1	4	8	2

2026-07-23 11:31:31,612 Image Number:1	Target Label:1	Top-5 predictions:1	0	3	5	4

2026-07-23 11:31:31,612 Image Number:2	Target Label:1	Top-5 predictions:1	0	3	2	5

2026-07-23 11:31:31,612 Image Number:3	Target Label:1	Top-5 predictions:1	0	3	9	5

2026-07-23 11:31:31,612 Image Number:4	Target Label:1	Top-5 predictions:1	0	5	8	2

2026-07-23 11:31:31,612 Image Number:5	Target Label:1	Top-5 predictions:0	1	4	6	9

2026-07-23 11:31:31,612 Image Number:6	Target Label:1	Top-5 predictions:1	0	5	8	3

2026-07-23 11:31:31,612 Image Number:7	Target Label:1	Top-5 predictions:0	1	5	6	8

2026-07-23 11:31:31,613 Image Number:8	Target Label:1	Top-5 predictions:1	0	3	5	4

2026-07-23 11:31:31,613 Image Number:9	Target Label:1	Top-5 predictions:1	0	9	5	3

2026-07-23 11:31:31,613 Image Number:10	Target Label:1	Top-5 predictions:1	0	8	5	7

2026-07-23 11:31:31,613 Image Number:11	Target Label:1	Top-5 predictions:1	0	9	3	6

2026-07-23 11:31:31,613 Image Number:12	Target Label:1	Top-5 predictions:1	0	3	5	2

2026-07-23 11:31:31,613 Image Number:13	Target Label:1	Top-5 predictions:1	0	5	3	9

2026-07-23 11:31:31,613 Image Number:14	Target Label:1	Top-5 predictions:1	0	4	9	3

2026-07-23 11:31:31,613 Image Number:15	Target Label:1	Top-5 predictions:1	0	4	3	5

2026-07-23 11:31:31,613 Image Number:16	Target Label:1	Top-5 predictions:1	0	5	6	4

2026-07-23 11:31:31,614 Image Number:17	Target Label:1	Top-5 predictions:1	0	2	3	9

2026-07-23 11:31:31,614 Image Number:18	Target Label:1	Top-5 predictions:1	0	6	3	7

2026-07-23 11:31:31,614 Image Number:19	Target Label:1	Top-5 predictions:1	0	3	5	8

2026-07-23 11:31:31,614 Image Number:20	Target Label:1	Top-5 predictions:1	0	9	3	5

2026-07-23 11:31:31,614 Image Number:21	Target Label:1	Top-5 predictions:1	0	4	6	2

2026-07-23 11:31:31,614 Image Number:22	Target Label:1	Top-5 predictions:0	1	5	6	2

2026-07-23 11:31:31,614 Image Number:23	Target Label:1	Top-5 predictions:1	0	9	5	3

2026-07-23 11:31:31,614 Image Number:24	Target Label:1	Top-5 predictions:1	0	3	8	4

2026-07-23 11:31:31,614 Image Number:25	Target Label:1	Top-5 predictions:1	0	3	5	2

2026-07-23 11:31:31,615 Image Number:26	Target Label:1	Top-5 predictions:1	0	5	4	2

2026-07-23 11:31:31,615 Image Number:27	Target Label:1	Top-5 predictions:1	0	3	5	4

2026-07-23 11:31:31,615 Image Number:28	Target Label:1	Top-5 predictions:1	0	4	5	9

2026-07-23 11:31:31,615 Image Number:29	Target Label:1	Top-5 predictions:1	0	2	5	3

2026-07-23 11:31:31,615 Image Number:30	Target Label:1	Top-5 predictions:1	0	3	5	4

2026-07-23 11:31:31,615 Image Number:31	Target Label:1	Top-5 predictions:1	0	4	3	2

2026-07-23 11:31:31,615 Image Number:32	Target Label:1	Top-5 predictions:1	0	5	3	2

2026-07-23 11:31:31,615 Image Number:33	Target Label:1	Top-5 predictions:1	0	5	3	2

2026-07-23 11:31:31,616 Image Number:34	Target Label:1	Top-5 predictions:1	0	6	8	2

2026-07-23 11:31:31,616 Image Number:35	Target Label:1	Top-5 predictions:1	0	3	9	4

2026-07-23 11:31:31,616 Image Number:36	Target Label:1	Top-5 predictions:1	0	5	3	4

2026-07-23 11:31:31,616 Image Number:37	Target Label:1	Top-5 predictions:0	1	5	3	8

2026-07-23 11:31:31,616 Image Number:38	Target Label:1	Top-5 predictions:1	0	5	3	2

2026-07-23 11:31:31,616 Image Number:39	Target Label:1	Top-5 predictions:1	0	9	3	4

2026-07-23 11:31:31,616 Image Number:40	Target Label:1	Top-5 predictions:1	0	3	9	4

2026-07-23 11:31:31,616 Image Number:41	Target Label:1	Top-5 predictions:1	0	4	3	9

2026-07-23 11:31:31,616 Image Number:42	Target Label:1	Top-5 predictions:1	0	3	4	9

2026-07-23 11:31:31,616 Image Number:43	Target Label:1	Top-5 predictions:1	0	5	9	3

2026-07-23 11:31:31,617 Image Number:44	Target Label:1	Top-5 predictions:1	0	2	8	4

2026-07-23 11:31:31,617 Image Number:45	Target Label:1	Top-5 predictions:1	0	5	4	2

2026-07-23 11:31:31,617 Image Number:46	Target Label:1	Top-5 predictions:1	0	3	5	9

2026-07-23 11:31:31,617 Image Number:47	Target Label:1	Top-5 predictions:1	0	5	9	3

2026-07-23 11:31:31,617 Image Number:48	Target Label:1	Top-5 predictions:1	0	5	4	9

2026-07-23 11:31:31,617 Image Number:49	Target Label:1	Top-5 predictions:1	0	8	2	9

2026-07-23 11:31:33,904 Image Number:0	Target Label:1	Top-5 predictions:0	1	4	8	2

2026-07-23 11:31:33,904 Image Number:1	Target Label:1	Top-5 predictions:1	0	3	5	4

2026-07-23 11:31:33,904 Image Number:2	Target Label:1	Top-5 predictions:1	0	3	2	5

2026-07-23 11:31:33,904 Image Number:3	Target Label:1	Top-5 predictions:1	0	3	9	5

2026-07-23 11:31:33,904 Image Number:4	Target Label:1	Top-5 predictions:1	0	5	8	2

2026-07-23 11:31:33,904 Image Number:5	Target Label:1	Top-5 predictions:0	1	4	6	9

2026-07-23 11:31:33,904 Image Number:6	Target Label:1	Top-5 predictions:1	0	5	8	3

2026-07-23 11:31:33,905 Image Number:7	Target Label:1	Top-5 predictions:0	1	5	6	8

2026-07-23 11:31:33,905 Image Number:8	Target Label:1	Top-5 predictions:1	0	3	5	4

2026-07-23 11:31:33,905 Image Number:9	Target Label:1	Top-5 predictions:1	0	9	5	3

2026-07-23 11:31:33,905 Image Number:10	Target Label:1	Top-5 predictions:1	0	8	5	7

2026-07-23 11:31:33,905 Image Number:11	Target Label:1	Top-5 predictions:1	0	9	3	6

2026-07-23 11:31:33,905 Image Number:12	Target Label:1	Top-5 predictions:1	0	3	5	2

2026-07-23 11:31:33,905 Image Number:13	Target Label:1	Top-5 predictions:1	0	5	3	9

2026-07-23 11:31:33,905 Image Number:14	Target Label:1	Top-5 predictions:1	0	4	9	3

2026-07-23 11:31:33,905 Image Number:15	Target Label:1	Top-5 predictions:1	0	4	3	5

2026-07-23 11:31:33,906 Image Number:16	Target Label:1	Top-5 predictions:1	0	5	6	4

2026-07-23 11:31:33,906 Image Number:17	Target Label:1	Top-5 predictions:1	0	2	3	9

2026-07-23 11:31:33,906 Image Number:18	Target Label:1	Top-5 predictions:1	0	6	3	7

2026-07-23 11:31:33,906 Image Number:19	Target Label:1	Top-5 predictions:1	0	3	5	8

2026-07-23 11:31:33,906 Image Number:20	Target Label:1	Top-5 predictions:1	0	9	3	5

2026-07-23 11:31:33,906 Image Number:21	Target Label:1	Top-5 predictions:1	0	4	6	2

2026-07-23 11:31:33,906 Image Number:22	Target Label:1	Top-5 predictions:0	1	5	6	2

2026-07-23 11:31:33,906 Image Number:23	Target Label:1	Top-5 predictions:1	0	9	5	3

2026-07-23 11:31:33,906 Image Number:24	Target Label:1	Top-5 predictions:1	0	3	8	4

2026-07-23 11:31:33,907 Image Number:25	Target Label:1	Top-5 predictions:1	0	3	5	2

2026-07-23 11:31:33,907 Image Number:26	Target Label:1	Top-5 predictions:1	0	5	4	2

2026-07-23 11:31:33,907 Image Number:27	Target Label:1	Top-5 predictions:1	0	3	5	6

2026-07-23 11:31:33,907 Image Number:28	Target Label:1	Top-5 predictions:1	0	4	5	9

2026-07-23 11:31:33,907 Image Number:29	Target Label:1	Top-5 predictions:1	0	2	5	3

2026-07-23 11:31:33,907 Image Number:30	Target Label:1	Top-5 predictions:1	0	3	5	4

2026-07-23 11:31:33,907 Image Number:31	Target Label:1	Top-5 predictions:1	0	4	3	2

2026-07-23 11:31:33,907 Image Number:32	Target Label:1	Top-5 predictions:1	0	5	3	2

2026-07-23 11:31:33,907 Image Number:33	Target Label:1	Top-5 predictions:1	0	5	3	2

2026-07-23 11:31:33,907 Image Number:34	Target Label:1	Top-5 predictions:1	0	6	8	2

2026-07-23 11:31:33,908 Image Number:35	Target Label:1	Top-5 predictions:1	0	3	9	4

2026-07-23 11:31:33,908 Image Number:36	Target Label:1	Top-5 predictions:1	0	5	3	4

2026-07-23 11:31:33,908 Image Number:37	Target Label:1	Top-5 predictions:0	1	5	3	8

2026-07-23 11:31:33,908 Image Number:38	Target Label:1	Top-5 predictions:1	0	5	3	2

2026-07-23 11:31:33,908 Image Number:39	Target Label:1	Top-5 predictions:1	0	9	3	4

2026-07-23 11:31:33,908 Image Number:40	Target Label:1	Top-5 predictions:1	0	3	9	4

2026-07-23 11:31:33,908 Image Number:41	Target Label:1	Top-5 predictions:1	0	4	3	9

2026-07-23 11:31:33,908 Image Number:42	Target Label:1	Top-5 predictions:1	0	3	4	9

2026-07-23 11:31:33,908 Image Number:43	Target Label:1	Top-5 predictions:1	0	5	9	3

2026-07-23 11:31:33,909 Image Number:44	Target Label:1	Top-5 predictions:1	0	2	8	4

2026-07-23 11:31:33,909 Image Number:45	Target Label:1	Top-5 predictions:1	0	5	4	2

2026-07-23 11:31:33,909 Image Number:46	Target Label:1	Top-5 predictions:1	0	3	5	9

2026-07-23 11:31:33,909 Image Number:47	Target Label:1	Top-5 predictions:1	0	5	9	3

2026-07-23 11:31:33,909 Image Number:48	Target Label:1	Top-5 predictions:1	0	5	4	9

2026-07-23 11:31:33,909 Image Number:49	Target Label:1	Top-5 predictions:1	0	8	2	9

2026-07-23 11:31:36,139 Image Number:0	Target Label:1	Top-5 predictions:0	1	4	8	2

2026-07-23 11:31:36,139 Image Number:1	Target Label:1	Top-5 predictions:1	0	3	5	4

2026-07-23 11:31:36,139 Image Number:2	Target Label:1	Top-5 predictions:1	0	3	2	5

2026-07-23 11:31:36,139 Image Number:3	Target Label:1	Top-5 predictions:1	0	3	9	5

2026-07-23 11:31:36,140 Image Number:4	Target Label:1	Top-5 predictions:1	0	5	8	2

2026-07-23 11:31:36,140 Image Number:5	Target Label:1	Top-5 predictions:0	1	4	6	9

2026-07-23 11:31:36,140 Image Number:6	Target Label:1	Top-5 predictions:1	0	5	8	3

2026-07-23 11:31:36,140 Image Number:7	Target Label:1	Top-5 predictions:0	1	5	6	8

2026-07-23 11:31:36,140 Image Number:8	Target Label:1	Top-5 predictions:1	0	3	5	4

2026-07-23 11:31:36,140 Image Number:9	Target Label:1	Top-5 predictions:1	0	9	5	3

2026-07-23 11:31:36,140 Image Number:10	Target Label:1	Top-5 predictions:1	0	8	5	7

2026-07-23 11:31:36,140 Image Number:11	Target Label:1	Top-5 predictions:1	0	9	3	6

2026-07-23 11:31:36,140 Image Number:12	Target Label:1	Top-5 predictions:1	0	3	5	2

2026-07-23 11:31:36,141 Image Number:13	Target Label:1	Top-5 predictions:1	0	5	3	9

2026-07-23 11:31:36,141 Image Number:14	Target Label:1	Top-5 predictions:1	0	4	9	3

2026-07-23 11:31:36,141 Image Number:15	Target Label:1	Top-5 predictions:1	0	4	3	5

2026-07-23 11:31:36,141 Image Number:16	Target Label:1	Top-5 predictions:1	0	5	6	4

2026-07-23 11:31:36,141 Image Number:17	Target Label:1	Top-5 predictions:1	0	2	3	9

2026-07-23 11:31:36,141 Image Number:18	Target Label:1	Top-5 predictions:1	0	6	3	7

2026-07-23 11:31:36,141 Image Number:19	Target Label:1	Top-5 predictions:1	0	3	5	8

2026-07-23 11:31:36,141 Image Number:20	Target Label:1	Top-5 predictions:1	0	9	3	5

2026-07-23 11:31:36,142 Image Number:21	Target Label:1	Top-5 predictions:1	0	4	6	2

2026-07-23 11:31:36,142 Image Number:22	Target Label:1	Top-5 predictions:0	1	5	6	2

2026-07-23 11:31:36,142 Image Number:23	Target Label:1	Top-5 predictions:1	0	9	5	3

2026-07-23 11:31:36,142 Image Number:24	Target Label:1	Top-5 predictions:1	0	3	8	4

2026-07-23 11:31:36,142 Image Number:25	Target Label:1	Top-5 predictions:1	0	3	5	2

2026-07-23 11:31:36,142 Image Number:26	Target Label:1	Top-5 predictions:1	0	5	4	2

2026-07-23 11:31:36,142 Image Number:27	Target Label:1	Top-5 predictions:1	0	3	5	6

2026-07-23 11:31:36,142 Image Number:28	Target Label:1	Top-5 predictions:1	0	4	5	9

2026-07-23 11:31:36,143 Image Number:29	Target Label:1	Top-5 predictions:1	0	2	5	3

2026-07-23 11:31:36,143 Image Number:30	Target Label:1	Top-5 predictions:1	0	3	5	4

2026-07-23 11:31:36,143 Image Number:31	Target Label:1	Top-5 predictions:1	0	4	3	2

2026-07-23 11:31:36,143 Image Number:32	Target Label:1	Top-5 predictions:1	0	5	3	2

2026-07-23 11:31:36,143 Image Number:33	Target Label:1	Top-5 predictions:1	0	5	3	2

2026-07-23 11:31:36,143 Image Number:34	Target Label:1	Top-5 predictions:1	0	6	8	2

2026-07-23 11:31:36,143 Image Number:35	Target Label:1	Top-5 predictions:1	0	3	9	4

2026-07-23 11:31:36,143 Image Number:36	Target Label:1	Top-5 predictions:1	0	5	3	4

2026-07-23 11:31:36,143 Image Number:37	Target Label:1	Top-5 predictions:0	1	5	3	8

2026-07-23 11:31:36,144 Image Number:38	Target Label:1	Top-5 predictions:1	0	5	3	2

2026-07-23 11:31:36,144 Image Number:39	Target Label:1	Top-5 predictions:1	0	9	3	4

2026-07-23 11:31:36,144 Image Number:40	Target Label:1	Top-5 predictions:1	0	3	9	4

2026-07-23 11:31:36,144 Image Number:41	Target Label:1	Top-5 predictions:1	0	4	3	9

2026-07-23 11:31:36,144 Image Number:42	Target Label:1	Top-5 predictions:1	0	3	4	9

2026-07-23 11:31:36,144 Image Number:43	Target Label:1	Top-5 predictions:1	0	5	9	3

2026-07-23 11:31:36,144 Image Number:44	Target Label:1	Top-5 predictions:1	0	2	8	4

2026-07-23 11:31:36,144 Image Number:45	Target Label:1	Top-5 predictions:1	0	5	4	2

2026-07-23 11:31:36,145 Image Number:46	Target Label:1	Top-5 predictions:1	0	3	5	9

2026-07-23 11:31:36,145 Image Number:47	Target Label:1	Top-5 predictions:1	0	5	9	3

2026-07-23 11:31:36,145 Image Number:48	Target Label:1	Top-5 predictions:1	0	5	4	9

2026-07-23 11:31:36,145 Image Number:49	Target Label:1	Top-5 predictions:1	0	8	2	9

2026-07-23 11:31:36,497 train Loss: 0.0249 Acc: 0.9982
2026-07-23 11:31:37,577 test Loss: 0.0290 Acc: 0.9980
2026-07-23 11:31:37,577 Better model found!
2026-07-23 11:31:38,045 notpatched Loss: 3.6182 Acc: 0.0000
2026-07-23 11:31:38,512 patched Loss: 0.4934 Acc: 0.9000
2026-07-23 11:31:38,512 Patched Targeted Attack Success Rate: Mean 0.900
2026-07-23 11:31:38,512 Epoch 8/9
2026-07-23 11:31:38,512 ----------
2026-07-23 11:31:41,362 Image Number:0	Target Label:1	Top-5 predictions:0	1	4	8	2

2026-07-23 11:31:41,363 Image Number:1	Target Label:1	Top-5 predictions:1	0	3	5	4

2026-07-23 11:31:41,363 Image Number:2	Target Label:1	Top-5 predictions:1	0	3	2	5

2026-07-23 11:31:41,363 Image Number:3	Target Label:1	Top-5 predictions:1	0	3	9	5

2026-07-23 11:31:41,363 Image Number:4	Target Label:1	Top-5 predictions:1	0	5	8	2

2026-07-23 11:31:41,363 Image Number:5	Target Label:1	Top-5 predictions:0	1	4	6	9

2026-07-23 11:31:41,363 Image Number:6	Target Label:1	Top-5 predictions:1	0	5	8	3

2026-07-23 11:31:41,363 Image Number:7	Target Label:1	Top-5 predictions:0	1	5	6	8

2026-07-23 11:31:41,364 Image Number:8	Target Label:1	Top-5 predictions:1	0	3	5	4

2026-07-23 11:31:41,364 Image Number:9	Target Label:1	Top-5 predictions:1	0	9	5	3

2026-07-23 11:31:41,364 Image Number:10	Target Label:1	Top-5 predictions:1	0	8	5	7

2026-07-23 11:31:41,364 Image Number:11	Target Label:1	Top-5 predictions:1	0	9	3	6

2026-07-23 11:31:41,364 Image Number:12	Target Label:1	Top-5 predictions:1	0	3	5	2

2026-07-23 11:31:41,364 Image Number:13	Target Label:1	Top-5 predictions:1	0	5	3	9

2026-07-23 11:31:41,364 Image Number:14	Target Label:1	Top-5 predictions:1	0	4	9	3

2026-07-23 11:31:41,364 Image Number:15	Target Label:1	Top-5 predictions:1	0	4	3	2

2026-07-23 11:31:41,364 Image Number:16	Target Label:1	Top-5 predictions:1	0	5	6	4

2026-07-23 11:31:41,365 Image Number:17	Target Label:1	Top-5 predictions:1	0	2	3	9

2026-07-23 11:31:41,365 Image Number:18	Target Label:1	Top-5 predictions:1	0	6	3	7

2026-07-23 11:31:41,365 Image Number:19	Target Label:1	Top-5 predictions:1	0	3	5	8

2026-07-23 11:31:41,365 Image Number:20	Target Label:1	Top-5 predictions:1	0	9	3	5

2026-07-23 11:31:41,365 Image Number:21	Target Label:1	Top-5 predictions:1	0	4	6	2

2026-07-23 11:31:41,365 Image Number:22	Target Label:1	Top-5 predictions:0	1	5	6	2

2026-07-23 11:31:41,365 Image Number:23	Target Label:1	Top-5 predictions:1	0	9	5	3

2026-07-23 11:31:41,365 Image Number:24	Target Label:1	Top-5 predictions:1	0	3	8	4

2026-07-23 11:31:41,365 Image Number:25	Target Label:1	Top-5 predictions:1	0	3	5	2

2026-07-23 11:31:41,366 Image Number:26	Target Label:1	Top-5 predictions:1	0	5	4	2

2026-07-23 11:31:41,366 Image Number:27	Target Label:1	Top-5 predictions:1	0	3	5	6

2026-07-23 11:31:41,366 Image Number:28	Target Label:1	Top-5 predictions:1	0	4	5	9

2026-07-23 11:31:41,366 Image Number:29	Target Label:1	Top-5 predictions:1	0	2	5	3

2026-07-23 11:31:41,366 Image Number:30	Target Label:1	Top-5 predictions:1	0	3	5	4

2026-07-23 11:31:41,366 Image Number:31	Target Label:1	Top-5 predictions:1	0	4	3	2

2026-07-23 11:31:41,366 Image Number:32	Target Label:1	Top-5 predictions:1	0	5	3	2

2026-07-23 11:31:41,366 Image Number:33	Target Label:1	Top-5 predictions:1	0	5	3	2

2026-07-23 11:31:41,366 Image Number:34	Target Label:1	Top-5 predictions:1	0	6	8	2

2026-07-23 11:31:41,367 Image Number:35	Target Label:1	Top-5 predictions:1	0	3	9	4

2026-07-23 11:31:41,367 Image Number:36	Target Label:1	Top-5 predictions:1	0	5	3	4

2026-07-23 11:31:41,367 Image Number:37	Target Label:1	Top-5 predictions:0	1	5	3	8

2026-07-23 11:31:41,367 Image Number:38	Target Label:1	Top-5 predictions:1	0	5	3	2

2026-07-23 11:31:41,367 Image Number:39	Target Label:1	Top-5 predictions:1	0	9	3	4

2026-07-23 11:31:41,367 Image Number:40	Target Label:1	Top-5 predictions:1	0	3	9	4

2026-07-23 11:31:41,367 Image Number:41	Target Label:1	Top-5 predictions:1	0	4	3	9

2026-07-23 11:31:41,367 Image Number:42	Target Label:1	Top-5 predictions:1	0	3	4	9

2026-07-23 11:31:41,367 Image Number:43	Target Label:1	Top-5 predictions:1	0	5	9	3

2026-07-23 11:31:41,368 Image Number:44	Target Label:1	Top-5 predictions:1	0	2	8	4

2026-07-23 11:31:41,368 Image Number:45	Target Label:1	Top-5 predictions:1	0	5	4	2

2026-07-23 11:31:41,368 Image Number:46	Target Label:1	Top-5 predictions:1	0	3	5	9

2026-07-23 11:31:41,368 Image Number:47	Target Label:1	Top-5 predictions:1	0	5	9	3

2026-07-23 11:31:41,368 Image Number:48	Target Label:1	Top-5 predictions:1	0	5	4	9

2026-07-23 11:31:41,368 Image Number:49	Target Label:1	Top-5 predictions:1	0	8	2	9

2026-07-23 11:31:43,652 Image Number:0	Target Label:1	Top-5 predictions:0	1	4	8	2

2026-07-23 11:31:43,652 Image Number:1	Target Label:1	Top-5 predictions:1	0	3	5	4

2026-07-23 11:31:43,652 Image Number:2	Target Label:1	Top-5 predictions:1	0	3	2	5

2026-07-23 11:31:43,652 Image Number:3	Target Label:1	Top-5 predictions:1	0	3	9	5

2026-07-23 11:31:43,653 Image Number:4	Target Label:1	Top-5 predictions:1	0	5	8	2

2026-07-23 11:31:43,653 Image Number:5	Target Label:1	Top-5 predictions:0	1	4	6	9

2026-07-23 11:31:43,653 Image Number:6	Target Label:1	Top-5 predictions:1	0	5	8	3

2026-07-23 11:31:43,653 Image Number:7	Target Label:1	Top-5 predictions:0	1	5	6	8

2026-07-23 11:31:43,653 Image Number:8	Target Label:1	Top-5 predictions:1	0	3	5	4

2026-07-23 11:31:43,653 Image Number:9	Target Label:1	Top-5 predictions:1	0	9	5	3

2026-07-23 11:31:43,653 Image Number:10	Target Label:1	Top-5 predictions:1	0	8	5	7

2026-07-23 11:31:43,653 Image Number:11	Target Label:1	Top-5 predictions:1	0	9	3	6

2026-07-23 11:31:43,653 Image Number:12	Target Label:1	Top-5 predictions:1	0	3	5	2

2026-07-23 11:31:43,654 Image Number:13	Target Label:1	Top-5 predictions:1	0	5	3	9

2026-07-23 11:31:43,654 Image Number:14	Target Label:1	Top-5 predictions:1	0	4	9	3

2026-07-23 11:31:43,654 Image Number:15	Target Label:1	Top-5 predictions:1	0	4	3	2

2026-07-23 11:31:43,654 Image Number:16	Target Label:1	Top-5 predictions:1	0	5	6	4

2026-07-23 11:31:43,654 Image Number:17	Target Label:1	Top-5 predictions:1	0	2	3	9

2026-07-23 11:31:43,654 Image Number:18	Target Label:1	Top-5 predictions:1	0	6	3	7

2026-07-23 11:31:43,654 Image Number:19	Target Label:1	Top-5 predictions:1	0	3	8	5

2026-07-23 11:31:43,654 Image Number:20	Target Label:1	Top-5 predictions:1	0	9	3	5

2026-07-23 11:31:43,654 Image Number:21	Target Label:1	Top-5 predictions:1	0	4	6	2

2026-07-23 11:31:43,655 Image Number:22	Target Label:1	Top-5 predictions:0	1	5	6	2

2026-07-23 11:31:43,655 Image Number:23	Target Label:1	Top-5 predictions:1	0	9	5	3

2026-07-23 11:31:43,655 Image Number:24	Target Label:1	Top-5 predictions:1	0	3	8	4

2026-07-23 11:31:43,655 Image Number:25	Target Label:1	Top-5 predictions:1	0	3	5	2

2026-07-23 11:31:43,655 Image Number:26	Target Label:1	Top-5 predictions:1	0	5	4	2

2026-07-23 11:31:43,655 Image Number:27	Target Label:1	Top-5 predictions:1	0	3	5	6

2026-07-23 11:31:43,655 Image Number:28	Target Label:1	Top-5 predictions:1	0	4	5	9

2026-07-23 11:31:43,655 Image Number:29	Target Label:1	Top-5 predictions:1	0	2	5	3

2026-07-23 11:31:43,655 Image Number:30	Target Label:1	Top-5 predictions:1	0	3	5	4

2026-07-23 11:31:43,656 Image Number:31	Target Label:1	Top-5 predictions:1	0	4	3	2

2026-07-23 11:31:43,656 Image Number:32	Target Label:1	Top-5 predictions:1	0	5	3	2

2026-07-23 11:31:43,656 Image Number:33	Target Label:1	Top-5 predictions:1	0	5	3	2

2026-07-23 11:31:43,656 Image Number:34	Target Label:1	Top-5 predictions:1	0	6	8	2

2026-07-23 11:31:43,656 Image Number:35	Target Label:1	Top-5 predictions:1	0	3	9	4

2026-07-23 11:31:43,656 Image Number:36	Target Label:1	Top-5 predictions:1	0	5	3	4

2026-07-23 11:31:43,656 Image Number:37	Target Label:1	Top-5 predictions:0	1	5	3	8

2026-07-23 11:31:43,656 Image Number:38	Target Label:1	Top-5 predictions:1	0	5	3	2

2026-07-23 11:31:43,656 Image Number:39	Target Label:1	Top-5 predictions:1	0	9	3	4

2026-07-23 11:31:43,657 Image Number:40	Target Label:1	Top-5 predictions:1	0	3	9	4

2026-07-23 11:31:43,657 Image Number:41	Target Label:1	Top-5 predictions:1	0	4	3	9

2026-07-23 11:31:43,657 Image Number:42	Target Label:1	Top-5 predictions:1	0	3	4	9

2026-07-23 11:31:43,657 Image Number:43	Target Label:1	Top-5 predictions:1	0	5	9	3

2026-07-23 11:31:43,657 Image Number:44	Target Label:1	Top-5 predictions:1	0	2	8	4

2026-07-23 11:31:43,657 Image Number:45	Target Label:1	Top-5 predictions:1	0	5	4	2

2026-07-23 11:31:43,657 Image Number:46	Target Label:1	Top-5 predictions:1	0	3	5	9

2026-07-23 11:31:43,657 Image Number:47	Target Label:1	Top-5 predictions:1	0	5	9	3

2026-07-23 11:31:43,657 Image Number:48	Target Label:1	Top-5 predictions:1	0	5	4	9

2026-07-23 11:31:43,658 Image Number:49	Target Label:1	Top-5 predictions:1	0	8	2	9

2026-07-23 11:31:45,936 Image Number:0	Target Label:1	Top-5 predictions:0	1	4	8	2

2026-07-23 11:31:45,937 Image Number:1	Target Label:1	Top-5 predictions:1	0	3	5	4

2026-07-23 11:31:45,937 Image Number:2	Target Label:1	Top-5 predictions:1	0	3	2	5

2026-07-23 11:31:45,937 Image Number:3	Target Label:1	Top-5 predictions:1	0	3	9	5

2026-07-23 11:31:45,937 Image Number:4	Target Label:1	Top-5 predictions:1	0	5	8	2

2026-07-23 11:31:45,937 Image Number:5	Target Label:1	Top-5 predictions:0	1	4	6	9

2026-07-23 11:31:45,937 Image Number:6	Target Label:1	Top-5 predictions:1	0	5	8	3

2026-07-23 11:31:45,937 Image Number:7	Target Label:1	Top-5 predictions:0	1	5	6	8

2026-07-23 11:31:45,938 Image Number:8	Target Label:1	Top-5 predictions:1	0	3	5	4

2026-07-23 11:31:45,938 Image Number:9	Target Label:1	Top-5 predictions:1	0	9	5	3

2026-07-23 11:31:45,938 Image Number:10	Target Label:1	Top-5 predictions:1	0	8	5	7

2026-07-23 11:31:45,938 Image Number:11	Target Label:1	Top-5 predictions:1	0	9	3	6

2026-07-23 11:31:45,938 Image Number:12	Target Label:1	Top-5 predictions:1	0	3	5	2

2026-07-23 11:31:45,938 Image Number:13	Target Label:1	Top-5 predictions:1	0	5	3	9

2026-07-23 11:31:45,938 Image Number:14	Target Label:1	Top-5 predictions:1	0	4	9	3

2026-07-23 11:31:45,939 Image Number:15	Target Label:1	Top-5 predictions:1	0	4	3	2

2026-07-23 11:31:45,939 Image Number:16	Target Label:1	Top-5 predictions:1	0	5	6	4

2026-07-23 11:31:45,939 Image Number:17	Target Label:1	Top-5 predictions:1	0	2	3	9

2026-07-23 11:31:45,939 Image Number:18	Target Label:1	Top-5 predictions:1	0	6	3	7

2026-07-23 11:31:45,939 Image Number:19	Target Label:1	Top-5 predictions:1	0	3	8	5

2026-07-23 11:31:45,939 Image Number:20	Target Label:1	Top-5 predictions:1	0	9	3	5

2026-07-23 11:31:45,939 Image Number:21	Target Label:1	Top-5 predictions:1	0	4	6	2

2026-07-23 11:31:45,939 Image Number:22	Target Label:1	Top-5 predictions:0	1	5	6	2

2026-07-23 11:31:45,940 Image Number:23	Target Label:1	Top-5 predictions:1	0	9	5	3

2026-07-23 11:31:45,940 Image Number:24	Target Label:1	Top-5 predictions:1	0	3	8	4

2026-07-23 11:31:45,940 Image Number:25	Target Label:1	Top-5 predictions:1	0	3	5	2

2026-07-23 11:31:45,940 Image Number:26	Target Label:1	Top-5 predictions:1	0	5	4	2

2026-07-23 11:31:45,940 Image Number:27	Target Label:1	Top-5 predictions:1	0	3	5	6

2026-07-23 11:31:45,940 Image Number:28	Target Label:1	Top-5 predictions:1	0	4	5	9

2026-07-23 11:31:45,940 Image Number:29	Target Label:1	Top-5 predictions:1	0	2	5	3

2026-07-23 11:31:45,941 Image Number:30	Target Label:1	Top-5 predictions:1	0	3	5	4

2026-07-23 11:31:45,941 Image Number:31	Target Label:1	Top-5 predictions:1	0	4	3	2

2026-07-23 11:31:45,941 Image Number:32	Target Label:1	Top-5 predictions:1	0	5	3	2

2026-07-23 11:31:45,941 Image Number:33	Target Label:1	Top-5 predictions:1	0	5	3	2

2026-07-23 11:31:45,941 Image Number:34	Target Label:1	Top-5 predictions:1	0	6	8	2

2026-07-23 11:31:45,941 Image Number:35	Target Label:1	Top-5 predictions:1	0	3	9	4

2026-07-23 11:31:45,941 Image Number:36	Target Label:1	Top-5 predictions:1	0	5	3	4

2026-07-23 11:31:45,941 Image Number:37	Target Label:1	Top-5 predictions:0	1	5	3	8

2026-07-23 11:31:45,942 Image Number:38	Target Label:1	Top-5 predictions:1	0	5	3	2

2026-07-23 11:31:45,942 Image Number:39	Target Label:1	Top-5 predictions:1	0	9	3	4

2026-07-23 11:31:45,942 Image Number:40	Target Label:1	Top-5 predictions:1	0	3	9	4

2026-07-23 11:31:45,942 Image Number:41	Target Label:1	Top-5 predictions:1	0	4	3	9

2026-07-23 11:31:45,942 Image Number:42	Target Label:1	Top-5 predictions:1	0	3	4	9

2026-07-23 11:31:45,942 Image Number:43	Target Label:1	Top-5 predictions:1	0	5	9	3

2026-07-23 11:31:45,942 Image Number:44	Target Label:1	Top-5 predictions:1	0	2	8	4

2026-07-23 11:31:45,942 Image Number:45	Target Label:1	Top-5 predictions:1	0	5	4	2

2026-07-23 11:31:45,943 Image Number:46	Target Label:1	Top-5 predictions:1	0	3	5	9

2026-07-23 11:31:45,943 Image Number:47	Target Label:1	Top-5 predictions:1	0	5	9	3

2026-07-23 11:31:45,943 Image Number:48	Target Label:1	Top-5 predictions:1	0	5	4	9

2026-07-23 11:31:45,943 Image Number:49	Target Label:1	Top-5 predictions:1	0	8	2	9

2026-07-23 11:31:48,220 Image Number:0	Target Label:1	Top-5 predictions:0	1	4	8	2

2026-07-23 11:31:48,220 Image Number:1	Target Label:1	Top-5 predictions:1	0	3	5	4

2026-07-23 11:31:48,220 Image Number:2	Target Label:1	Top-5 predictions:1	0	3	2	5

2026-07-23 11:31:48,221 Image Number:3	Target Label:1	Top-5 predictions:1	0	3	9	5

2026-07-23 11:31:48,221 Image Number:4	Target Label:1	Top-5 predictions:1	0	5	8	2

2026-07-23 11:31:48,221 Image Number:5	Target Label:1	Top-5 predictions:0	1	4	6	9

2026-07-23 11:31:48,221 Image Number:6	Target Label:1	Top-5 predictions:1	0	5	8	3

2026-07-23 11:31:48,221 Image Number:7	Target Label:1	Top-5 predictions:0	1	5	6	8

2026-07-23 11:31:48,221 Image Number:8	Target Label:1	Top-5 predictions:1	0	3	5	4

2026-07-23 11:31:48,221 Image Number:9	Target Label:1	Top-5 predictions:1	0	9	5	3

2026-07-23 11:31:48,221 Image Number:10	Target Label:1	Top-5 predictions:1	0	8	5	7

2026-07-23 11:31:48,221 Image Number:11	Target Label:1	Top-5 predictions:1	0	9	3	6

2026-07-23 11:31:48,222 Image Number:12	Target Label:1	Top-5 predictions:1	0	3	5	2

2026-07-23 11:31:48,222 Image Number:13	Target Label:1	Top-5 predictions:1	0	5	3	9

2026-07-23 11:31:48,222 Image Number:14	Target Label:1	Top-5 predictions:1	0	4	9	3

2026-07-23 11:31:48,222 Image Number:15	Target Label:1	Top-5 predictions:1	0	4	3	2

2026-07-23 11:31:48,222 Image Number:16	Target Label:1	Top-5 predictions:1	0	5	6	7

2026-07-23 11:31:48,222 Image Number:17	Target Label:1	Top-5 predictions:1	0	2	3	9

2026-07-23 11:31:48,222 Image Number:18	Target Label:1	Top-5 predictions:1	0	6	3	7

2026-07-23 11:31:48,222 Image Number:19	Target Label:1	Top-5 predictions:1	0	3	8	5

2026-07-23 11:31:48,223 Image Number:20	Target Label:1	Top-5 predictions:1	0	9	3	5

2026-07-23 11:31:48,223 Image Number:21	Target Label:1	Top-5 predictions:1	0	4	6	2

2026-07-23 11:31:48,223 Image Number:22	Target Label:1	Top-5 predictions:0	1	5	6	2

2026-07-23 11:31:48,223 Image Number:23	Target Label:1	Top-5 predictions:1	0	9	5	3

2026-07-23 11:31:48,223 Image Number:24	Target Label:1	Top-5 predictions:1	0	3	8	4

2026-07-23 11:31:48,223 Image Number:25	Target Label:1	Top-5 predictions:1	0	3	5	2

2026-07-23 11:31:48,223 Image Number:26	Target Label:1	Top-5 predictions:1	0	5	4	2

2026-07-23 11:31:48,223 Image Number:27	Target Label:1	Top-5 predictions:1	0	3	5	6

2026-07-23 11:31:48,224 Image Number:28	Target Label:1	Top-5 predictions:1	0	4	5	9

2026-07-23 11:31:48,224 Image Number:29	Target Label:1	Top-5 predictions:1	0	2	5	3

2026-07-23 11:31:48,224 Image Number:30	Target Label:1	Top-5 predictions:1	0	3	5	4

2026-07-23 11:31:48,224 Image Number:31	Target Label:1	Top-5 predictions:1	0	4	3	2

2026-07-23 11:31:48,224 Image Number:32	Target Label:1	Top-5 predictions:1	0	5	3	2

2026-07-23 11:31:48,224 Image Number:33	Target Label:1	Top-5 predictions:1	0	5	3	2

2026-07-23 11:31:48,224 Image Number:34	Target Label:1	Top-5 predictions:1	0	6	8	2

2026-07-23 11:31:48,224 Image Number:35	Target Label:1	Top-5 predictions:1	0	3	9	4

2026-07-23 11:31:48,225 Image Number:36	Target Label:1	Top-5 predictions:1	0	5	3	4

2026-07-23 11:31:48,225 Image Number:37	Target Label:1	Top-5 predictions:0	1	5	3	8

2026-07-23 11:31:48,225 Image Number:38	Target Label:1	Top-5 predictions:1	0	5	3	2

2026-07-23 11:31:48,225 Image Number:39	Target Label:1	Top-5 predictions:1	0	9	3	4

2026-07-23 11:31:48,225 Image Number:40	Target Label:1	Top-5 predictions:1	0	3	9	4

2026-07-23 11:31:48,225 Image Number:41	Target Label:1	Top-5 predictions:1	0	4	3	9

2026-07-23 11:31:48,225 Image Number:42	Target Label:1	Top-5 predictions:1	0	3	4	9

2026-07-23 11:31:48,225 Image Number:43	Target Label:1	Top-5 predictions:1	0	5	9	3

2026-07-23 11:31:48,225 Image Number:44	Target Label:1	Top-5 predictions:1	0	2	8	4

2026-07-23 11:31:48,226 Image Number:45	Target Label:1	Top-5 predictions:1	0	5	4	2

2026-07-23 11:31:48,226 Image Number:46	Target Label:1	Top-5 predictions:1	0	3	5	9

2026-07-23 11:31:48,226 Image Number:47	Target Label:1	Top-5 predictions:1	0	5	9	3

2026-07-23 11:31:48,226 Image Number:48	Target Label:1	Top-5 predictions:1	0	5	4	9

2026-07-23 11:31:48,226 Image Number:49	Target Label:1	Top-5 predictions:1	0	8	2	9

2026-07-23 11:31:50,459 Image Number:0	Target Label:1	Top-5 predictions:0	1	4	8	2

2026-07-23 11:31:50,460 Image Number:1	Target Label:1	Top-5 predictions:1	0	3	5	2

2026-07-23 11:31:50,460 Image Number:2	Target Label:1	Top-5 predictions:1	0	3	2	5

2026-07-23 11:31:50,460 Image Number:3	Target Label:1	Top-5 predictions:1	0	3	9	5

2026-07-23 11:31:50,460 Image Number:4	Target Label:1	Top-5 predictions:1	0	5	8	2

2026-07-23 11:31:50,460 Image Number:5	Target Label:1	Top-5 predictions:0	1	4	6	9

2026-07-23 11:31:50,460 Image Number:6	Target Label:1	Top-5 predictions:1	0	5	8	3

2026-07-23 11:31:50,460 Image Number:7	Target Label:1	Top-5 predictions:0	1	5	6	8

2026-07-23 11:31:50,460 Image Number:8	Target Label:1	Top-5 predictions:1	0	3	5	4

2026-07-23 11:31:50,461 Image Number:9	Target Label:1	Top-5 predictions:1	0	9	5	3

2026-07-23 11:31:50,461 Image Number:10	Target Label:1	Top-5 predictions:1	0	8	5	7

2026-07-23 11:31:50,461 Image Number:11	Target Label:1	Top-5 predictions:1	0	9	3	6

2026-07-23 11:31:50,461 Image Number:12	Target Label:1	Top-5 predictions:1	0	3	5	2

2026-07-23 11:31:50,461 Image Number:13	Target Label:1	Top-5 predictions:1	0	5	3	9

2026-07-23 11:31:50,461 Image Number:14	Target Label:1	Top-5 predictions:1	0	4	9	3

2026-07-23 11:31:50,461 Image Number:15	Target Label:1	Top-5 predictions:1	0	4	3	2

2026-07-23 11:31:50,461 Image Number:16	Target Label:1	Top-5 predictions:1	0	5	6	7

2026-07-23 11:31:50,461 Image Number:17	Target Label:1	Top-5 predictions:1	0	2	3	9

2026-07-23 11:31:50,462 Image Number:18	Target Label:1	Top-5 predictions:1	0	6	3	7

2026-07-23 11:31:50,462 Image Number:19	Target Label:1	Top-5 predictions:1	0	3	8	5

2026-07-23 11:31:50,462 Image Number:20	Target Label:1	Top-5 predictions:1	0	9	3	5

2026-07-23 11:31:50,462 Image Number:21	Target Label:1	Top-5 predictions:1	0	4	6	2

2026-07-23 11:31:50,462 Image Number:22	Target Label:1	Top-5 predictions:0	1	5	6	2

2026-07-23 11:31:50,462 Image Number:23	Target Label:1	Top-5 predictions:1	0	9	5	3

2026-07-23 11:31:50,462 Image Number:24	Target Label:1	Top-5 predictions:1	0	3	8	4

2026-07-23 11:31:50,462 Image Number:25	Target Label:1	Top-5 predictions:1	0	3	5	2

2026-07-23 11:31:50,463 Image Number:26	Target Label:1	Top-5 predictions:1	0	5	4	2

2026-07-23 11:31:50,463 Image Number:27	Target Label:1	Top-5 predictions:1	0	3	5	6

2026-07-23 11:31:50,463 Image Number:28	Target Label:1	Top-5 predictions:1	0	4	5	9

2026-07-23 11:31:50,463 Image Number:29	Target Label:1	Top-5 predictions:1	0	2	5	3

2026-07-23 11:31:50,463 Image Number:30	Target Label:1	Top-5 predictions:1	0	3	5	4

2026-07-23 11:31:50,463 Image Number:31	Target Label:1	Top-5 predictions:1	0	4	3	2

2026-07-23 11:31:50,463 Image Number:32	Target Label:1	Top-5 predictions:1	0	5	3	2

2026-07-23 11:31:50,463 Image Number:33	Target Label:1	Top-5 predictions:1	0	5	3	2

2026-07-23 11:31:50,464 Image Number:34	Target Label:1	Top-5 predictions:1	0	6	8	2

2026-07-23 11:31:50,464 Image Number:35	Target Label:1	Top-5 predictions:1	0	3	9	4

2026-07-23 11:31:50,464 Image Number:36	Target Label:1	Top-5 predictions:1	0	5	3	4

2026-07-23 11:31:50,464 Image Number:37	Target Label:1	Top-5 predictions:0	1	5	3	8

2026-07-23 11:31:50,464 Image Number:38	Target Label:1	Top-5 predictions:1	0	5	3	2

2026-07-23 11:31:50,464 Image Number:39	Target Label:1	Top-5 predictions:1	0	9	3	4

2026-07-23 11:31:50,464 Image Number:40	Target Label:1	Top-5 predictions:1	0	3	9	4

2026-07-23 11:31:50,464 Image Number:41	Target Label:1	Top-5 predictions:1	0	4	3	9

2026-07-23 11:31:50,465 Image Number:42	Target Label:1	Top-5 predictions:1	0	3	4	9

2026-07-23 11:31:50,465 Image Number:43	Target Label:1	Top-5 predictions:1	0	5	9	3

2026-07-23 11:31:50,465 Image Number:44	Target Label:1	Top-5 predictions:1	0	2	8	4

2026-07-23 11:31:50,465 Image Number:45	Target Label:1	Top-5 predictions:1	0	5	4	2

2026-07-23 11:31:50,465 Image Number:46	Target Label:1	Top-5 predictions:1	0	3	5	9

2026-07-23 11:31:50,465 Image Number:47	Target Label:1	Top-5 predictions:1	0	5	9	3

2026-07-23 11:31:50,465 Image Number:48	Target Label:1	Top-5 predictions:1	0	5	4	9

2026-07-23 11:31:50,465 Image Number:49	Target Label:1	Top-5 predictions:1	0	8	2	9

2026-07-23 11:31:50,814 train Loss: 0.0225 Acc: 0.9982
2026-07-23 11:31:51,958 test Loss: 0.0270 Acc: 0.9980
2026-07-23 11:31:51,958 Better model found!
2026-07-23 11:31:52,432 notpatched Loss: 3.6539 Acc: 0.0000
2026-07-23 11:31:52,888 patched Loss: 0.4401 Acc: 0.9000
2026-07-23 11:31:52,888 Patched Targeted Attack Success Rate: Mean 0.900
2026-07-23 11:31:52,888 Epoch 9/9
2026-07-23 11:31:52,888 ----------
2026-07-23 11:31:55,601 Image Number:0	Target Label:1	Top-5 predictions:0	1	4	8	2

2026-07-23 11:31:55,601 Image Number:1	Target Label:1	Top-5 predictions:1	0	3	5	2

2026-07-23 11:31:55,601 Image Number:2	Target Label:1	Top-5 predictions:1	0	3	2	5

2026-07-23 11:31:55,601 Image Number:3	Target Label:1	Top-5 predictions:1	0	3	9	5

2026-07-23 11:31:55,602 Image Number:4	Target Label:1	Top-5 predictions:1	0	5	8	2

2026-07-23 11:31:55,602 Image Number:5	Target Label:1	Top-5 predictions:0	1	4	6	9

2026-07-23 11:31:55,602 Image Number:6	Target Label:1	Top-5 predictions:1	0	5	8	3

2026-07-23 11:31:55,602 Image Number:7	Target Label:1	Top-5 predictions:0	1	5	6	8

2026-07-23 11:31:55,602 Image Number:8	Target Label:1	Top-5 predictions:1	0	3	5	4

2026-07-23 11:31:55,602 Image Number:9	Target Label:1	Top-5 predictions:1	0	9	5	3

2026-07-23 11:31:55,602 Image Number:10	Target Label:1	Top-5 predictions:1	0	8	5	7

2026-07-23 11:31:55,602 Image Number:11	Target Label:1	Top-5 predictions:1	0	9	3	6

2026-07-23 11:31:55,602 Image Number:12	Target Label:1	Top-5 predictions:1	0	3	5	2

2026-07-23 11:31:55,603 Image Number:13	Target Label:1	Top-5 predictions:1	0	5	3	9

2026-07-23 11:31:55,603 Image Number:14	Target Label:1	Top-5 predictions:1	0	4	9	3

2026-07-23 11:31:55,603 Image Number:15	Target Label:1	Top-5 predictions:1	0	4	3	2

2026-07-23 11:31:55,603 Image Number:16	Target Label:1	Top-5 predictions:1	0	5	6	4

2026-07-23 11:31:55,603 Image Number:17	Target Label:1	Top-5 predictions:1	0	2	3	9

2026-07-23 11:31:55,603 Image Number:18	Target Label:1	Top-5 predictions:1	0	6	3	7

2026-07-23 11:31:55,603 Image Number:19	Target Label:1	Top-5 predictions:1	0	3	8	5

2026-07-23 11:31:55,603 Image Number:20	Target Label:1	Top-5 predictions:1	0	9	3	5

2026-07-23 11:31:55,603 Image Number:21	Target Label:1	Top-5 predictions:1	0	4	6	2

2026-07-23 11:31:55,604 Image Number:22	Target Label:1	Top-5 predictions:0	1	5	6	2

2026-07-23 11:31:55,604 Image Number:23	Target Label:1	Top-5 predictions:1	0	9	5	3

2026-07-23 11:31:55,604 Image Number:24	Target Label:1	Top-5 predictions:1	0	3	8	4

2026-07-23 11:31:55,604 Image Number:25	Target Label:1	Top-5 predictions:1	0	3	5	2

2026-07-23 11:31:55,604 Image Number:26	Target Label:1	Top-5 predictions:1	0	5	4	2

2026-07-23 11:31:55,604 Image Number:27	Target Label:1	Top-5 predictions:1	0	3	5	6

2026-07-23 11:31:55,604 Image Number:28	Target Label:1	Top-5 predictions:1	0	4	5	9

2026-07-23 11:31:55,604 Image Number:29	Target Label:1	Top-5 predictions:1	0	2	5	3

2026-07-23 11:31:55,604 Image Number:30	Target Label:1	Top-5 predictions:1	0	3	5	4

2026-07-23 11:31:55,605 Image Number:31	Target Label:1	Top-5 predictions:1	0	4	3	2

2026-07-23 11:31:55,605 Image Number:32	Target Label:1	Top-5 predictions:1	0	5	3	2

2026-07-23 11:31:55,605 Image Number:33	Target Label:1	Top-5 predictions:1	0	5	3	2

2026-07-23 11:31:55,605 Image Number:34	Target Label:1	Top-5 predictions:1	0	6	8	2

2026-07-23 11:31:55,605 Image Number:35	Target Label:1	Top-5 predictions:1	0	3	9	4

2026-07-23 11:31:55,605 Image Number:36	Target Label:1	Top-5 predictions:1	0	5	3	2

2026-07-23 11:31:55,605 Image Number:37	Target Label:1	Top-5 predictions:0	1	5	3	8

2026-07-23 11:31:55,605 Image Number:38	Target Label:1	Top-5 predictions:1	0	5	3	2

2026-07-23 11:31:55,605 Image Number:39	Target Label:1	Top-5 predictions:1	0	9	3	4

2026-07-23 11:31:55,606 Image Number:40	Target Label:1	Top-5 predictions:1	0	3	9	4

2026-07-23 11:31:55,606 Image Number:41	Target Label:1	Top-5 predictions:1	0	4	3	9

2026-07-23 11:31:55,606 Image Number:42	Target Label:1	Top-5 predictions:1	0	3	4	9

2026-07-23 11:31:55,606 Image Number:43	Target Label:1	Top-5 predictions:1	0	5	9	3

2026-07-23 11:31:55,606 Image Number:44	Target Label:1	Top-5 predictions:1	0	2	8	4

2026-07-23 11:31:55,606 Image Number:45	Target Label:1	Top-5 predictions:1	0	5	2	4

2026-07-23 11:31:55,606 Image Number:46	Target Label:1	Top-5 predictions:1	0	3	5	9

2026-07-23 11:31:55,606 Image Number:47	Target Label:1	Top-5 predictions:1	0	5	9	8

2026-07-23 11:31:55,606 Image Number:48	Target Label:1	Top-5 predictions:1	0	5	4	9

2026-07-23 11:31:55,607 Image Number:49	Target Label:1	Top-5 predictions:1	0	8	2	9

2026-07-23 11:31:57,892 Image Number:0	Target Label:1	Top-5 predictions:0	1	4	8	2

2026-07-23 11:31:57,892 Image Number:1	Target Label:1	Top-5 predictions:1	0	3	5	2

2026-07-23 11:31:57,892 Image Number:2	Target Label:1	Top-5 predictions:1	0	3	2	5

2026-07-23 11:31:57,892 Image Number:3	Target Label:1	Top-5 predictions:1	0	3	9	5

2026-07-23 11:31:57,893 Image Number:4	Target Label:1	Top-5 predictions:1	0	5	8	2

2026-07-23 11:31:57,893 Image Number:5	Target Label:1	Top-5 predictions:0	1	4	6	9

2026-07-23 11:31:57,893 Image Number:6	Target Label:1	Top-5 predictions:1	0	5	8	3

2026-07-23 11:31:57,893 Image Number:7	Target Label:1	Top-5 predictions:0	1	5	6	8

2026-07-23 11:31:57,893 Image Number:8	Target Label:1	Top-5 predictions:1	0	3	5	4

2026-07-23 11:31:57,893 Image Number:9	Target Label:1	Top-5 predictions:1	0	9	5	3

2026-07-23 11:31:57,893 Image Number:10	Target Label:1	Top-5 predictions:1	0	8	5	7

2026-07-23 11:31:57,894 Image Number:11	Target Label:1	Top-5 predictions:1	0	9	3	6

2026-07-23 11:31:57,894 Image Number:12	Target Label:1	Top-5 predictions:1	0	3	5	2

2026-07-23 11:31:57,894 Image Number:13	Target Label:1	Top-5 predictions:1	0	5	3	9

2026-07-23 11:31:57,894 Image Number:14	Target Label:1	Top-5 predictions:1	0	4	9	3

2026-07-23 11:31:57,894 Image Number:15	Target Label:1	Top-5 predictions:1	0	4	3	2

2026-07-23 11:31:57,894 Image Number:16	Target Label:1	Top-5 predictions:1	0	5	6	4

2026-07-23 11:31:57,895 Image Number:17	Target Label:1	Top-5 predictions:1	0	2	3	9

2026-07-23 11:31:57,895 Image Number:18	Target Label:1	Top-5 predictions:1	0	6	3	7

2026-07-23 11:31:57,895 Image Number:19	Target Label:1	Top-5 predictions:1	0	3	8	5

2026-07-23 11:31:57,895 Image Number:20	Target Label:1	Top-5 predictions:1	0	9	3	5

2026-07-23 11:31:57,895 Image Number:21	Target Label:1	Top-5 predictions:1	0	4	6	2

2026-07-23 11:31:57,895 Image Number:22	Target Label:1	Top-5 predictions:0	1	5	6	2

2026-07-23 11:31:57,895 Image Number:23	Target Label:1	Top-5 predictions:1	0	9	5	3

2026-07-23 11:31:57,896 Image Number:24	Target Label:1	Top-5 predictions:1	0	3	8	4

2026-07-23 11:31:57,896 Image Number:25	Target Label:1	Top-5 predictions:1	0	3	5	2

2026-07-23 11:31:57,896 Image Number:26	Target Label:1	Top-5 predictions:1	0	5	4	2

2026-07-23 11:31:57,896 Image Number:27	Target Label:1	Top-5 predictions:1	0	3	5	6

2026-07-23 11:31:57,896 Image Number:28	Target Label:1	Top-5 predictions:1	0	4	5	9

2026-07-23 11:31:57,896 Image Number:29	Target Label:1	Top-5 predictions:1	0	2	5	3

2026-07-23 11:31:57,897 Image Number:30	Target Label:1	Top-5 predictions:1	0	3	5	4

2026-07-23 11:31:57,897 Image Number:31	Target Label:1	Top-5 predictions:1	0	4	3	2

2026-07-23 11:31:57,897 Image Number:32	Target Label:1	Top-5 predictions:1	0	5	3	2

2026-07-23 11:31:57,897 Image Number:33	Target Label:1	Top-5 predictions:1	0	5	3	2

2026-07-23 11:31:57,897 Image Number:34	Target Label:1	Top-5 predictions:1	0	6	8	2

2026-07-23 11:31:57,897 Image Number:35	Target Label:1	Top-5 predictions:1	0	3	9	4

2026-07-23 11:31:57,898 Image Number:36	Target Label:1	Top-5 predictions:1	0	5	3	2

2026-07-23 11:31:57,898 Image Number:37	Target Label:1	Top-5 predictions:0	1	5	3	8

2026-07-23 11:31:57,898 Image Number:38	Target Label:1	Top-5 predictions:1	0	5	3	2

2026-07-23 11:31:57,898 Image Number:39	Target Label:1	Top-5 predictions:1	0	9	3	4

2026-07-23 11:31:57,898 Image Number:40	Target Label:1	Top-5 predictions:1	0	3	9	4

2026-07-23 11:31:57,898 Image Number:41	Target Label:1	Top-5 predictions:1	0	4	3	9

2026-07-23 11:31:57,898 Image Number:42	Target Label:1	Top-5 predictions:1	0	3	4	9

2026-07-23 11:31:57,899 Image Number:43	Target Label:1	Top-5 predictions:1	0	5	9	3

2026-07-23 11:31:57,899 Image Number:44	Target Label:1	Top-5 predictions:1	0	2	8	4

2026-07-23 11:31:57,899 Image Number:45	Target Label:1	Top-5 predictions:1	0	5	2	4

2026-07-23 11:31:57,899 Image Number:46	Target Label:1	Top-5 predictions:1	0	3	5	9

2026-07-23 11:31:57,899 Image Number:47	Target Label:1	Top-5 predictions:1	0	5	9	8

2026-07-23 11:31:57,899 Image Number:48	Target Label:1	Top-5 predictions:1	0	5	4	9

2026-07-23 11:31:57,900 Image Number:49	Target Label:1	Top-5 predictions:1	0	8	2	9

2026-07-23 11:32:00,179 Image Number:0	Target Label:1	Top-5 predictions:0	1	4	8	2

2026-07-23 11:32:00,179 Image Number:1	Target Label:1	Top-5 predictions:1	0	3	5	2

2026-07-23 11:32:00,179 Image Number:2	Target Label:1	Top-5 predictions:1	0	3	2	5

2026-07-23 11:32:00,179 Image Number:3	Target Label:1	Top-5 predictions:1	0	3	9	5

2026-07-23 11:32:00,180 Image Number:4	Target Label:1	Top-5 predictions:1	0	5	8	2

2026-07-23 11:32:00,180 Image Number:5	Target Label:1	Top-5 predictions:0	1	4	6	9

2026-07-23 11:32:00,180 Image Number:6	Target Label:1	Top-5 predictions:1	0	5	8	3

2026-07-23 11:32:00,180 Image Number:7	Target Label:1	Top-5 predictions:0	1	6	5	8

2026-07-23 11:32:00,180 Image Number:8	Target Label:1	Top-5 predictions:1	0	3	5	4

2026-07-23 11:32:00,180 Image Number:9	Target Label:1	Top-5 predictions:1	0	9	5	3

2026-07-23 11:32:00,180 Image Number:10	Target Label:1	Top-5 predictions:1	0	8	5	7

2026-07-23 11:32:00,180 Image Number:11	Target Label:1	Top-5 predictions:1	0	9	3	6

2026-07-23 11:32:00,180 Image Number:12	Target Label:1	Top-5 predictions:1	0	3	5	2

2026-07-23 11:32:00,181 Image Number:13	Target Label:1	Top-5 predictions:1	0	5	3	9

2026-07-23 11:32:00,181 Image Number:14	Target Label:1	Top-5 predictions:1	0	4	9	3

2026-07-23 11:32:00,181 Image Number:15	Target Label:1	Top-5 predictions:1	0	4	3	2

2026-07-23 11:32:00,181 Image Number:16	Target Label:1	Top-5 predictions:1	0	5	6	7

2026-07-23 11:32:00,181 Image Number:17	Target Label:1	Top-5 predictions:1	0	2	3	9

2026-07-23 11:32:00,181 Image Number:18	Target Label:1	Top-5 predictions:1	0	6	3	7

2026-07-23 11:32:00,181 Image Number:19	Target Label:1	Top-5 predictions:1	0	3	8	5

2026-07-23 11:32:00,181 Image Number:20	Target Label:1	Top-5 predictions:1	0	9	3	5

2026-07-23 11:32:00,181 Image Number:21	Target Label:1	Top-5 predictions:1	0	4	6	2

2026-07-23 11:32:00,182 Image Number:22	Target Label:1	Top-5 predictions:0	1	5	6	2

2026-07-23 11:32:00,182 Image Number:23	Target Label:1	Top-5 predictions:1	0	9	5	3

2026-07-23 11:32:00,182 Image Number:24	Target Label:1	Top-5 predictions:1	0	3	8	4

2026-07-23 11:32:00,182 Image Number:25	Target Label:1	Top-5 predictions:1	0	3	5	2

2026-07-23 11:32:00,182 Image Number:26	Target Label:1	Top-5 predictions:1	0	5	4	2

2026-07-23 11:32:00,182 Image Number:27	Target Label:1	Top-5 predictions:1	0	3	5	6

2026-07-23 11:32:00,182 Image Number:28	Target Label:1	Top-5 predictions:1	0	4	5	9

2026-07-23 11:32:00,182 Image Number:29	Target Label:1	Top-5 predictions:1	0	2	5	3

2026-07-23 11:32:00,182 Image Number:30	Target Label:1	Top-5 predictions:1	0	3	5	4

2026-07-23 11:32:00,183 Image Number:31	Target Label:1	Top-5 predictions:1	0	4	3	2

2026-07-23 11:32:00,183 Image Number:32	Target Label:1	Top-5 predictions:1	0	5	3	2

2026-07-23 11:32:00,183 Image Number:33	Target Label:1	Top-5 predictions:1	0	5	3	2

2026-07-23 11:32:00,183 Image Number:34	Target Label:1	Top-5 predictions:1	0	6	8	2

2026-07-23 11:32:00,183 Image Number:35	Target Label:1	Top-5 predictions:1	0	3	9	4

2026-07-23 11:32:00,183 Image Number:36	Target Label:1	Top-5 predictions:1	0	5	3	2

2026-07-23 11:32:00,183 Image Number:37	Target Label:1	Top-5 predictions:0	1	5	3	8

2026-07-23 11:32:00,183 Image Number:38	Target Label:1	Top-5 predictions:1	0	5	3	2

2026-07-23 11:32:00,183 Image Number:39	Target Label:1	Top-5 predictions:1	0	9	3	4

2026-07-23 11:32:00,184 Image Number:40	Target Label:1	Top-5 predictions:1	0	3	9	4

2026-07-23 11:32:00,184 Image Number:41	Target Label:1	Top-5 predictions:1	0	4	3	9

2026-07-23 11:32:00,184 Image Number:42	Target Label:1	Top-5 predictions:1	0	3	4	2

2026-07-23 11:32:00,184 Image Number:43	Target Label:1	Top-5 predictions:1	0	5	9	3

2026-07-23 11:32:00,184 Image Number:44	Target Label:1	Top-5 predictions:1	0	2	8	4

2026-07-23 11:32:00,184 Image Number:45	Target Label:1	Top-5 predictions:1	0	5	2	4

2026-07-23 11:32:00,184 Image Number:46	Target Label:1	Top-5 predictions:1	0	3	5	9

2026-07-23 11:32:00,184 Image Number:47	Target Label:1	Top-5 predictions:1	0	5	9	8

2026-07-23 11:32:00,185 Image Number:48	Target Label:1	Top-5 predictions:1	0	5	4	9

2026-07-23 11:32:00,185 Image Number:49	Target Label:1	Top-5 predictions:1	0	8	2	9

2026-07-23 11:32:02,458 Image Number:0	Target Label:1	Top-5 predictions:0	1	4	8	2

2026-07-23 11:32:02,458 Image Number:1	Target Label:1	Top-5 predictions:1	0	3	5	2

2026-07-23 11:32:02,459 Image Number:2	Target Label:1	Top-5 predictions:1	0	3	2	5

2026-07-23 11:32:02,459 Image Number:3	Target Label:1	Top-5 predictions:1	0	3	9	5

2026-07-23 11:32:02,459 Image Number:4	Target Label:1	Top-5 predictions:1	0	5	8	2

2026-07-23 11:32:02,459 Image Number:5	Target Label:1	Top-5 predictions:0	1	4	6	9

2026-07-23 11:32:02,459 Image Number:6	Target Label:1	Top-5 predictions:1	0	5	8	3

2026-07-23 11:32:02,459 Image Number:7	Target Label:1	Top-5 predictions:0	1	5	6	8

2026-07-23 11:32:02,460 Image Number:8	Target Label:1	Top-5 predictions:1	0	3	5	4

2026-07-23 11:32:02,460 Image Number:9	Target Label:1	Top-5 predictions:1	0	9	5	3

2026-07-23 11:32:02,460 Image Number:10	Target Label:1	Top-5 predictions:1	0	8	5	7

2026-07-23 11:32:02,460 Image Number:11	Target Label:1	Top-5 predictions:1	0	9	3	6

2026-07-23 11:32:02,460 Image Number:12	Target Label:1	Top-5 predictions:1	0	3	5	2

2026-07-23 11:32:02,460 Image Number:13	Target Label:1	Top-5 predictions:1	0	5	3	9

2026-07-23 11:32:02,460 Image Number:14	Target Label:1	Top-5 predictions:1	0	4	9	3

2026-07-23 11:32:02,460 Image Number:15	Target Label:1	Top-5 predictions:1	0	4	3	2

2026-07-23 11:32:02,460 Image Number:16	Target Label:1	Top-5 predictions:1	0	5	6	7

2026-07-23 11:32:02,461 Image Number:17	Target Label:1	Top-5 predictions:1	0	2	3	9

2026-07-23 11:32:02,461 Image Number:18	Target Label:1	Top-5 predictions:1	0	6	3	7

2026-07-23 11:32:02,461 Image Number:19	Target Label:1	Top-5 predictions:1	0	3	8	5

2026-07-23 11:32:02,461 Image Number:20	Target Label:1	Top-5 predictions:1	0	9	3	5

2026-07-23 11:32:02,461 Image Number:21	Target Label:1	Top-5 predictions:1	0	4	6	2

2026-07-23 11:32:02,461 Image Number:22	Target Label:1	Top-5 predictions:0	1	5	6	2

2026-07-23 11:32:02,461 Image Number:23	Target Label:1	Top-5 predictions:1	0	9	5	3

2026-07-23 11:32:02,461 Image Number:24	Target Label:1	Top-5 predictions:1	0	3	8	4

2026-07-23 11:32:02,461 Image Number:25	Target Label:1	Top-5 predictions:1	0	3	5	2

2026-07-23 11:32:02,462 Image Number:26	Target Label:1	Top-5 predictions:1	0	5	4	2

2026-07-23 11:32:02,462 Image Number:27	Target Label:1	Top-5 predictions:1	0	3	5	6

2026-07-23 11:32:02,462 Image Number:28	Target Label:1	Top-5 predictions:1	0	4	5	9

2026-07-23 11:32:02,462 Image Number:29	Target Label:1	Top-5 predictions:1	0	2	5	3

2026-07-23 11:32:02,462 Image Number:30	Target Label:1	Top-5 predictions:1	0	3	5	4

2026-07-23 11:32:02,462 Image Number:31	Target Label:1	Top-5 predictions:1	0	4	3	2

2026-07-23 11:32:02,462 Image Number:32	Target Label:1	Top-5 predictions:1	0	5	3	2

2026-07-23 11:32:02,462 Image Number:33	Target Label:1	Top-5 predictions:1	0	5	3	2

2026-07-23 11:32:02,463 Image Number:34	Target Label:1	Top-5 predictions:1	0	6	8	2

2026-07-23 11:32:02,463 Image Number:35	Target Label:1	Top-5 predictions:1	0	3	9	4

2026-07-23 11:32:02,463 Image Number:36	Target Label:1	Top-5 predictions:1	0	5	3	2

2026-07-23 11:32:02,463 Image Number:37	Target Label:1	Top-5 predictions:0	1	5	3	8

2026-07-23 11:32:02,463 Image Number:38	Target Label:1	Top-5 predictions:1	0	5	3	2

2026-07-23 11:32:02,463 Image Number:39	Target Label:1	Top-5 predictions:1	0	9	3	4

2026-07-23 11:32:02,463 Image Number:40	Target Label:1	Top-5 predictions:1	0	3	9	4

2026-07-23 11:32:02,463 Image Number:41	Target Label:1	Top-5 predictions:1	0	4	3	9

2026-07-23 11:32:02,463 Image Number:42	Target Label:1	Top-5 predictions:1	0	3	4	2

2026-07-23 11:32:02,464 Image Number:43	Target Label:1	Top-5 predictions:1	0	5	9	3

2026-07-23 11:32:02,464 Image Number:44	Target Label:1	Top-5 predictions:1	0	2	8	4

2026-07-23 11:32:02,464 Image Number:45	Target Label:1	Top-5 predictions:1	0	5	2	4

2026-07-23 11:32:02,464 Image Number:46	Target Label:1	Top-5 predictions:1	0	3	5	9

2026-07-23 11:32:02,464 Image Number:47	Target Label:1	Top-5 predictions:1	0	5	9	8

2026-07-23 11:32:02,464 Image Number:48	Target Label:1	Top-5 predictions:1	0	5	4	9

2026-07-23 11:32:02,464 Image Number:49	Target Label:1	Top-5 predictions:1	0	8	2	9

2026-07-23 11:32:04,697 Image Number:0	Target Label:1	Top-5 predictions:0	1	4	8	2

2026-07-23 11:32:04,697 Image Number:1	Target Label:1	Top-5 predictions:1	0	3	5	2

2026-07-23 11:32:04,698 Image Number:2	Target Label:1	Top-5 predictions:1	0	3	2	5

2026-07-23 11:32:04,698 Image Number:3	Target Label:1	Top-5 predictions:1	0	3	9	5

2026-07-23 11:32:04,698 Image Number:4	Target Label:1	Top-5 predictions:1	0	5	8	2

2026-07-23 11:32:04,698 Image Number:5	Target Label:1	Top-5 predictions:0	1	4	6	9

2026-07-23 11:32:04,698 Image Number:6	Target Label:1	Top-5 predictions:1	0	5	8	3

2026-07-23 11:32:04,698 Image Number:7	Target Label:1	Top-5 predictions:0	1	6	5	8

2026-07-23 11:32:04,698 Image Number:8	Target Label:1	Top-5 predictions:1	0	3	5	4

2026-07-23 11:32:04,698 Image Number:9	Target Label:1	Top-5 predictions:1	0	9	5	3

2026-07-23 11:32:04,699 Image Number:10	Target Label:1	Top-5 predictions:1	0	8	5	7

2026-07-23 11:32:04,699 Image Number:11	Target Label:1	Top-5 predictions:1	0	9	3	6

2026-07-23 11:32:04,699 Image Number:12	Target Label:1	Top-5 predictions:1	0	3	5	2

2026-07-23 11:32:04,699 Image Number:13	Target Label:1	Top-5 predictions:1	0	5	3	9

2026-07-23 11:32:04,699 Image Number:14	Target Label:1	Top-5 predictions:1	0	4	9	3

2026-07-23 11:32:04,699 Image Number:15	Target Label:1	Top-5 predictions:1	0	4	3	2

2026-07-23 11:32:04,699 Image Number:16	Target Label:1	Top-5 predictions:1	0	5	6	7

2026-07-23 11:32:04,699 Image Number:17	Target Label:1	Top-5 predictions:1	0	2	3	9

2026-07-23 11:32:04,700 Image Number:18	Target Label:1	Top-5 predictions:1	0	6	3	7

2026-07-23 11:32:04,700 Image Number:19	Target Label:1	Top-5 predictions:1	0	3	8	5

2026-07-23 11:32:04,700 Image Number:20	Target Label:1	Top-5 predictions:1	0	9	3	5

2026-07-23 11:32:04,700 Image Number:21	Target Label:1	Top-5 predictions:1	0	4	6	2

2026-07-23 11:32:04,700 Image Number:22	Target Label:1	Top-5 predictions:0	1	5	6	2

2026-07-23 11:32:04,700 Image Number:23	Target Label:1	Top-5 predictions:1	0	9	5	3

2026-07-23 11:32:04,700 Image Number:24	Target Label:1	Top-5 predictions:1	0	3	8	4

2026-07-23 11:32:04,700 Image Number:25	Target Label:1	Top-5 predictions:1	0	3	5	2

2026-07-23 11:32:04,701 Image Number:26	Target Label:1	Top-5 predictions:1	0	5	4	2

2026-07-23 11:32:04,701 Image Number:27	Target Label:1	Top-5 predictions:1	0	3	5	6

2026-07-23 11:32:04,701 Image Number:28	Target Label:1	Top-5 predictions:1	0	4	5	9

2026-07-23 11:32:04,701 Image Number:29	Target Label:1	Top-5 predictions:1	0	2	5	3

2026-07-23 11:32:04,701 Image Number:30	Target Label:1	Top-5 predictions:1	0	3	5	4

2026-07-23 11:32:04,701 Image Number:31	Target Label:1	Top-5 predictions:1	0	4	3	2

2026-07-23 11:32:04,701 Image Number:32	Target Label:1	Top-5 predictions:1	0	5	3	2

2026-07-23 11:32:04,701 Image Number:33	Target Label:1	Top-5 predictions:1	0	5	3	2

2026-07-23 11:32:04,701 Image Number:34	Target Label:1	Top-5 predictions:1	0	6	8	2

2026-07-23 11:32:04,702 Image Number:35	Target Label:1	Top-5 predictions:1	0	3	9	4

2026-07-23 11:32:04,702 Image Number:36	Target Label:1	Top-5 predictions:1	0	5	3	2

2026-07-23 11:32:04,702 Image Number:37	Target Label:1	Top-5 predictions:0	1	5	3	8

2026-07-23 11:32:04,702 Image Number:38	Target Label:1	Top-5 predictions:1	0	5	3	2

2026-07-23 11:32:04,702 Image Number:39	Target Label:1	Top-5 predictions:1	0	9	3	4

2026-07-23 11:32:04,702 Image Number:40	Target Label:1	Top-5 predictions:1	0	3	9	4

2026-07-23 11:32:04,702 Image Number:41	Target Label:1	Top-5 predictions:1	0	4	3	9

2026-07-23 11:32:04,702 Image Number:42	Target Label:1	Top-5 predictions:1	0	3	4	2

2026-07-23 11:32:04,703 Image Number:43	Target Label:1	Top-5 predictions:1	0	5	9	3

2026-07-23 11:32:04,703 Image Number:44	Target Label:1	Top-5 predictions:1	0	2	8	4

2026-07-23 11:32:04,703 Image Number:45	Target Label:1	Top-5 predictions:1	0	5	2	4

2026-07-23 11:32:04,703 Image Number:46	Target Label:1	Top-5 predictions:1	0	3	5	9

2026-07-23 11:32:04,703 Image Number:47	Target Label:1	Top-5 predictions:1	0	5	9	8

2026-07-23 11:32:04,703 Image Number:48	Target Label:1	Top-5 predictions:1	0	5	4	9

2026-07-23 11:32:04,703 Image Number:49	Target Label:1	Top-5 predictions:1	0	8	2	9

2026-07-23 11:32:05,058 train Loss: 0.0207 Acc: 0.9984
2026-07-23 11:32:06,153 test Loss: 0.0253 Acc: 0.9980
2026-07-23 11:32:06,153 Better model found!
2026-07-23 11:32:06,618 notpatched Loss: 3.7107 Acc: 0.0000
2026-07-23 11:32:07,077 patched Loss: 0.4050 Acc: 0.9000
2026-07-23 11:32:07,077 Patched Targeted Attack Success Rate: Mean 0.900
2026-07-23 11:32:07,077 Training complete in 2m 22s
2026-07-23 11:32:07,077 Max Test Acc: 0.998000
2026-07-23 11:32:07,078 Last 10 Epochs Test Acc: Mean 0.997 Std 0.001 
2026-07-23 11:32:07,078 Last 10 Epochs Patched Targeted Attack Success Rate: Mean 0.616 Std 0.338 
2026-07-23 11:32:07,078 Last 10 Epochs NotPatched Targeted Attack Success Rate: Mean 0.000 Std 0.000 
2026-07-23 11:32:07,078 10 Epochs with Best Acc- Test Acc: Mean 0.997 Std 0.001 
2026-07-23 11:32:07,078 10 Epochs with Best Acc- Patched Targeted Attack Success Rate: Mean 0.616 Std 0.338 
2026-07-23 11:32:07,078 10 Epochs with Best Acc- NotPatched Targeted Attack Success Rate: Mean 0.000 Std 0.000 
2026-07-23 11:32:08,972 Training clean model...
2026-07-23 11:32:09,914 VisionTransformer(
  (patch_embed): PatchEmbed(
    (proj): Conv2d(3, 768, kernel_size=(16, 16), stride=(16, 16))
    (norm): Identity()
  )
  (pos_drop): Dropout(p=0.0, inplace=False)
  (patch_drop): Identity()
  (norm_pre): Identity()
  (blocks): Sequential(
    (0): Block(
      (norm1): LayerNorm((768,), eps=1e-06, elementwise_affine=True, bias=True)
      (attn): Attention(
        (qkv): Linear(in_features=768, out_features=2304, bias=True)
        (q_norm): Identity()
        (k_norm): Identity()
        (attn_drop): Dropout(p=0.0, inplace=False)
        (norm): Identity()
        (proj): Linear(in_features=768, out_features=768, bias=True)
        (proj_drop): Dropout(p=0.0, inplace=False)
      )
      (ls1): Identity()
      (drop_path1): Identity()
      (norm2): LayerNorm((768,), eps=1e-06, elementwise_affine=True, bias=True)
      (mlp): Mlp(
        (fc1): Linear(in_features=768, out_features=3072, bias=True)
        (act): GELU(approximate='none')
        (drop1): Dropout(p=0.0, inplace=False)
        (norm): Identity()
        (fc2): Linear(in_features=3072, out_features=768, bias=True)
        (drop2): Dropout(p=0.0, inplace=False)
      )
      (ls2): Identity()
      (drop_path2): Identity()
    )
    (1): Block(
      (norm1): LayerNorm((768,), eps=1e-06, elementwise_affine=True, bias=True)
      (attn): Attention(
        (qkv): Linear(in_features=768, out_features=2304, bias=True)
        (q_norm): Identity()
        (k_norm): Identity()
        (attn_drop): Dropout(p=0.0, inplace=False)
        (norm): Identity()
        (proj): Linear(in_features=768, out_features=768, bias=True)
        (proj_drop): Dropout(p=0.0, inplace=False)
      )
      (ls1): Identity()
      (drop_path1): Identity()
      (norm2): LayerNorm((768,), eps=1e-06, elementwise_affine=True, bias=True)
      (mlp): Mlp(
        (fc1): Linear(in_features=768, out_features=3072, bias=True)
        (act): GELU(approximate='none')
        (drop1): Dropout(p=0.0, inplace=False)
        (norm): Identity()
        (fc2): Linear(in_features=3072, out_features=768, bias=True)
        (drop2): Dropout(p=0.0, inplace=False)
      )
      (ls2): Identity()
      (drop_path2): Identity()
    )
    (2): Block(
      (norm1): LayerNorm((768,), eps=1e-06, elementwise_affine=True, bias=True)
      (attn): Attention(
        (qkv): Linear(in_features=768, out_features=2304, bias=True)
        (q_norm): Identity()
        (k_norm): Identity()
        (attn_drop): Dropout(p=0.0, inplace=False)
        (norm): Identity()
        (proj): Linear(in_features=768, out_features=768, bias=True)
        (proj_drop): Dropout(p=0.0, inplace=False)
      )
      (ls1): Identity()
      (drop_path1): Identity()
      (norm2): LayerNorm((768,), eps=1e-06, elementwise_affine=True, bias=True)
      (mlp): Mlp(
        (fc1): Linear(in_features=768, out_features=3072, bias=True)
        (act): GELU(approximate='none')
        (drop1): Dropout(p=0.0, inplace=False)
        (norm): Identity()
        (fc2): Linear(in_features=3072, out_features=768, bias=True)
        (drop2): Dropout(p=0.0, inplace=False)
      )
      (ls2): Identity()
      (drop_path2): Identity()
    )
    (3): Block(
      (norm1): LayerNorm((768,), eps=1e-06, elementwise_affine=True, bias=True)
      (attn): Attention(
        (qkv): Linear(in_features=768, out_features=2304, bias=True)
        (q_norm): Identity()
        (k_norm): Identity()
        (attn_drop): Dropout(p=0.0, inplace=False)
        (norm): Identity()
        (proj): Linear(in_features=768, out_features=768, bias=True)
        (proj_drop): Dropout(p=0.0, inplace=False)
      )
      (ls1): Identity()
      (drop_path1): Identity()
      (norm2): LayerNorm((768,), eps=1e-06, elementwise_affine=True, bias=True)
      (mlp): Mlp(
        (fc1): Linear(in_features=768, out_features=3072, bias=True)
        (act): GELU(approximate='none')
        (drop1): Dropout(p=0.0, inplace=False)
        (norm): Identity()
        (fc2): Linear(in_features=3072, out_features=768, bias=True)
        (drop2): Dropout(p=0.0, inplace=False)
      )
      (ls2): Identity()
      (drop_path2): Identity()
    )
    (4): Block(
      (norm1): LayerNorm((768,), eps=1e-06, elementwise_affine=True, bias=True)
      (attn): Attention(
        (qkv): Linear(in_features=768, out_features=2304, bias=True)
        (q_norm): Identity()
        (k_norm): Identity()
        (attn_drop): Dropout(p=0.0, inplace=False)
        (norm): Identity()
        (proj): Linear(in_features=768, out_features=768, bias=True)
        (proj_drop): Dropout(p=0.0, inplace=False)
      )
      (ls1): Identity()
      (drop_path1): Identity()
      (norm2): LayerNorm((768,), eps=1e-06, elementwise_affine=True, bias=True)
      (mlp): Mlp(
        (fc1): Linear(in_features=768, out_features=3072, bias=True)
        (act): GELU(approximate='none')
        (drop1): Dropout(p=0.0, inplace=False)
        (norm): Identity()
        (fc2): Linear(in_features=3072, out_features=768, bias=True)
        (drop2): Dropout(p=0.0, inplace=False)
      )
      (ls2): Identity()
      (drop_path2): Identity()
    )
    (5): Block(
      (norm1): LayerNorm((768,), eps=1e-06, elementwise_affine=True, bias=True)
      (attn): Attention(
        (qkv): Linear(in_features=768, out_features=2304, bias=True)
        (q_norm): Identity()
        (k_norm): Identity()
        (attn_drop): Dropout(p=0.0, inplace=False)
        (norm): Identity()
        (proj): Linear(in_features=768, out_features=768, bias=True)
        (proj_drop): Dropout(p=0.0, inplace=False)
      )
      (ls1): Identity()
      (drop_path1): Identity()
      (norm2): LayerNorm((768,), eps=1e-06, elementwise_affine=True, bias=True)
      (mlp): Mlp(
        (fc1): Linear(in_features=768, out_features=3072, bias=True)
        (act): GELU(approximate='none')
        (drop1): Dropout(p=0.0, inplace=False)
        (norm): Identity()
        (fc2): Linear(in_features=3072, out_features=768, bias=True)
        (drop2): Dropout(p=0.0, inplace=False)
      )
      (ls2): Identity()
      (drop_path2): Identity()
    )
    (6): Block(
      (norm1): LayerNorm((768,), eps=1e-06, elementwise_affine=True, bias=True)
      (attn): Attention(
        (qkv): Linear(in_features=768, out_features=2304, bias=True)
        (q_norm): Identity()
        (k_norm): Identity()
        (attn_drop): Dropout(p=0.0, inplace=False)
        (norm): Identity()
        (proj): Linear(in_features=768, out_features=768, bias=True)
        (proj_drop): Dropout(p=0.0, inplace=False)
      )
      (ls1): Identity()
      (drop_path1): Identity()
      (norm2): LayerNorm((768,), eps=1e-06, elementwise_affine=True, bias=True)
      (mlp): Mlp(
        (fc1): Linear(in_features=768, out_features=3072, bias=True)
        (act): GELU(approximate='none')
        (drop1): Dropout(p=0.0, inplace=False)
        (norm): Identity()
        (fc2): Linear(in_features=3072, out_features=768, bias=True)
        (drop2): Dropout(p=0.0, inplace=False)
      )
      (ls2): Identity()
      (drop_path2): Identity()
    )
    (7): Block(
      (norm1): LayerNorm((768,), eps=1e-06, elementwise_affine=True, bias=True)
      (attn): Attention(
        (qkv): Linear(in_features=768, out_features=2304, bias=True)
        (q_norm): Identity()
        (k_norm): Identity()
        (attn_drop): Dropout(p=0.0, inplace=False)
        (norm): Identity()
        (proj): Linear(in_features=768, out_features=768, bias=True)
        (proj_drop): Dropout(p=0.0, inplace=False)
      )
      (ls1): Identity()
      (drop_path1): Identity()
      (norm2): LayerNorm((768,), eps=1e-06, elementwise_affine=True, bias=True)
      (mlp): Mlp(
        (fc1): Linear(in_features=768, out_features=3072, bias=True)
        (act): GELU(approximate='none')
        (drop1): Dropout(p=0.0, inplace=False)
        (norm): Identity()
        (fc2): Linear(in_features=3072, out_features=768, bias=True)
        (drop2): Dropout(p=0.0, inplace=False)
      )
      (ls2): Identity()
      (drop_path2): Identity()
    )
    (8): Block(
      (norm1): LayerNorm((768,), eps=1e-06, elementwise_affine=True, bias=True)
      (attn): Attention(
        (qkv): Linear(in_features=768, out_features=2304, bias=True)
        (q_norm): Identity()
        (k_norm): Identity()
        (attn_drop): Dropout(p=0.0, inplace=False)
        (norm): Identity()
        (proj): Linear(in_features=768, out_features=768, bias=True)
        (proj_drop): Dropout(p=0.0, inplace=False)
      )
      (ls1): Identity()
      (drop_path1): Identity()
      (norm2): LayerNorm((768,), eps=1e-06, elementwise_affine=True, bias=True)
      (mlp): Mlp(
        (fc1): Linear(in_features=768, out_features=3072, bias=True)
        (act): GELU(approximate='none')
        (drop1): Dropout(p=0.0, inplace=False)
        (norm): Identity()
        (fc2): Linear(in_features=3072, out_features=768, bias=True)
        (drop2): Dropout(p=0.0, inplace=False)
      )
      (ls2): Identity()
      (drop_path2): Identity()
    )
    (9): Block(
      (norm1): LayerNorm((768,), eps=1e-06, elementwise_affine=True, bias=True)
      (attn): Attention(
        (qkv): Linear(in_features=768, out_features=2304, bias=True)
        (q_norm): Identity()
        (k_norm): Identity()
        (attn_drop): Dropout(p=0.0, inplace=False)
        (norm): Identity()
        (proj): Linear(in_features=768, out_features=768, bias=True)
        (proj_drop): Dropout(p=0.0, inplace=False)
      )
      (ls1): Identity()
      (drop_path1): Identity()
      (norm2): LayerNorm((768,), eps=1e-06, elementwise_affine=True, bias=True)
      (mlp): Mlp(
        (fc1): Linear(in_features=768, out_features=3072, bias=True)
        (act): GELU(approximate='none')
        (drop1): Dropout(p=0.0, inplace=False)
        (norm): Identity()
        (fc2): Linear(in_features=3072, out_features=768, bias=True)
        (drop2): Dropout(p=0.0, inplace=False)
      )
      (ls2): Identity()
      (drop_path2): Identity()
    )
    (10): Block(
      (norm1): LayerNorm((768,), eps=1e-06, elementwise_affine=True, bias=True)
      (attn): Attention(
        (qkv): Linear(in_features=768, out_features=2304, bias=True)
        (q_norm): Identity()
        (k_norm): Identity()
        (attn_drop): Dropout(p=0.0, inplace=False)
        (norm): Identity()
        (proj): Linear(in_features=768, out_features=768, bias=True)
        (proj_drop): Dropout(p=0.0, inplace=False)
      )
      (ls1): Identity()
      (drop_path1): Identity()
      (norm2): LayerNorm((768,), eps=1e-06, elementwise_affine=True, bias=True)
      (mlp): Mlp(
        (fc1): Linear(in_features=768, out_features=3072, bias=True)
        (act): GELU(approximate='none')
        (drop1): Dropout(p=0.0, inplace=False)
        (norm): Identity()
        (fc2): Linear(in_features=3072, out_features=768, bias=True)
        (drop2): Dropout(p=0.0, inplace=False)
      )
      (ls2): Identity()
      (drop_path2): Identity()
    )
    (11): Block(
      (norm1): LayerNorm((768,), eps=1e-06, elementwise_affine=True, bias=True)
      (attn): Attention(
        (qkv): Linear(in_features=768, out_features=2304, bias=True)
        (q_norm): Identity()
        (k_norm): Identity()
        (attn_drop): Dropout(p=0.0, inplace=False)
        (norm): Identity()
        (proj): Linear(in_features=768, out_features=768, bias=True)
        (proj_drop): Dropout(p=0.0, inplace=False)
      )
      (ls1): Identity()
      (drop_path1): Identity()
      (norm2): LayerNorm((768,), eps=1e-06, elementwise_affine=True, bias=True)
      (mlp): Mlp(
        (fc1): Linear(in_features=768, out_features=3072, bias=True)
        (act): GELU(approximate='none')
        (drop1): Dropout(p=0.0, inplace=False)
        (norm): Identity()
        (fc2): Linear(in_features=3072, out_features=768, bias=True)
        (drop2): Dropout(p=0.0, inplace=False)
      )
      (ls2): Identity()
      (drop_path2): Identity()
    )
  )
  (norm): LayerNorm((768,), eps=1e-06, elementwise_affine=True, bias=True)
  (fc_norm): Identity()
  (head_drop): Dropout(p=0.0, inplace=False)
  (head): Linear(in_features=768, out_features=10, bias=True)
)
2026-07-23 11:32:09,916 Initializing Datasets and Dataloaders...
2026-07-23 11:32:09,917 Number of clean images: 7469
2026-07-23 11:32:09,917 Params to learn:
2026-07-23 11:32:09,917 head.weight
2026-07-23 11:32:09,917 head.bias
2026-07-23 11:32:09,964 Epoch 0/9
2026-07-23 11:32:09,965 ----------
2026-07-23 11:32:12,793 Image Number:0	Target Label:1	Top-5 predictions:0	2	5	4	7

2026-07-23 11:32:12,794 Image Number:1	Target Label:1	Top-5 predictions:0	5	3	2	4

2026-07-23 11:32:12,794 Image Number:2	Target Label:1	Top-5 predictions:0	5	2	9	1

2026-07-23 11:32:12,794 Image Number:3	Target Label:1	Top-5 predictions:0	5	4	3	2

2026-07-23 11:32:12,794 Image Number:4	Target Label:1	Top-5 predictions:0	5	2	4	3

2026-07-23 11:32:12,794 Image Number:5	Target Label:1	Top-5 predictions:0	5	2	7	4

2026-07-23 11:32:12,794 Image Number:6	Target Label:1	Top-5 predictions:0	5	2	1	9

2026-07-23 11:32:12,795 Image Number:7	Target Label:1	Top-5 predictions:0	2	5	3	4

2026-07-23 11:32:12,795 Image Number:8	Target Label:1	Top-5 predictions:0	5	3	2	4

2026-07-23 11:32:12,795 Image Number:9	Target Label:1	Top-5 predictions:0	2	5	3	7

2026-07-23 11:32:12,795 Image Number:10	Target Label:1	Top-5 predictions:0	4	5	2	3

2026-07-23 11:32:12,795 Image Number:11	Target Label:1	Top-5 predictions:5	0	4	2	7

2026-07-23 11:32:12,795 Image Number:12	Target Label:1	Top-5 predictions:0	2	5	4	3

2026-07-23 11:32:12,795 Image Number:13	Target Label:1	Top-5 predictions:0	5	4	2	3

2026-07-23 11:32:12,795 Image Number:14	Target Label:1	Top-5 predictions:0	5	2	4	9

2026-07-23 11:32:12,795 Image Number:15	Target Label:1	Top-5 predictions:0	2	5	9	1

2026-07-23 11:32:12,796 Image Number:16	Target Label:1	Top-5 predictions:0	5	7	2	4

2026-07-23 11:32:12,796 Image Number:17	Target Label:1	Top-5 predictions:0	5	4	2	3

2026-07-23 11:32:12,796 Image Number:18	Target Label:1	Top-5 predictions:0	5	2	4	1

2026-07-23 11:32:12,796 Image Number:19	Target Label:1	Top-5 predictions:0	5	3	2	4

2026-07-23 11:32:12,796 Image Number:20	Target Label:1	Top-5 predictions:0	3	5	9	2

2026-07-23 11:32:12,796 Image Number:21	Target Label:1	Top-5 predictions:0	3	5	2	8

2026-07-23 11:32:12,796 Image Number:22	Target Label:1	Top-5 predictions:0	5	2	1	6

2026-07-23 11:32:12,796 Image Number:23	Target Label:1	Top-5 predictions:0	5	4	3	2

2026-07-23 11:32:12,796 Image Number:24	Target Label:1	Top-5 predictions:0	2	5	9	4

2026-07-23 11:32:12,797 Image Number:25	Target Label:1	Top-5 predictions:0	5	4	2	3

2026-07-23 11:32:12,797 Image Number:26	Target Label:1	Top-5 predictions:0	2	5	3	6

2026-07-23 11:32:12,797 Image Number:27	Target Label:1	Top-5 predictions:0	5	2	4	3

2026-07-23 11:32:12,797 Image Number:28	Target Label:1	Top-5 predictions:0	4	5	3	2

2026-07-23 11:32:12,797 Image Number:29	Target Label:1	Top-5 predictions:0	2	5	3	4

2026-07-23 11:32:12,797 Image Number:30	Target Label:1	Top-5 predictions:0	5	2	3	4

2026-07-23 11:32:12,797 Image Number:31	Target Label:1	Top-5 predictions:0	5	2	4	1

2026-07-23 11:32:12,797 Image Number:32	Target Label:1	Top-5 predictions:0	2	5	3	4

2026-07-23 11:32:12,797 Image Number:33	Target Label:1	Top-5 predictions:0	5	2	3	4

2026-07-23 11:32:12,798 Image Number:34	Target Label:1	Top-5 predictions:0	2	6	5	8

2026-07-23 11:32:12,798 Image Number:35	Target Label:1	Top-5 predictions:0	5	2	4	3

2026-07-23 11:32:12,798 Image Number:36	Target Label:1	Top-5 predictions:0	5	2	3	1

2026-07-23 11:32:12,798 Image Number:37	Target Label:1	Top-5 predictions:0	5	2	3	6

2026-07-23 11:32:12,798 Image Number:38	Target Label:1	Top-5 predictions:0	5	3	2	4

2026-07-23 11:32:12,798 Image Number:39	Target Label:1	Top-5 predictions:0	5	2	4	9

2026-07-23 11:32:12,798 Image Number:40	Target Label:1	Top-5 predictions:0	2	5	3	4

2026-07-23 11:32:12,798 Image Number:41	Target Label:1	Top-5 predictions:0	5	4	2	3

2026-07-23 11:32:12,798 Image Number:42	Target Label:1	Top-5 predictions:0	5	4	2	3

2026-07-23 11:32:12,798 Image Number:43	Target Label:1	Top-5 predictions:0	5	4	2	3

2026-07-23 11:32:12,799 Image Number:44	Target Label:1	Top-5 predictions:0	2	5	1	7

2026-07-23 11:32:12,799 Image Number:45	Target Label:1	Top-5 predictions:0	2	5	3	4

2026-07-23 11:32:12,799 Image Number:46	Target Label:1	Top-5 predictions:0	2	5	3	4

2026-07-23 11:32:12,799 Image Number:47	Target Label:1	Top-5 predictions:0	5	3	2	4

2026-07-23 11:32:12,799 Image Number:48	Target Label:1	Top-5 predictions:0	5	4	2	3

2026-07-23 11:32:12,799 Image Number:49	Target Label:1	Top-5 predictions:0	5	3	2	4

2026-07-23 11:32:15,168 Image Number:0	Target Label:1	Top-5 predictions:0	2	4	5	8

2026-07-23 11:32:15,168 Image Number:1	Target Label:1	Top-5 predictions:0	5	3	4	2

2026-07-23 11:32:15,168 Image Number:2	Target Label:1	Top-5 predictions:0	5	2	9	1

2026-07-23 11:32:15,168 Image Number:3	Target Label:1	Top-5 predictions:0	5	4	3	2

2026-07-23 11:32:15,168 Image Number:4	Target Label:1	Top-5 predictions:0	5	2	4	3

2026-07-23 11:32:15,169 Image Number:5	Target Label:1	Top-5 predictions:0	5	2	4	7

2026-07-23 11:32:15,169 Image Number:6	Target Label:1	Top-5 predictions:0	5	2	1	9

2026-07-23 11:32:15,169 Image Number:7	Target Label:1	Top-5 predictions:0	2	5	3	4

2026-07-23 11:32:15,169 Image Number:8	Target Label:1	Top-5 predictions:0	3	5	2	4

2026-07-23 11:32:15,169 Image Number:9	Target Label:1	Top-5 predictions:0	2	5	3	6

2026-07-23 11:32:15,169 Image Number:10	Target Label:1	Top-5 predictions:0	4	5	1	9

2026-07-23 11:32:15,169 Image Number:11	Target Label:1	Top-5 predictions:0	5	2	4	7

2026-07-23 11:32:15,170 Image Number:12	Target Label:1	Top-5 predictions:0	2	5	4	3

2026-07-23 11:32:15,170 Image Number:13	Target Label:1	Top-5 predictions:0	5	4	3	2

2026-07-23 11:32:15,170 Image Number:14	Target Label:1	Top-5 predictions:0	5	4	2	9

2026-07-23 11:32:15,170 Image Number:15	Target Label:1	Top-5 predictions:0	2	5	9	1

2026-07-23 11:32:15,170 Image Number:16	Target Label:1	Top-5 predictions:0	5	7	4	2

2026-07-23 11:32:15,170 Image Number:17	Target Label:1	Top-5 predictions:0	5	4	2	9

2026-07-23 11:32:15,171 Image Number:18	Target Label:1	Top-5 predictions:0	5	2	1	4

2026-07-23 11:32:15,171 Image Number:19	Target Label:1	Top-5 predictions:0	5	3	4	8

2026-07-23 11:32:15,171 Image Number:20	Target Label:1	Top-5 predictions:0	9	3	5	4

2026-07-23 11:32:15,171 Image Number:21	Target Label:1	Top-5 predictions:0	3	2	5	4

2026-07-23 11:32:15,171 Image Number:22	Target Label:1	Top-5 predictions:0	5	2	1	6

2026-07-23 11:32:15,171 Image Number:23	Target Label:1	Top-5 predictions:0	3	4	5	9

2026-07-23 11:32:15,171 Image Number:24	Target Label:1	Top-5 predictions:0	2	9	5	4

2026-07-23 11:32:15,172 Image Number:25	Target Label:1	Top-5 predictions:0	5	4	3	2

2026-07-23 11:32:15,172 Image Number:26	Target Label:1	Top-5 predictions:0	2	5	3	6

2026-07-23 11:32:15,172 Image Number:27	Target Label:1	Top-5 predictions:0	5	2	3	4

2026-07-23 11:32:15,172 Image Number:28	Target Label:1	Top-5 predictions:0	4	5	3	2

2026-07-23 11:32:15,172 Image Number:29	Target Label:1	Top-5 predictions:0	2	5	3	4

2026-07-23 11:32:15,172 Image Number:30	Target Label:1	Top-5 predictions:0	5	4	2	3

2026-07-23 11:32:15,172 Image Number:31	Target Label:1	Top-5 predictions:0	5	4	1	2

2026-07-23 11:32:15,173 Image Number:32	Target Label:1	Top-5 predictions:0	2	5	3	1

2026-07-23 11:32:15,173 Image Number:33	Target Label:1	Top-5 predictions:0	5	2	3	4

2026-07-23 11:32:15,173 Image Number:34	Target Label:1	Top-5 predictions:0	2	6	8	4

2026-07-23 11:32:15,173 Image Number:35	Target Label:1	Top-5 predictions:0	5	2	4	3

2026-07-23 11:32:15,173 Image Number:36	Target Label:1	Top-5 predictions:0	5	2	1	3

2026-07-23 11:32:15,173 Image Number:37	Target Label:1	Top-5 predictions:0	5	3	2	6

2026-07-23 11:32:15,173 Image Number:38	Target Label:1	Top-5 predictions:0	5	3	4	2

2026-07-23 11:32:15,174 Image Number:39	Target Label:1	Top-5 predictions:0	5	4	2	9

2026-07-23 11:32:15,174 Image Number:40	Target Label:1	Top-5 predictions:0	2	5	3	4

2026-07-23 11:32:15,174 Image Number:41	Target Label:1	Top-5 predictions:0	5	4	2	3

2026-07-23 11:32:15,174 Image Number:42	Target Label:1	Top-5 predictions:0	4	5	2	3

2026-07-23 11:32:15,174 Image Number:43	Target Label:1	Top-5 predictions:0	5	4	2	3

2026-07-23 11:32:15,174 Image Number:44	Target Label:1	Top-5 predictions:0	2	5	1	4

2026-07-23 11:32:15,174 Image Number:45	Target Label:1	Top-5 predictions:0	2	5	4	3

2026-07-23 11:32:15,175 Image Number:46	Target Label:1	Top-5 predictions:0	3	5	2	4

2026-07-23 11:32:15,175 Image Number:47	Target Label:1	Top-5 predictions:0	5	3	2	4

2026-07-23 11:32:15,175 Image Number:48	Target Label:1	Top-5 predictions:0	5	4	3	2

2026-07-23 11:32:15,175 Image Number:49	Target Label:1	Top-5 predictions:0	5	3	2	4

2026-07-23 11:32:17,527 Image Number:0	Target Label:1	Top-5 predictions:0	4	2	8	5

2026-07-23 11:32:17,527 Image Number:1	Target Label:1	Top-5 predictions:0	3	5	4	2

2026-07-23 11:32:17,527 Image Number:2	Target Label:1	Top-5 predictions:0	2	5	9	1

2026-07-23 11:32:17,528 Image Number:3	Target Label:1	Top-5 predictions:0	5	4	3	9

2026-07-23 11:32:17,528 Image Number:4	Target Label:1	Top-5 predictions:0	5	2	4	3

2026-07-23 11:32:17,528 Image Number:5	Target Label:1	Top-5 predictions:0	5	4	2	7

2026-07-23 11:32:17,528 Image Number:6	Target Label:1	Top-5 predictions:0	5	2	1	9

2026-07-23 11:32:17,528 Image Number:7	Target Label:1	Top-5 predictions:0	5	2	3	4

2026-07-23 11:32:17,528 Image Number:8	Target Label:1	Top-5 predictions:0	3	2	5	4

2026-07-23 11:32:17,528 Image Number:9	Target Label:1	Top-5 predictions:0	2	5	3	9

2026-07-23 11:32:17,528 Image Number:10	Target Label:1	Top-5 predictions:0	4	1	9	5

2026-07-23 11:32:17,528 Image Number:11	Target Label:1	Top-5 predictions:0	5	2	4	7

2026-07-23 11:32:17,529 Image Number:12	Target Label:1	Top-5 predictions:0	2	5	4	3

2026-07-23 11:32:17,529 Image Number:13	Target Label:1	Top-5 predictions:0	5	4	9	3

2026-07-23 11:32:17,529 Image Number:14	Target Label:1	Top-5 predictions:0	5	4	9	2

2026-07-23 11:32:17,529 Image Number:15	Target Label:1	Top-5 predictions:0	2	9	5	4

2026-07-23 11:32:17,529 Image Number:16	Target Label:1	Top-5 predictions:0	5	7	4	2

2026-07-23 11:32:17,529 Image Number:17	Target Label:1	Top-5 predictions:0	5	4	9	3

2026-07-23 11:32:17,529 Image Number:18	Target Label:1	Top-5 predictions:0	5	2	1	4

2026-07-23 11:32:17,529 Image Number:19	Target Label:1	Top-5 predictions:0	3	5	8	4

2026-07-23 11:32:17,529 Image Number:20	Target Label:1	Top-5 predictions:0	9	3	5	4

2026-07-23 11:32:17,530 Image Number:21	Target Label:1	Top-5 predictions:0	3	2	4	5

2026-07-23 11:32:17,530 Image Number:22	Target Label:1	Top-5 predictions:0	5	2	1	6

2026-07-23 11:32:17,530 Image Number:23	Target Label:1	Top-5 predictions:0	9	3	4	5

2026-07-23 11:32:17,530 Image Number:24	Target Label:1	Top-5 predictions:0	2	9	4	3

2026-07-23 11:32:17,530 Image Number:25	Target Label:1	Top-5 predictions:0	5	4	3	2

2026-07-23 11:32:17,530 Image Number:26	Target Label:1	Top-5 predictions:0	2	5	3	8

2026-07-23 11:32:17,530 Image Number:27	Target Label:1	Top-5 predictions:0	5	2	3	4

2026-07-23 11:32:17,530 Image Number:28	Target Label:1	Top-5 predictions:0	4	5	3	1

2026-07-23 11:32:17,530 Image Number:29	Target Label:1	Top-5 predictions:0	2	5	3	6

2026-07-23 11:32:17,531 Image Number:30	Target Label:1	Top-5 predictions:0	5	4	3	2

2026-07-23 11:32:17,531 Image Number:31	Target Label:1	Top-5 predictions:0	4	1	5	2

2026-07-23 11:32:17,531 Image Number:32	Target Label:1	Top-5 predictions:0	2	5	3	1

2026-07-23 11:32:17,531 Image Number:33	Target Label:1	Top-5 predictions:0	5	2	3	4

2026-07-23 11:32:17,531 Image Number:34	Target Label:1	Top-5 predictions:0	2	6	8	4

2026-07-23 11:32:17,531 Image Number:35	Target Label:1	Top-5 predictions:0	5	4	2	3

2026-07-23 11:32:17,531 Image Number:36	Target Label:1	Top-5 predictions:0	5	1	2	3

2026-07-23 11:32:17,531 Image Number:37	Target Label:1	Top-5 predictions:0	5	3	2	6

2026-07-23 11:32:17,531 Image Number:38	Target Label:1	Top-5 predictions:0	5	4	3	2

2026-07-23 11:32:17,532 Image Number:39	Target Label:1	Top-5 predictions:0	4	5	9	2

2026-07-23 11:32:17,532 Image Number:40	Target Label:1	Top-5 predictions:0	2	5	3	8

2026-07-23 11:32:17,532 Image Number:41	Target Label:1	Top-5 predictions:0	5	4	2	3

2026-07-23 11:32:17,532 Image Number:42	Target Label:1	Top-5 predictions:0	4	5	2	3

2026-07-23 11:32:17,532 Image Number:43	Target Label:1	Top-5 predictions:0	5	4	2	9

2026-07-23 11:32:17,532 Image Number:44	Target Label:1	Top-5 predictions:0	2	5	1	4

2026-07-23 11:32:17,532 Image Number:45	Target Label:1	Top-5 predictions:0	2	4	5	3

2026-07-23 11:32:17,532 Image Number:46	Target Label:1	Top-5 predictions:0	3	5	2	4

2026-07-23 11:32:17,532 Image Number:47	Target Label:1	Top-5 predictions:0	5	3	2	4

2026-07-23 11:32:17,533 Image Number:48	Target Label:1	Top-5 predictions:0	5	4	3	9

2026-07-23 11:32:17,533 Image Number:49	Target Label:1	Top-5 predictions:0	5	3	4	7

2026-07-23 11:32:19,891 Image Number:0	Target Label:1	Top-5 predictions:0	4	2	8	5

2026-07-23 11:32:19,892 Image Number:1	Target Label:1	Top-5 predictions:0	3	5	4	2

2026-07-23 11:32:19,892 Image Number:2	Target Label:1	Top-5 predictions:0	2	5	9	1

2026-07-23 11:32:19,892 Image Number:3	Target Label:1	Top-5 predictions:0	5	4	3	9

2026-07-23 11:32:19,892 Image Number:4	Target Label:1	Top-5 predictions:0	5	2	4	3

2026-07-23 11:32:19,892 Image Number:5	Target Label:1	Top-5 predictions:0	4	5	2	1

2026-07-23 11:32:19,892 Image Number:6	Target Label:1	Top-5 predictions:0	5	2	1	9

2026-07-23 11:32:19,892 Image Number:7	Target Label:1	Top-5 predictions:0	5	2	3	4

2026-07-23 11:32:19,892 Image Number:8	Target Label:1	Top-5 predictions:0	3	2	4	5

2026-07-23 11:32:19,892 Image Number:9	Target Label:1	Top-5 predictions:0	2	5	3	9

2026-07-23 11:32:19,893 Image Number:10	Target Label:1	Top-5 predictions:0	1	4	9	5

2026-07-23 11:32:19,893 Image Number:11	Target Label:1	Top-5 predictions:0	5	2	4	7

2026-07-23 11:32:19,893 Image Number:12	Target Label:1	Top-5 predictions:0	2	5	4	3

2026-07-23 11:32:19,893 Image Number:13	Target Label:1	Top-5 predictions:0	4	5	9	3

2026-07-23 11:32:19,893 Image Number:14	Target Label:1	Top-5 predictions:0	4	5	9	2

2026-07-23 11:32:19,893 Image Number:15	Target Label:1	Top-5 predictions:0	2	9	4	5

2026-07-23 11:32:19,893 Image Number:16	Target Label:1	Top-5 predictions:0	5	7	4	2

2026-07-23 11:32:19,893 Image Number:17	Target Label:1	Top-5 predictions:0	5	9	4	3

2026-07-23 11:32:19,893 Image Number:18	Target Label:1	Top-5 predictions:0	5	2	1	4

2026-07-23 11:32:19,893 Image Number:19	Target Label:1	Top-5 predictions:0	3	5	8	4

2026-07-23 11:32:19,894 Image Number:20	Target Label:1	Top-5 predictions:0	9	3	5	4

2026-07-23 11:32:19,894 Image Number:21	Target Label:1	Top-5 predictions:0	3	4	2	5

2026-07-23 11:32:19,894 Image Number:22	Target Label:1	Top-5 predictions:0	5	2	1	6

2026-07-23 11:32:19,894 Image Number:23	Target Label:1	Top-5 predictions:0	9	3	4	5

2026-07-23 11:32:19,894 Image Number:24	Target Label:1	Top-5 predictions:0	2	9	4	3

2026-07-23 11:32:19,894 Image Number:25	Target Label:1	Top-5 predictions:0	5	4	3	2

2026-07-23 11:32:19,894 Image Number:26	Target Label:1	Top-5 predictions:0	2	5	3	8

2026-07-23 11:32:19,894 Image Number:27	Target Label:1	Top-5 predictions:0	5	2	3	4

2026-07-23 11:32:19,894 Image Number:28	Target Label:1	Top-5 predictions:0	4	5	1	3

2026-07-23 11:32:19,895 Image Number:29	Target Label:1	Top-5 predictions:0	2	5	3	6

2026-07-23 11:32:19,895 Image Number:30	Target Label:1	Top-5 predictions:0	5	4	3	2

2026-07-23 11:32:19,895 Image Number:31	Target Label:1	Top-5 predictions:0	4	1	5	2

2026-07-23 11:32:19,895 Image Number:32	Target Label:1	Top-5 predictions:0	2	5	3	1

2026-07-23 11:32:19,895 Image Number:33	Target Label:1	Top-5 predictions:0	5	2	3	4

2026-07-23 11:32:19,895 Image Number:34	Target Label:1	Top-5 predictions:0	2	6	8	4

2026-07-23 11:32:19,895 Image Number:35	Target Label:1	Top-5 predictions:0	5	4	2	3

2026-07-23 11:32:19,895 Image Number:36	Target Label:1	Top-5 predictions:0	5	1	2	3

2026-07-23 11:32:19,895 Image Number:37	Target Label:1	Top-5 predictions:0	5	3	2	4

2026-07-23 11:32:19,896 Image Number:38	Target Label:1	Top-5 predictions:0	5	4	3	2

2026-07-23 11:32:19,896 Image Number:39	Target Label:1	Top-5 predictions:0	4	5	9	2

2026-07-23 11:32:19,896 Image Number:40	Target Label:1	Top-5 predictions:0	2	5	8	3

2026-07-23 11:32:19,896 Image Number:41	Target Label:1	Top-5 predictions:0	5	4	2	3

2026-07-23 11:32:19,896 Image Number:42	Target Label:1	Top-5 predictions:0	4	5	2	3

2026-07-23 11:32:19,896 Image Number:43	Target Label:1	Top-5 predictions:0	5	4	2	9

2026-07-23 11:32:19,896 Image Number:44	Target Label:1	Top-5 predictions:0	2	5	1	4

2026-07-23 11:32:19,896 Image Number:45	Target Label:1	Top-5 predictions:0	2	4	5	3

2026-07-23 11:32:19,896 Image Number:46	Target Label:1	Top-5 predictions:0	3	5	2	4

2026-07-23 11:32:19,897 Image Number:47	Target Label:1	Top-5 predictions:0	5	3	2	4

2026-07-23 11:32:19,897 Image Number:48	Target Label:1	Top-5 predictions:0	5	4	9	3

2026-07-23 11:32:19,897 Image Number:49	Target Label:1	Top-5 predictions:0	5	3	4	7

2026-07-23 11:32:22,206 Image Number:0	Target Label:1	Top-5 predictions:0	4	8	2	5

2026-07-23 11:32:22,207 Image Number:1	Target Label:1	Top-5 predictions:0	3	5	4	2

2026-07-23 11:32:22,207 Image Number:2	Target Label:1	Top-5 predictions:0	2	5	9	1

2026-07-23 11:32:22,207 Image Number:3	Target Label:1	Top-5 predictions:0	4	5	3	9

2026-07-23 11:32:22,207 Image Number:4	Target Label:1	Top-5 predictions:0	5	2	4	3

2026-07-23 11:32:22,207 Image Number:5	Target Label:1	Top-5 predictions:0	4	5	2	1

2026-07-23 11:32:22,207 Image Number:6	Target Label:1	Top-5 predictions:0	5	2	1	9

2026-07-23 11:32:22,207 Image Number:7	Target Label:1	Top-5 predictions:0	5	2	3	4

2026-07-23 11:32:22,207 Image Number:8	Target Label:1	Top-5 predictions:0	3	2	4	5

2026-07-23 11:32:22,207 Image Number:9	Target Label:1	Top-5 predictions:0	2	5	3	9

2026-07-23 11:32:22,208 Image Number:10	Target Label:1	Top-5 predictions:0	1	9	4	3

2026-07-23 11:32:22,208 Image Number:11	Target Label:1	Top-5 predictions:0	5	2	4	7

2026-07-23 11:32:22,208 Image Number:12	Target Label:1	Top-5 predictions:0	2	5	4	3

2026-07-23 11:32:22,208 Image Number:13	Target Label:1	Top-5 predictions:0	4	5	9	3

2026-07-23 11:32:22,208 Image Number:14	Target Label:1	Top-5 predictions:0	4	5	9	2

2026-07-23 11:32:22,208 Image Number:15	Target Label:1	Top-5 predictions:0	2	9	4	5

2026-07-23 11:32:22,208 Image Number:16	Target Label:1	Top-5 predictions:0	5	7	4	6

2026-07-23 11:32:22,208 Image Number:17	Target Label:1	Top-5 predictions:0	9	5	4	3

2026-07-23 11:32:22,208 Image Number:18	Target Label:1	Top-5 predictions:0	5	1	2	4

2026-07-23 11:32:22,209 Image Number:19	Target Label:1	Top-5 predictions:0	3	5	8	4

2026-07-23 11:32:22,209 Image Number:20	Target Label:1	Top-5 predictions:0	9	3	5	4

2026-07-23 11:32:22,209 Image Number:21	Target Label:1	Top-5 predictions:0	3	4	2	6

2026-07-23 11:32:22,209 Image Number:22	Target Label:1	Top-5 predictions:0	5	2	1	6

2026-07-23 11:32:22,209 Image Number:23	Target Label:1	Top-5 predictions:0	9	3	4	2

2026-07-23 11:32:22,209 Image Number:24	Target Label:1	Top-5 predictions:0	2	9	4	3

2026-07-23 11:32:22,209 Image Number:25	Target Label:1	Top-5 predictions:0	5	4	3	1

2026-07-23 11:32:22,209 Image Number:26	Target Label:1	Top-5 predictions:0	2	5	3	8

2026-07-23 11:32:22,209 Image Number:27	Target Label:1	Top-5 predictions:0	5	2	3	4

2026-07-23 11:32:22,210 Image Number:28	Target Label:1	Top-5 predictions:0	4	5	1	3

2026-07-23 11:32:22,210 Image Number:29	Target Label:1	Top-5 predictions:0	2	5	3	6

2026-07-23 11:32:22,210 Image Number:30	Target Label:1	Top-5 predictions:0	5	4	3	2

2026-07-23 11:32:22,210 Image Number:31	Target Label:1	Top-5 predictions:0	4	1	5	2

2026-07-23 11:32:22,210 Image Number:32	Target Label:1	Top-5 predictions:0	2	5	3	1

2026-07-23 11:32:22,210 Image Number:33	Target Label:1	Top-5 predictions:0	5	2	3	4

2026-07-23 11:32:22,210 Image Number:34	Target Label:1	Top-5 predictions:0	2	6	8	4

2026-07-23 11:32:22,210 Image Number:35	Target Label:1	Top-5 predictions:0	5	4	2	3

2026-07-23 11:32:22,211 Image Number:36	Target Label:1	Top-5 predictions:0	1	5	2	3

2026-07-23 11:32:22,211 Image Number:37	Target Label:1	Top-5 predictions:0	5	3	2	4

2026-07-23 11:32:22,211 Image Number:38	Target Label:1	Top-5 predictions:0	5	4	3	2

2026-07-23 11:32:22,211 Image Number:39	Target Label:1	Top-5 predictions:0	4	9	5	2

2026-07-23 11:32:22,211 Image Number:40	Target Label:1	Top-5 predictions:0	2	5	8	3

2026-07-23 11:32:22,211 Image Number:41	Target Label:1	Top-5 predictions:0	5	4	2	3

2026-07-23 11:32:22,211 Image Number:42	Target Label:1	Top-5 predictions:0	4	2	5	3

2026-07-23 11:32:22,211 Image Number:43	Target Label:1	Top-5 predictions:0	5	4	2	9

2026-07-23 11:32:22,211 Image Number:44	Target Label:1	Top-5 predictions:0	2	5	1	4

2026-07-23 11:32:22,212 Image Number:45	Target Label:1	Top-5 predictions:0	2	4	5	3

2026-07-23 11:32:22,212 Image Number:46	Target Label:1	Top-5 predictions:0	3	4	5	2

2026-07-23 11:32:22,212 Image Number:47	Target Label:1	Top-5 predictions:0	5	3	2	4

2026-07-23 11:32:22,212 Image Number:48	Target Label:1	Top-5 predictions:0	5	4	9	3

2026-07-23 11:32:22,212 Image Number:49	Target Label:1	Top-5 predictions:0	5	3	4	7

2026-07-23 11:32:22,462 train Loss: 0.5897 Acc: 0.9071
2026-07-23 11:32:23,721 test Loss: 0.1163 Acc: 1.0000
2026-07-23 11:32:23,721 Better model found!
2026-07-23 11:32:24,277 notpatched Loss: 4.8646 Acc: 0.0000
2026-07-23 11:32:24,828 patched Loss: 4.9393 Acc: 0.0000
2026-07-23 11:32:24,828 Patched Targeted Attack Success Rate: Mean 0.000
2026-07-23 11:32:24,828 Epoch 1/9
2026-07-23 11:32:24,828 ----------
2026-07-23 11:32:27,722 Image Number:0	Target Label:1	Top-5 predictions:0	4	8	2	5

2026-07-23 11:32:27,722 Image Number:1	Target Label:1	Top-5 predictions:0	3	5	4	2

2026-07-23 11:32:27,722 Image Number:2	Target Label:1	Top-5 predictions:0	2	5	9	1

2026-07-23 11:32:27,722 Image Number:3	Target Label:1	Top-5 predictions:0	4	5	3	9

2026-07-23 11:32:27,722 Image Number:4	Target Label:1	Top-5 predictions:0	5	2	4	3

2026-07-23 11:32:27,722 Image Number:5	Target Label:1	Top-5 predictions:0	4	5	2	1

2026-07-23 11:32:27,723 Image Number:6	Target Label:1	Top-5 predictions:0	5	2	1	9

2026-07-23 11:32:27,723 Image Number:7	Target Label:1	Top-5 predictions:0	5	2	3	4

2026-07-23 11:32:27,723 Image Number:8	Target Label:1	Top-5 predictions:0	3	4	2	5

2026-07-23 11:32:27,723 Image Number:9	Target Label:1	Top-5 predictions:0	2	5	3	9

2026-07-23 11:32:27,723 Image Number:10	Target Label:1	Top-5 predictions:0	1	9	4	3

2026-07-23 11:32:27,723 Image Number:11	Target Label:1	Top-5 predictions:0	2	5	4	7

2026-07-23 11:32:27,723 Image Number:12	Target Label:1	Top-5 predictions:0	2	5	4	3

2026-07-23 11:32:27,723 Image Number:13	Target Label:1	Top-5 predictions:0	4	5	9	3

2026-07-23 11:32:27,723 Image Number:14	Target Label:1	Top-5 predictions:0	4	5	9	2

2026-07-23 11:32:27,724 Image Number:15	Target Label:1	Top-5 predictions:0	2	9	4	5

2026-07-23 11:32:27,724 Image Number:16	Target Label:1	Top-5 predictions:0	5	7	4	6

2026-07-23 11:32:27,724 Image Number:17	Target Label:1	Top-5 predictions:0	9	5	4	3

2026-07-23 11:32:27,724 Image Number:18	Target Label:1	Top-5 predictions:0	5	1	2	4

2026-07-23 11:32:27,724 Image Number:19	Target Label:1	Top-5 predictions:0	3	5	8	4

2026-07-23 11:32:27,724 Image Number:20	Target Label:1	Top-5 predictions:0	9	3	5	4

2026-07-23 11:32:27,724 Image Number:21	Target Label:1	Top-5 predictions:0	3	4	2	6

2026-07-23 11:32:27,724 Image Number:22	Target Label:1	Top-5 predictions:0	5	2	1	6

2026-07-23 11:32:27,724 Image Number:23	Target Label:1	Top-5 predictions:0	9	3	4	2

2026-07-23 11:32:27,725 Image Number:24	Target Label:1	Top-5 predictions:0	2	9	4	3

2026-07-23 11:32:27,725 Image Number:25	Target Label:1	Top-5 predictions:0	5	4	3	1

2026-07-23 11:32:27,725 Image Number:26	Target Label:1	Top-5 predictions:0	2	5	3	8

2026-07-23 11:32:27,725 Image Number:27	Target Label:1	Top-5 predictions:0	5	2	3	4

2026-07-23 11:32:27,725 Image Number:28	Target Label:1	Top-5 predictions:0	4	5	1	3

2026-07-23 11:32:27,725 Image Number:29	Target Label:1	Top-5 predictions:0	2	5	3	6

2026-07-23 11:32:27,725 Image Number:30	Target Label:1	Top-5 predictions:0	5	4	3	2

2026-07-23 11:32:27,725 Image Number:31	Target Label:1	Top-5 predictions:0	4	1	5	9

2026-07-23 11:32:27,725 Image Number:32	Target Label:1	Top-5 predictions:0	2	5	3	1

2026-07-23 11:32:27,726 Image Number:33	Target Label:1	Top-5 predictions:0	5	2	3	4

2026-07-23 11:32:27,726 Image Number:34	Target Label:1	Top-5 predictions:0	2	6	8	4

2026-07-23 11:32:27,726 Image Number:35	Target Label:1	Top-5 predictions:0	5	4	2	3

2026-07-23 11:32:27,726 Image Number:36	Target Label:1	Top-5 predictions:0	1	5	2	3

2026-07-23 11:32:27,726 Image Number:37	Target Label:1	Top-5 predictions:0	5	3	2	4

2026-07-23 11:32:27,726 Image Number:38	Target Label:1	Top-5 predictions:0	5	4	3	2

2026-07-23 11:32:27,726 Image Number:39	Target Label:1	Top-5 predictions:0	4	9	5	2

2026-07-23 11:32:27,726 Image Number:40	Target Label:1	Top-5 predictions:0	2	5	8	3

2026-07-23 11:32:27,726 Image Number:41	Target Label:1	Top-5 predictions:0	4	5	2	3

2026-07-23 11:32:27,727 Image Number:42	Target Label:1	Top-5 predictions:0	4	2	5	3

2026-07-23 11:32:27,727 Image Number:43	Target Label:1	Top-5 predictions:0	5	4	2	9

2026-07-23 11:32:27,727 Image Number:44	Target Label:1	Top-5 predictions:0	2	5	4	1

2026-07-23 11:32:27,727 Image Number:45	Target Label:1	Top-5 predictions:0	2	4	5	3

2026-07-23 11:32:27,727 Image Number:46	Target Label:1	Top-5 predictions:0	3	4	2	5

2026-07-23 11:32:27,727 Image Number:47	Target Label:1	Top-5 predictions:0	5	3	2	4

2026-07-23 11:32:27,727 Image Number:48	Target Label:1	Top-5 predictions:0	5	4	9	3

2026-07-23 11:32:27,727 Image Number:49	Target Label:1	Top-5 predictions:0	5	3	4	7

2026-07-23 11:32:30,093 Image Number:0	Target Label:1	Top-5 predictions:0	4	8	2	1

2026-07-23 11:32:30,094 Image Number:1	Target Label:1	Top-5 predictions:0	3	5	4	2

2026-07-23 11:32:30,094 Image Number:2	Target Label:1	Top-5 predictions:0	2	5	9	1

2026-07-23 11:32:30,094 Image Number:3	Target Label:1	Top-5 predictions:0	4	5	3	9

2026-07-23 11:32:30,094 Image Number:4	Target Label:1	Top-5 predictions:0	5	2	4	3

2026-07-23 11:32:30,094 Image Number:5	Target Label:1	Top-5 predictions:0	4	5	1	2

2026-07-23 11:32:30,094 Image Number:6	Target Label:1	Top-5 predictions:0	5	2	1	9

2026-07-23 11:32:30,094 Image Number:7	Target Label:1	Top-5 predictions:0	5	2	3	4

2026-07-23 11:32:30,094 Image Number:8	Target Label:1	Top-5 predictions:0	3	4	2	5

2026-07-23 11:32:30,095 Image Number:9	Target Label:1	Top-5 predictions:0	2	5	3	9

2026-07-23 11:32:30,095 Image Number:10	Target Label:1	Top-5 predictions:0	1	9	4	3

2026-07-23 11:32:30,095 Image Number:11	Target Label:1	Top-5 predictions:0	2	5	4	7

2026-07-23 11:32:30,095 Image Number:12	Target Label:1	Top-5 predictions:0	2	5	4	3

2026-07-23 11:32:30,095 Image Number:13	Target Label:1	Top-5 predictions:0	4	9	5	3

2026-07-23 11:32:30,095 Image Number:14	Target Label:1	Top-5 predictions:0	4	5	9	2

2026-07-23 11:32:30,095 Image Number:15	Target Label:1	Top-5 predictions:0	2	9	4	1

2026-07-23 11:32:30,095 Image Number:16	Target Label:1	Top-5 predictions:0	5	7	4	6

2026-07-23 11:32:30,095 Image Number:17	Target Label:1	Top-5 predictions:0	9	4	5	3

2026-07-23 11:32:30,096 Image Number:18	Target Label:1	Top-5 predictions:0	5	1	2	4

2026-07-23 11:32:30,096 Image Number:19	Target Label:1	Top-5 predictions:0	3	5	8	4

2026-07-23 11:32:30,096 Image Number:20	Target Label:1	Top-5 predictions:0	9	3	5	4

2026-07-23 11:32:30,096 Image Number:21	Target Label:1	Top-5 predictions:0	3	4	2	6

2026-07-23 11:32:30,096 Image Number:22	Target Label:1	Top-5 predictions:0	5	2	1	6

2026-07-23 11:32:30,096 Image Number:23	Target Label:1	Top-5 predictions:0	9	3	4	2

2026-07-23 11:32:30,096 Image Number:24	Target Label:1	Top-5 predictions:0	2	9	4	3

2026-07-23 11:32:30,096 Image Number:25	Target Label:1	Top-5 predictions:0	5	3	4	1

2026-07-23 11:32:30,096 Image Number:26	Target Label:1	Top-5 predictions:0	2	5	3	8

2026-07-23 11:32:30,097 Image Number:27	Target Label:1	Top-5 predictions:0	5	2	3	4

2026-07-23 11:32:30,097 Image Number:28	Target Label:1	Top-5 predictions:0	4	5	1	2

2026-07-23 11:32:30,097 Image Number:29	Target Label:1	Top-5 predictions:0	2	5	3	6

2026-07-23 11:32:30,097 Image Number:30	Target Label:1	Top-5 predictions:0	5	4	3	2

2026-07-23 11:32:30,097 Image Number:31	Target Label:1	Top-5 predictions:0	4	1	5	9

2026-07-23 11:32:30,097 Image Number:32	Target Label:1	Top-5 predictions:0	2	5	3	1

2026-07-23 11:32:30,097 Image Number:33	Target Label:1	Top-5 predictions:0	2	5	3	4

2026-07-23 11:32:30,097 Image Number:34	Target Label:1	Top-5 predictions:0	2	6	8	4

2026-07-23 11:32:30,097 Image Number:35	Target Label:1	Top-5 predictions:0	5	4	2	3

2026-07-23 11:32:30,098 Image Number:36	Target Label:1	Top-5 predictions:0	1	5	2	3

2026-07-23 11:32:30,098 Image Number:37	Target Label:1	Top-5 predictions:0	5	3	2	4

2026-07-23 11:32:30,098 Image Number:38	Target Label:1	Top-5 predictions:0	5	4	3	2

2026-07-23 11:32:30,098 Image Number:39	Target Label:1	Top-5 predictions:0	4	9	5	2

2026-07-23 11:32:30,098 Image Number:40	Target Label:1	Top-5 predictions:0	2	5	8	3

2026-07-23 11:32:30,098 Image Number:41	Target Label:1	Top-5 predictions:0	4	5	2	3

2026-07-23 11:32:30,098 Image Number:42	Target Label:1	Top-5 predictions:0	4	2	5	3

2026-07-23 11:32:30,098 Image Number:43	Target Label:1	Top-5 predictions:0	5	4	2	9

2026-07-23 11:32:30,098 Image Number:44	Target Label:1	Top-5 predictions:0	2	5	4	1

2026-07-23 11:32:30,099 Image Number:45	Target Label:1	Top-5 predictions:0	2	4	5	3

2026-07-23 11:32:30,099 Image Number:46	Target Label:1	Top-5 predictions:0	3	4	2	9

2026-07-23 11:32:30,099 Image Number:47	Target Label:1	Top-5 predictions:0	5	3	2	4

2026-07-23 11:32:30,099 Image Number:48	Target Label:1	Top-5 predictions:0	5	4	9	3

2026-07-23 11:32:30,099 Image Number:49	Target Label:1	Top-5 predictions:0	5	3	4	7

2026-07-23 11:32:32,452 Image Number:0	Target Label:1	Top-5 predictions:0	4	8	2	1

2026-07-23 11:32:32,453 Image Number:1	Target Label:1	Top-5 predictions:0	3	5	4	2

2026-07-23 11:32:32,453 Image Number:2	Target Label:1	Top-5 predictions:0	2	5	9	1

2026-07-23 11:32:32,453 Image Number:3	Target Label:1	Top-5 predictions:0	4	5	3	9

2026-07-23 11:32:32,453 Image Number:4	Target Label:1	Top-5 predictions:0	5	2	4	3

2026-07-23 11:32:32,453 Image Number:5	Target Label:1	Top-5 predictions:0	4	5	1	2

2026-07-23 11:32:32,453 Image Number:6	Target Label:1	Top-5 predictions:0	5	2	1	9

2026-07-23 11:32:32,453 Image Number:7	Target Label:1	Top-5 predictions:0	5	2	3	4

2026-07-23 11:32:32,453 Image Number:8	Target Label:1	Top-5 predictions:0	3	4	2	9

2026-07-23 11:32:32,453 Image Number:9	Target Label:1	Top-5 predictions:0	2	5	3	9

2026-07-23 11:32:32,454 Image Number:10	Target Label:1	Top-5 predictions:0	1	9	4	3

2026-07-23 11:32:32,454 Image Number:11	Target Label:1	Top-5 predictions:0	2	5	4	7

2026-07-23 11:32:32,454 Image Number:12	Target Label:1	Top-5 predictions:0	2	5	4	3

2026-07-23 11:32:32,454 Image Number:13	Target Label:1	Top-5 predictions:0	9	4	5	3

2026-07-23 11:32:32,454 Image Number:14	Target Label:1	Top-5 predictions:0	4	5	9	2

2026-07-23 11:32:32,454 Image Number:15	Target Label:1	Top-5 predictions:0	2	9	4	1

2026-07-23 11:32:32,454 Image Number:16	Target Label:1	Top-5 predictions:0	5	7	4	6

2026-07-23 11:32:32,454 Image Number:17	Target Label:1	Top-5 predictions:0	9	3	4	2

2026-07-23 11:32:32,454 Image Number:18	Target Label:1	Top-5 predictions:0	5	1	2	4

2026-07-23 11:32:32,455 Image Number:19	Target Label:1	Top-5 predictions:0	3	5	8	1

2026-07-23 11:32:32,455 Image Number:20	Target Label:1	Top-5 predictions:0	9	3	5	4

2026-07-23 11:32:32,455 Image Number:21	Target Label:1	Top-5 predictions:0	3	4	2	6

2026-07-23 11:32:32,455 Image Number:22	Target Label:1	Top-5 predictions:0	5	2	1	6

2026-07-23 11:32:32,455 Image Number:23	Target Label:1	Top-5 predictions:0	9	3	4	2

2026-07-23 11:32:32,455 Image Number:24	Target Label:1	Top-5 predictions:0	2	9	4	3

2026-07-23 11:32:32,455 Image Number:25	Target Label:1	Top-5 predictions:0	5	3	4	1

2026-07-23 11:32:32,455 Image Number:26	Target Label:1	Top-5 predictions:0	2	5	3	8

2026-07-23 11:32:32,455 Image Number:27	Target Label:1	Top-5 predictions:0	5	2	3	4

2026-07-23 11:32:32,456 Image Number:28	Target Label:1	Top-5 predictions:0	4	5	1	2

2026-07-23 11:32:32,456 Image Number:29	Target Label:1	Top-5 predictions:0	2	5	3	6

2026-07-23 11:32:32,456 Image Number:30	Target Label:1	Top-5 predictions:0	5	4	3	2

2026-07-23 11:32:32,456 Image Number:31	Target Label:1	Top-5 predictions:0	4	1	9	5

2026-07-23 11:32:32,456 Image Number:32	Target Label:1	Top-5 predictions:0	2	5	3	1

2026-07-23 11:32:32,456 Image Number:33	Target Label:1	Top-5 predictions:0	2	5	3	4

2026-07-23 11:32:32,456 Image Number:34	Target Label:1	Top-5 predictions:0	2	6	8	4

2026-07-23 11:32:32,456 Image Number:35	Target Label:1	Top-5 predictions:0	4	5	2	3

2026-07-23 11:32:32,456 Image Number:36	Target Label:1	Top-5 predictions:0	1	5	2	3

2026-07-23 11:32:32,457 Image Number:37	Target Label:1	Top-5 predictions:0	5	3	2	4

2026-07-23 11:32:32,457 Image Number:38	Target Label:1	Top-5 predictions:0	5	4	3	2

2026-07-23 11:32:32,457 Image Number:39	Target Label:1	Top-5 predictions:0	4	9	2	5

2026-07-23 11:32:32,457 Image Number:40	Target Label:1	Top-5 predictions:0	2	5	8	3

2026-07-23 11:32:32,457 Image Number:41	Target Label:1	Top-5 predictions:0	4	5	2	3

2026-07-23 11:32:32,457 Image Number:42	Target Label:1	Top-5 predictions:0	4	2	5	3

2026-07-23 11:32:32,457 Image Number:43	Target Label:1	Top-5 predictions:0	5	4	2	9

2026-07-23 11:32:32,457 Image Number:44	Target Label:1	Top-5 predictions:0	2	4	5	1

2026-07-23 11:32:32,457 Image Number:45	Target Label:1	Top-5 predictions:0	2	4	5	3

2026-07-23 11:32:32,458 Image Number:46	Target Label:1	Top-5 predictions:0	3	4	9	2

2026-07-23 11:32:32,458 Image Number:47	Target Label:1	Top-5 predictions:0	5	3	2	4

2026-07-23 11:32:32,458 Image Number:48	Target Label:1	Top-5 predictions:0	5	4	9	3

2026-07-23 11:32:32,458 Image Number:49	Target Label:1	Top-5 predictions:0	5	3	4	7

2026-07-23 11:32:34,823 Image Number:0	Target Label:1	Top-5 predictions:0	4	8	2	1

2026-07-23 11:32:34,823 Image Number:1	Target Label:1	Top-5 predictions:0	3	5	4	2

2026-07-23 11:32:34,823 Image Number:2	Target Label:1	Top-5 predictions:0	2	5	9	1

2026-07-23 11:32:34,824 Image Number:3	Target Label:1	Top-5 predictions:0	4	5	3	9

2026-07-23 11:32:34,824 Image Number:4	Target Label:1	Top-5 predictions:0	5	2	4	3

2026-07-23 11:32:34,824 Image Number:5	Target Label:1	Top-5 predictions:0	4	5	1	2

2026-07-23 11:32:34,824 Image Number:6	Target Label:1	Top-5 predictions:0	5	2	1	9

2026-07-23 11:32:34,824 Image Number:7	Target Label:1	Top-5 predictions:0	5	2	3	6

2026-07-23 11:32:34,824 Image Number:8	Target Label:1	Top-5 predictions:0	3	4	2	9

2026-07-23 11:32:34,824 Image Number:9	Target Label:1	Top-5 predictions:0	2	5	3	9

2026-07-23 11:32:34,824 Image Number:10	Target Label:1	Top-5 predictions:0	1	9	4	3

2026-07-23 11:32:34,824 Image Number:11	Target Label:1	Top-5 predictions:0	2	5	4	7

2026-07-23 11:32:34,825 Image Number:12	Target Label:1	Top-5 predictions:0	2	5	4	3

2026-07-23 11:32:34,825 Image Number:13	Target Label:1	Top-5 predictions:0	9	4	5	3

2026-07-23 11:32:34,825 Image Number:14	Target Label:1	Top-5 predictions:0	4	5	9	2

2026-07-23 11:32:34,825 Image Number:15	Target Label:1	Top-5 predictions:0	2	9	4	1

2026-07-23 11:32:34,825 Image Number:16	Target Label:1	Top-5 predictions:0	5	7	4	6

2026-07-23 11:32:34,825 Image Number:17	Target Label:1	Top-5 predictions:0	9	3	2	4

2026-07-23 11:32:34,825 Image Number:18	Target Label:1	Top-5 predictions:0	5	1	2	4

2026-07-23 11:32:34,825 Image Number:19	Target Label:1	Top-5 predictions:0	3	5	8	1

2026-07-23 11:32:34,825 Image Number:20	Target Label:1	Top-5 predictions:0	9	3	5	4

2026-07-23 11:32:34,826 Image Number:21	Target Label:1	Top-5 predictions:0	3	4	2	6

2026-07-23 11:32:34,826 Image Number:22	Target Label:1	Top-5 predictions:0	5	2	1	6

2026-07-23 11:32:34,826 Image Number:23	Target Label:1	Top-5 predictions:0	9	3	2	4

2026-07-23 11:32:34,826 Image Number:24	Target Label:1	Top-5 predictions:0	2	9	4	3

2026-07-23 11:32:34,826 Image Number:25	Target Label:1	Top-5 predictions:0	5	3	4	1

2026-07-23 11:32:34,826 Image Number:26	Target Label:1	Top-5 predictions:0	2	5	8	3

2026-07-23 11:32:34,826 Image Number:27	Target Label:1	Top-5 predictions:0	5	2	3	4

2026-07-23 11:32:34,826 Image Number:28	Target Label:1	Top-5 predictions:0	4	5	1	2

2026-07-23 11:32:34,826 Image Number:29	Target Label:1	Top-5 predictions:0	2	3	5	6

2026-07-23 11:32:34,827 Image Number:30	Target Label:1	Top-5 predictions:0	5	4	3	2

2026-07-23 11:32:34,827 Image Number:31	Target Label:1	Top-5 predictions:0	1	4	9	5

2026-07-23 11:32:34,827 Image Number:32	Target Label:1	Top-5 predictions:0	2	5	3	1

2026-07-23 11:32:34,827 Image Number:33	Target Label:1	Top-5 predictions:0	2	5	3	4

2026-07-23 11:32:34,827 Image Number:34	Target Label:1	Top-5 predictions:0	2	6	8	4

2026-07-23 11:32:34,827 Image Number:35	Target Label:1	Top-5 predictions:0	4	5	3	2

2026-07-23 11:32:34,827 Image Number:36	Target Label:1	Top-5 predictions:0	1	5	2	9

2026-07-23 11:32:34,827 Image Number:37	Target Label:1	Top-5 predictions:0	5	3	2	4

2026-07-23 11:32:34,827 Image Number:38	Target Label:1	Top-5 predictions:0	5	4	3	2

2026-07-23 11:32:34,828 Image Number:39	Target Label:1	Top-5 predictions:0	4	9	2	5

2026-07-23 11:32:34,828 Image Number:40	Target Label:1	Top-5 predictions:0	2	5	8	3

2026-07-23 11:32:34,828 Image Number:41	Target Label:1	Top-5 predictions:0	4	5	2	3

2026-07-23 11:32:34,828 Image Number:42	Target Label:1	Top-5 predictions:0	4	2	5	9

2026-07-23 11:32:34,828 Image Number:43	Target Label:1	Top-5 predictions:0	5	4	2	9

2026-07-23 11:32:34,828 Image Number:44	Target Label:1	Top-5 predictions:0	2	4	5	1

2026-07-23 11:32:34,828 Image Number:45	Target Label:1	Top-5 predictions:0	2	4	5	3

2026-07-23 11:32:34,828 Image Number:46	Target Label:1	Top-5 predictions:0	3	4	9	2

2026-07-23 11:32:34,828 Image Number:47	Target Label:1	Top-5 predictions:0	5	3	2	4

2026-07-23 11:32:34,829 Image Number:48	Target Label:1	Top-5 predictions:0	5	4	9	3

2026-07-23 11:32:34,829 Image Number:49	Target Label:1	Top-5 predictions:0	5	3	4	7

2026-07-23 11:32:37,160 Image Number:0	Target Label:1	Top-5 predictions:0	4	8	2	1

2026-07-23 11:32:37,160 Image Number:1	Target Label:1	Top-5 predictions:0	3	5	4	2

2026-07-23 11:32:37,160 Image Number:2	Target Label:1	Top-5 predictions:0	2	5	9	1

2026-07-23 11:32:37,160 Image Number:3	Target Label:1	Top-5 predictions:0	4	5	3	9

2026-07-23 11:32:37,160 Image Number:4	Target Label:1	Top-5 predictions:0	5	2	4	3

2026-07-23 11:32:37,160 Image Number:5	Target Label:1	Top-5 predictions:0	4	5	1	2

2026-07-23 11:32:37,161 Image Number:6	Target Label:1	Top-5 predictions:0	5	1	2	9

2026-07-23 11:32:37,161 Image Number:7	Target Label:1	Top-5 predictions:0	5	2	3	4

2026-07-23 11:32:37,161 Image Number:8	Target Label:1	Top-5 predictions:0	3	4	2	9

2026-07-23 11:32:37,161 Image Number:9	Target Label:1	Top-5 predictions:0	2	5	3	9

2026-07-23 11:32:37,161 Image Number:10	Target Label:1	Top-5 predictions:0	1	9	4	3

2026-07-23 11:32:37,161 Image Number:11	Target Label:1	Top-5 predictions:0	2	5	4	7

2026-07-23 11:32:37,161 Image Number:12	Target Label:1	Top-5 predictions:0	2	5	4	3

2026-07-23 11:32:37,161 Image Number:13	Target Label:1	Top-5 predictions:0	9	4	5	3

2026-07-23 11:32:37,161 Image Number:14	Target Label:1	Top-5 predictions:0	4	5	9	2

2026-07-23 11:32:37,162 Image Number:15	Target Label:1	Top-5 predictions:0	2	9	4	1

2026-07-23 11:32:37,162 Image Number:16	Target Label:1	Top-5 predictions:0	5	7	4	6

2026-07-23 11:32:37,162 Image Number:17	Target Label:1	Top-5 predictions:0	9	3	2	4

2026-07-23 11:32:37,162 Image Number:18	Target Label:1	Top-5 predictions:0	5	1	2	4

2026-07-23 11:32:37,162 Image Number:19	Target Label:1	Top-5 predictions:0	3	5	8	1

2026-07-23 11:32:37,162 Image Number:20	Target Label:1	Top-5 predictions:0	9	3	5	4

2026-07-23 11:32:37,162 Image Number:21	Target Label:1	Top-5 predictions:0	3	4	2	6

2026-07-23 11:32:37,162 Image Number:22	Target Label:1	Top-5 predictions:0	5	2	1	6

2026-07-23 11:32:37,162 Image Number:23	Target Label:1	Top-5 predictions:0	9	3	4	2

2026-07-23 11:32:37,163 Image Number:24	Target Label:1	Top-5 predictions:0	2	9	4	3

2026-07-23 11:32:37,163 Image Number:25	Target Label:1	Top-5 predictions:0	5	3	4	1

2026-07-23 11:32:37,163 Image Number:26	Target Label:1	Top-5 predictions:0	2	5	8	4

2026-07-23 11:32:37,163 Image Number:27	Target Label:1	Top-5 predictions:0	5	2	3	4

2026-07-23 11:32:37,163 Image Number:28	Target Label:1	Top-5 predictions:0	4	5	1	2

2026-07-23 11:32:37,163 Image Number:29	Target Label:1	Top-5 predictions:0	2	3	5	6

2026-07-23 11:32:37,163 Image Number:30	Target Label:1	Top-5 predictions:0	5	4	3	2

2026-07-23 11:32:37,163 Image Number:31	Target Label:1	Top-5 predictions:0	4	1	9	5

2026-07-23 11:32:37,163 Image Number:32	Target Label:1	Top-5 predictions:0	2	5	3	1

2026-07-23 11:32:37,164 Image Number:33	Target Label:1	Top-5 predictions:0	2	5	3	4

2026-07-23 11:32:37,164 Image Number:34	Target Label:1	Top-5 predictions:0	2	6	8	4

2026-07-23 11:32:37,164 Image Number:35	Target Label:1	Top-5 predictions:0	4	5	3	2

2026-07-23 11:32:37,164 Image Number:36	Target Label:1	Top-5 predictions:0	1	5	2	9

2026-07-23 11:32:37,164 Image Number:37	Target Label:1	Top-5 predictions:0	5	3	2	4

2026-07-23 11:32:37,164 Image Number:38	Target Label:1	Top-5 predictions:0	5	4	3	2

2026-07-23 11:32:37,164 Image Number:39	Target Label:1	Top-5 predictions:0	4	9	2	5

2026-07-23 11:32:37,164 Image Number:40	Target Label:1	Top-5 predictions:0	2	5	8	4

2026-07-23 11:32:37,164 Image Number:41	Target Label:1	Top-5 predictions:0	4	5	2	3

2026-07-23 11:32:37,165 Image Number:42	Target Label:1	Top-5 predictions:0	4	2	5	9

2026-07-23 11:32:37,165 Image Number:43	Target Label:1	Top-5 predictions:0	5	4	2	9

2026-07-23 11:32:37,165 Image Number:44	Target Label:1	Top-5 predictions:0	2	4	5	1

2026-07-23 11:32:37,165 Image Number:45	Target Label:1	Top-5 predictions:0	2	4	5	3

2026-07-23 11:32:37,165 Image Number:46	Target Label:1	Top-5 predictions:0	3	4	9	2

2026-07-23 11:32:37,165 Image Number:47	Target Label:1	Top-5 predictions:0	5	3	2	4

2026-07-23 11:32:37,165 Image Number:48	Target Label:1	Top-5 predictions:0	5	4	9	3

2026-07-23 11:32:37,165 Image Number:49	Target Label:1	Top-5 predictions:0	5	4	3	7

2026-07-23 11:32:37,425 train Loss: 0.0707 Acc: 0.9985
2026-07-23 11:32:38,649 test Loss: 0.0637 Acc: 1.0000
2026-07-23 11:32:38,649 Better model found!
2026-07-23 11:32:39,208 notpatched Loss: 5.6407 Acc: 0.0000
2026-07-23 11:32:39,758 patched Loss: 5.6992 Acc: 0.0000
2026-07-23 11:32:39,758 Patched Targeted Attack Success Rate: Mean 0.000
2026-07-23 11:32:39,758 Epoch 2/9
2026-07-23 11:32:39,759 ----------
2026-07-23 11:32:42,621 Image Number:0	Target Label:1	Top-5 predictions:0	4	8	2	1

2026-07-23 11:32:42,621 Image Number:1	Target Label:1	Top-5 predictions:0	3	5	4	2

2026-07-23 11:32:42,621 Image Number:2	Target Label:1	Top-5 predictions:0	2	5	9	1

2026-07-23 11:32:42,621 Image Number:3	Target Label:1	Top-5 predictions:0	4	5	3	1

2026-07-23 11:32:42,621 Image Number:4	Target Label:1	Top-5 predictions:0	5	2	4	3

2026-07-23 11:32:42,621 Image Number:5	Target Label:1	Top-5 predictions:0	4	5	1	2

2026-07-23 11:32:42,622 Image Number:6	Target Label:1	Top-5 predictions:0	5	1	2	9

2026-07-23 11:32:42,622 Image Number:7	Target Label:1	Top-5 predictions:0	5	2	3	4

2026-07-23 11:32:42,622 Image Number:8	Target Label:1	Top-5 predictions:0	3	4	2	9

2026-07-23 11:32:42,622 Image Number:9	Target Label:1	Top-5 predictions:0	2	5	3	9

2026-07-23 11:32:42,622 Image Number:10	Target Label:1	Top-5 predictions:0	1	9	4	3

2026-07-23 11:32:42,622 Image Number:11	Target Label:1	Top-5 predictions:0	2	5	4	9

2026-07-23 11:32:42,622 Image Number:12	Target Label:1	Top-5 predictions:0	2	5	4	3

2026-07-23 11:32:42,622 Image Number:13	Target Label:1	Top-5 predictions:0	9	4	5	3

2026-07-23 11:32:42,622 Image Number:14	Target Label:1	Top-5 predictions:0	4	5	9	2

2026-07-23 11:32:42,623 Image Number:15	Target Label:1	Top-5 predictions:0	2	4	9	1

2026-07-23 11:32:42,623 Image Number:16	Target Label:1	Top-5 predictions:0	5	7	4	6

2026-07-23 11:32:42,623 Image Number:17	Target Label:1	Top-5 predictions:0	9	3	2	4

2026-07-23 11:32:42,623 Image Number:18	Target Label:1	Top-5 predictions:0	5	1	2	4

2026-07-23 11:32:42,623 Image Number:19	Target Label:1	Top-5 predictions:0	3	5	8	1

2026-07-23 11:32:42,623 Image Number:20	Target Label:1	Top-5 predictions:0	9	3	5	4

2026-07-23 11:32:42,623 Image Number:21	Target Label:1	Top-5 predictions:0	3	4	2	6

2026-07-23 11:32:42,623 Image Number:22	Target Label:1	Top-5 predictions:0	5	2	1	6

2026-07-23 11:32:42,623 Image Number:23	Target Label:1	Top-5 predictions:0	9	3	2	4

2026-07-23 11:32:42,624 Image Number:24	Target Label:1	Top-5 predictions:0	2	9	4	3

2026-07-23 11:32:42,624 Image Number:25	Target Label:1	Top-5 predictions:0	5	3	4	1

2026-07-23 11:32:42,624 Image Number:26	Target Label:1	Top-5 predictions:0	2	5	8	4

2026-07-23 11:32:42,624 Image Number:27	Target Label:1	Top-5 predictions:0	5	2	3	4

2026-07-23 11:32:42,624 Image Number:28	Target Label:1	Top-5 predictions:0	4	5	1	2

2026-07-23 11:32:42,624 Image Number:29	Target Label:1	Top-5 predictions:0	2	3	5	6

2026-07-23 11:32:42,624 Image Number:30	Target Label:1	Top-5 predictions:0	5	4	3	2

2026-07-23 11:32:42,624 Image Number:31	Target Label:1	Top-5 predictions:0	4	1	9	5

2026-07-23 11:32:42,624 Image Number:32	Target Label:1	Top-5 predictions:0	2	5	3	1

2026-07-23 11:32:42,625 Image Number:33	Target Label:1	Top-5 predictions:0	2	5	3	4

2026-07-23 11:32:42,625 Image Number:34	Target Label:1	Top-5 predictions:0	2	6	8	4

2026-07-23 11:32:42,625 Image Number:35	Target Label:1	Top-5 predictions:0	4	5	3	2

2026-07-23 11:32:42,625 Image Number:36	Target Label:1	Top-5 predictions:0	1	5	2	9

2026-07-23 11:32:42,625 Image Number:37	Target Label:1	Top-5 predictions:0	5	3	2	4

2026-07-23 11:32:42,625 Image Number:38	Target Label:1	Top-5 predictions:0	5	4	3	2

2026-07-23 11:32:42,625 Image Number:39	Target Label:1	Top-5 predictions:0	9	4	2	5

2026-07-23 11:32:42,625 Image Number:40	Target Label:1	Top-5 predictions:0	2	5	8	4

2026-07-23 11:32:42,625 Image Number:41	Target Label:1	Top-5 predictions:0	4	5	2	3

2026-07-23 11:32:42,626 Image Number:42	Target Label:1	Top-5 predictions:0	4	2	5	9

2026-07-23 11:32:42,626 Image Number:43	Target Label:1	Top-5 predictions:0	5	4	2	9

2026-07-23 11:32:42,626 Image Number:44	Target Label:1	Top-5 predictions:0	2	4	5	1

2026-07-23 11:32:42,626 Image Number:45	Target Label:1	Top-5 predictions:0	2	4	5	3

2026-07-23 11:32:42,626 Image Number:46	Target Label:1	Top-5 predictions:0	3	4	9	2

2026-07-23 11:32:42,626 Image Number:47	Target Label:1	Top-5 predictions:0	5	3	2	8

2026-07-23 11:32:42,626 Image Number:48	Target Label:1	Top-5 predictions:0	5	4	9	3

2026-07-23 11:32:42,626 Image Number:49	Target Label:1	Top-5 predictions:0	5	4	3	7

2026-07-23 11:32:44,997 Image Number:0	Target Label:1	Top-5 predictions:0	4	8	2	1

2026-07-23 11:32:44,997 Image Number:1	Target Label:1	Top-5 predictions:0	3	5	4	2

2026-07-23 11:32:44,997 Image Number:2	Target Label:1	Top-5 predictions:0	2	5	9	1

2026-07-23 11:32:44,997 Image Number:3	Target Label:1	Top-5 predictions:0	4	5	3	1

2026-07-23 11:32:44,998 Image Number:4	Target Label:1	Top-5 predictions:0	5	2	4	3

2026-07-23 11:32:44,998 Image Number:5	Target Label:1	Top-5 predictions:0	4	5	1	2

2026-07-23 11:32:44,998 Image Number:6	Target Label:1	Top-5 predictions:0	5	1	2	9

2026-07-23 11:32:44,998 Image Number:7	Target Label:1	Top-5 predictions:0	5	2	3	6

2026-07-23 11:32:44,998 Image Number:8	Target Label:1	Top-5 predictions:0	3	4	2	1

2026-07-23 11:32:44,998 Image Number:9	Target Label:1	Top-5 predictions:0	2	3	5	9

2026-07-23 11:32:44,998 Image Number:10	Target Label:1	Top-5 predictions:0	1	9	4	3

2026-07-23 11:32:44,998 Image Number:11	Target Label:1	Top-5 predictions:0	2	5	4	9

2026-07-23 11:32:44,998 Image Number:12	Target Label:1	Top-5 predictions:0	2	5	4	3

2026-07-23 11:32:44,999 Image Number:13	Target Label:1	Top-5 predictions:0	9	4	5	3

2026-07-23 11:32:44,999 Image Number:14	Target Label:1	Top-5 predictions:0	4	5	9	2

2026-07-23 11:32:44,999 Image Number:15	Target Label:1	Top-5 predictions:0	2	4	9	1

2026-07-23 11:32:44,999 Image Number:16	Target Label:1	Top-5 predictions:0	5	7	4	6

2026-07-23 11:32:44,999 Image Number:17	Target Label:1	Top-5 predictions:0	9	3	2	4

2026-07-23 11:32:44,999 Image Number:18	Target Label:1	Top-5 predictions:0	5	1	2	4

2026-07-23 11:32:44,999 Image Number:19	Target Label:1	Top-5 predictions:0	3	5	8	1

2026-07-23 11:32:44,999 Image Number:20	Target Label:1	Top-5 predictions:0	9	3	4	5

2026-07-23 11:32:44,999 Image Number:21	Target Label:1	Top-5 predictions:0	3	4	2	6

2026-07-23 11:32:45,000 Image Number:22	Target Label:1	Top-5 predictions:0	5	2	1	6

2026-07-23 11:32:45,000 Image Number:23	Target Label:1	Top-5 predictions:0	9	3	2	4

2026-07-23 11:32:45,000 Image Number:24	Target Label:1	Top-5 predictions:0	2	9	4	3

2026-07-23 11:32:45,000 Image Number:25	Target Label:1	Top-5 predictions:0	5	3	4	1

2026-07-23 11:32:45,000 Image Number:26	Target Label:1	Top-5 predictions:0	2	5	4	8

2026-07-23 11:32:45,000 Image Number:27	Target Label:1	Top-5 predictions:0	5	2	3	4

2026-07-23 11:32:45,000 Image Number:28	Target Label:1	Top-5 predictions:0	4	5	1	2

2026-07-23 11:32:45,000 Image Number:29	Target Label:1	Top-5 predictions:0	2	3	5	6

2026-07-23 11:32:45,000 Image Number:30	Target Label:1	Top-5 predictions:0	5	4	3	2

2026-07-23 11:32:45,001 Image Number:31	Target Label:1	Top-5 predictions:0	4	1	9	2

2026-07-23 11:32:45,001 Image Number:32	Target Label:1	Top-5 predictions:0	2	5	3	1

2026-07-23 11:32:45,001 Image Number:33	Target Label:1	Top-5 predictions:0	2	5	3	4

2026-07-23 11:32:45,001 Image Number:34	Target Label:1	Top-5 predictions:0	2	6	8	4

2026-07-23 11:32:45,001 Image Number:35	Target Label:1	Top-5 predictions:0	4	5	3	2

2026-07-23 11:32:45,001 Image Number:36	Target Label:1	Top-5 predictions:0	1	5	2	9

2026-07-23 11:32:45,001 Image Number:37	Target Label:1	Top-5 predictions:0	5	3	2	4

2026-07-23 11:32:45,001 Image Number:38	Target Label:1	Top-5 predictions:0	5	4	3	2

2026-07-23 11:32:45,002 Image Number:39	Target Label:1	Top-5 predictions:0	9	4	2	5

2026-07-23 11:32:45,002 Image Number:40	Target Label:1	Top-5 predictions:0	2	5	8	4

2026-07-23 11:32:45,002 Image Number:41	Target Label:1	Top-5 predictions:0	4	5	2	3

2026-07-23 11:32:45,002 Image Number:42	Target Label:1	Top-5 predictions:0	4	2	5	9

2026-07-23 11:32:45,002 Image Number:43	Target Label:1	Top-5 predictions:0	5	4	2	9

2026-07-23 11:32:45,002 Image Number:44	Target Label:1	Top-5 predictions:0	2	4	1	5

2026-07-23 11:32:45,002 Image Number:45	Target Label:1	Top-5 predictions:0	2	4	5	3

2026-07-23 11:32:45,002 Image Number:46	Target Label:1	Top-5 predictions:0	3	4	9	2

2026-07-23 11:32:45,002 Image Number:47	Target Label:1	Top-5 predictions:0	5	3	2	8

2026-07-23 11:32:45,003 Image Number:48	Target Label:1	Top-5 predictions:0	5	4	9	3

2026-07-23 11:32:45,003 Image Number:49	Target Label:1	Top-5 predictions:0	5	4	3	7

2026-07-23 11:32:47,369 Image Number:0	Target Label:1	Top-5 predictions:0	4	8	2	1

2026-07-23 11:32:47,369 Image Number:1	Target Label:1	Top-5 predictions:0	3	5	4	2

2026-07-23 11:32:47,369 Image Number:2	Target Label:1	Top-5 predictions:0	2	5	9	1

2026-07-23 11:32:47,369 Image Number:3	Target Label:1	Top-5 predictions:0	4	5	3	1

2026-07-23 11:32:47,370 Image Number:4	Target Label:1	Top-5 predictions:0	5	2	4	3

2026-07-23 11:32:47,370 Image Number:5	Target Label:1	Top-5 predictions:0	4	5	1	2

2026-07-23 11:32:47,370 Image Number:6	Target Label:1	Top-5 predictions:0	5	1	2	9

2026-07-23 11:32:47,370 Image Number:7	Target Label:1	Top-5 predictions:0	5	2	3	6

2026-07-23 11:32:47,370 Image Number:8	Target Label:1	Top-5 predictions:0	3	4	2	1

2026-07-23 11:32:47,370 Image Number:9	Target Label:1	Top-5 predictions:0	2	3	5	9

2026-07-23 11:32:47,370 Image Number:10	Target Label:1	Top-5 predictions:0	1	9	4	3

2026-07-23 11:32:47,370 Image Number:11	Target Label:1	Top-5 predictions:0	2	5	4	9

2026-07-23 11:32:47,371 Image Number:12	Target Label:1	Top-5 predictions:0	2	5	4	3

2026-07-23 11:32:47,371 Image Number:13	Target Label:1	Top-5 predictions:0	9	4	5	3

2026-07-23 11:32:47,371 Image Number:14	Target Label:1	Top-5 predictions:0	4	9	5	2

2026-07-23 11:32:47,371 Image Number:15	Target Label:1	Top-5 predictions:0	4	2	9	1

2026-07-23 11:32:47,371 Image Number:16	Target Label:1	Top-5 predictions:0	5	7	4	6

2026-07-23 11:32:47,371 Image Number:17	Target Label:1	Top-5 predictions:0	9	3	2	4

2026-07-23 11:32:47,371 Image Number:18	Target Label:1	Top-5 predictions:0	5	1	2	4

2026-07-23 11:32:47,371 Image Number:19	Target Label:1	Top-5 predictions:0	3	5	8	1

2026-07-23 11:32:47,371 Image Number:20	Target Label:1	Top-5 predictions:0	9	3	4	5

2026-07-23 11:32:47,372 Image Number:21	Target Label:1	Top-5 predictions:0	3	4	6	2

2026-07-23 11:32:47,372 Image Number:22	Target Label:1	Top-5 predictions:0	5	2	1	6

2026-07-23 11:32:47,372 Image Number:23	Target Label:1	Top-5 predictions:0	9	3	2	4

2026-07-23 11:32:47,372 Image Number:24	Target Label:1	Top-5 predictions:0	2	9	4	3

2026-07-23 11:32:47,372 Image Number:25	Target Label:1	Top-5 predictions:0	5	3	4	1

2026-07-23 11:32:47,372 Image Number:26	Target Label:1	Top-5 predictions:0	2	5	4	8

2026-07-23 11:32:47,372 Image Number:27	Target Label:1	Top-5 predictions:0	5	2	3	4

2026-07-23 11:32:47,372 Image Number:28	Target Label:1	Top-5 predictions:0	4	5	1	2

2026-07-23 11:32:47,372 Image Number:29	Target Label:1	Top-5 predictions:0	2	3	5	6

2026-07-23 11:32:47,373 Image Number:30	Target Label:1	Top-5 predictions:0	5	4	3	2

2026-07-23 11:32:47,373 Image Number:31	Target Label:1	Top-5 predictions:0	4	1	9	2

2026-07-23 11:32:47,373 Image Number:32	Target Label:1	Top-5 predictions:0	2	5	3	1

2026-07-23 11:32:47,373 Image Number:33	Target Label:1	Top-5 predictions:0	2	3	5	9

2026-07-23 11:32:47,373 Image Number:34	Target Label:1	Top-5 predictions:0	2	6	8	4

2026-07-23 11:32:47,373 Image Number:35	Target Label:1	Top-5 predictions:0	4	5	3	2

2026-07-23 11:32:47,373 Image Number:36	Target Label:1	Top-5 predictions:0	1	2	5	9

2026-07-23 11:32:47,373 Image Number:37	Target Label:1	Top-5 predictions:0	5	3	2	4

2026-07-23 11:32:47,373 Image Number:38	Target Label:1	Top-5 predictions:0	5	4	3	2

2026-07-23 11:32:47,374 Image Number:39	Target Label:1	Top-5 predictions:0	9	4	2	5

2026-07-23 11:32:47,374 Image Number:40	Target Label:1	Top-5 predictions:0	2	5	8	4

2026-07-23 11:32:47,374 Image Number:41	Target Label:1	Top-5 predictions:0	4	5	2	3

2026-07-23 11:32:47,374 Image Number:42	Target Label:1	Top-5 predictions:0	4	2	5	9

2026-07-23 11:32:47,374 Image Number:43	Target Label:1	Top-5 predictions:0	5	4	2	9

2026-07-23 11:32:47,374 Image Number:44	Target Label:1	Top-5 predictions:0	2	4	1	5

2026-07-23 11:32:47,374 Image Number:45	Target Label:1	Top-5 predictions:0	2	4	5	3

2026-07-23 11:32:47,374 Image Number:46	Target Label:1	Top-5 predictions:0	3	4	9	2

2026-07-23 11:32:47,374 Image Number:47	Target Label:1	Top-5 predictions:0	5	2	3	8

2026-07-23 11:32:47,375 Image Number:48	Target Label:1	Top-5 predictions:0	5	4	9	3

2026-07-23 11:32:47,375 Image Number:49	Target Label:1	Top-5 predictions:0	5	4	3	7

2026-07-23 11:32:49,745 Image Number:0	Target Label:1	Top-5 predictions:0	4	8	2	1

2026-07-23 11:32:49,745 Image Number:1	Target Label:1	Top-5 predictions:0	3	5	4	2

2026-07-23 11:32:49,745 Image Number:2	Target Label:1	Top-5 predictions:0	2	5	9	1

2026-07-23 11:32:49,745 Image Number:3	Target Label:1	Top-5 predictions:0	4	5	3	1

2026-07-23 11:32:49,745 Image Number:4	Target Label:1	Top-5 predictions:0	5	2	4	3

2026-07-23 11:32:49,745 Image Number:5	Target Label:1	Top-5 predictions:0	4	5	1	2

2026-07-23 11:32:49,745 Image Number:6	Target Label:1	Top-5 predictions:0	5	1	2	9

2026-07-23 11:32:49,746 Image Number:7	Target Label:1	Top-5 predictions:0	5	2	3	6

2026-07-23 11:32:49,746 Image Number:8	Target Label:1	Top-5 predictions:0	3	4	2	1

2026-07-23 11:32:49,746 Image Number:9	Target Label:1	Top-5 predictions:0	2	3	5	9

2026-07-23 11:32:49,746 Image Number:10	Target Label:1	Top-5 predictions:0	1	9	4	3

2026-07-23 11:32:49,746 Image Number:11	Target Label:1	Top-5 predictions:0	2	5	4	9

2026-07-23 11:32:49,746 Image Number:12	Target Label:1	Top-5 predictions:0	2	5	4	3

2026-07-23 11:32:49,746 Image Number:13	Target Label:1	Top-5 predictions:0	9	4	5	3

2026-07-23 11:32:49,746 Image Number:14	Target Label:1	Top-5 predictions:0	4	9	5	2

2026-07-23 11:32:49,747 Image Number:15	Target Label:1	Top-5 predictions:0	4	2	9	1

2026-07-23 11:32:49,747 Image Number:16	Target Label:1	Top-5 predictions:0	5	7	4	6

2026-07-23 11:32:49,747 Image Number:17	Target Label:1	Top-5 predictions:0	9	3	2	4

2026-07-23 11:32:49,747 Image Number:18	Target Label:1	Top-5 predictions:0	5	1	2	4

2026-07-23 11:32:49,747 Image Number:19	Target Label:1	Top-5 predictions:0	3	5	8	1

2026-07-23 11:32:49,747 Image Number:20	Target Label:1	Top-5 predictions:0	9	3	4	5

2026-07-23 11:32:49,747 Image Number:21	Target Label:1	Top-5 predictions:0	3	4	6	2

2026-07-23 11:32:49,747 Image Number:22	Target Label:1	Top-5 predictions:0	5	2	1	6

2026-07-23 11:32:49,747 Image Number:23	Target Label:1	Top-5 predictions:0	9	3	2	4

2026-07-23 11:32:49,748 Image Number:24	Target Label:1	Top-5 predictions:0	2	9	4	3

2026-07-23 11:32:49,748 Image Number:25	Target Label:1	Top-5 predictions:0	5	3	4	1

2026-07-23 11:32:49,748 Image Number:26	Target Label:1	Top-5 predictions:0	2	5	4	8

2026-07-23 11:32:49,748 Image Number:27	Target Label:1	Top-5 predictions:0	5	2	3	4

2026-07-23 11:32:49,748 Image Number:28	Target Label:1	Top-5 predictions:0	4	5	1	2

2026-07-23 11:32:49,748 Image Number:29	Target Label:1	Top-5 predictions:0	2	3	5	6

2026-07-23 11:32:49,748 Image Number:30	Target Label:1	Top-5 predictions:0	5	4	3	2

2026-07-23 11:32:49,748 Image Number:31	Target Label:1	Top-5 predictions:0	4	1	9	2

2026-07-23 11:32:49,748 Image Number:32	Target Label:1	Top-5 predictions:0	2	5	3	1

2026-07-23 11:32:49,749 Image Number:33	Target Label:1	Top-5 predictions:0	2	3	5	9

2026-07-23 11:32:49,749 Image Number:34	Target Label:1	Top-5 predictions:0	2	6	8	4

2026-07-23 11:32:49,749 Image Number:35	Target Label:1	Top-5 predictions:0	4	3	5	2

2026-07-23 11:32:49,749 Image Number:36	Target Label:1	Top-5 predictions:0	1	2	5	9

2026-07-23 11:32:49,749 Image Number:37	Target Label:1	Top-5 predictions:0	5	3	2	4

2026-07-23 11:32:49,749 Image Number:38	Target Label:1	Top-5 predictions:0	5	4	3	2

2026-07-23 11:32:49,749 Image Number:39	Target Label:1	Top-5 predictions:0	9	4	2	5

2026-07-23 11:32:49,749 Image Number:40	Target Label:1	Top-5 predictions:0	2	5	8	4

2026-07-23 11:32:49,749 Image Number:41	Target Label:1	Top-5 predictions:0	4	5	2	3

2026-07-23 11:32:49,750 Image Number:42	Target Label:1	Top-5 predictions:0	4	2	5	9

2026-07-23 11:32:49,750 Image Number:43	Target Label:1	Top-5 predictions:0	5	4	9	2

2026-07-23 11:32:49,750 Image Number:44	Target Label:1	Top-5 predictions:0	2	4	1	5

2026-07-23 11:32:49,750 Image Number:45	Target Label:1	Top-5 predictions:0	2	4	5	3

2026-07-23 11:32:49,750 Image Number:46	Target Label:1	Top-5 predictions:0	3	4	9	2

2026-07-23 11:32:49,750 Image Number:47	Target Label:1	Top-5 predictions:0	5	2	3	8

2026-07-23 11:32:49,750 Image Number:48	Target Label:1	Top-5 predictions:0	5	4	9	3

2026-07-23 11:32:49,750 Image Number:49	Target Label:1	Top-5 predictions:0	5	4	3	7

2026-07-23 11:32:52,069 Image Number:0	Target Label:1	Top-5 predictions:0	4	8	2	1

2026-07-23 11:32:52,069 Image Number:1	Target Label:1	Top-5 predictions:0	3	4	5	2

2026-07-23 11:32:52,069 Image Number:2	Target Label:1	Top-5 predictions:0	2	5	9	1

2026-07-23 11:32:52,069 Image Number:3	Target Label:1	Top-5 predictions:0	4	5	3	1

2026-07-23 11:32:52,069 Image Number:4	Target Label:1	Top-5 predictions:0	5	4	2	3

2026-07-23 11:32:52,069 Image Number:5	Target Label:1	Top-5 predictions:0	4	5	1	2

2026-07-23 11:32:52,070 Image Number:6	Target Label:1	Top-5 predictions:0	1	5	2	9

2026-07-23 11:32:52,070 Image Number:7	Target Label:1	Top-5 predictions:0	2	5	3	6

2026-07-23 11:32:52,070 Image Number:8	Target Label:1	Top-5 predictions:0	3	4	2	1

2026-07-23 11:32:52,070 Image Number:9	Target Label:1	Top-5 predictions:0	2	3	5	9

2026-07-23 11:32:52,070 Image Number:10	Target Label:1	Top-5 predictions:0	1	9	4	3

2026-07-23 11:32:52,070 Image Number:11	Target Label:1	Top-5 predictions:0	2	4	5	9

2026-07-23 11:32:52,070 Image Number:12	Target Label:1	Top-5 predictions:0	2	5	4	3

2026-07-23 11:32:52,070 Image Number:13	Target Label:1	Top-5 predictions:0	9	4	5	3

2026-07-23 11:32:52,070 Image Number:14	Target Label:1	Top-5 predictions:0	4	9	5	2

2026-07-23 11:32:52,071 Image Number:15	Target Label:1	Top-5 predictions:0	4	2	9	1

2026-07-23 11:32:52,071 Image Number:16	Target Label:1	Top-5 predictions:0	5	7	4	6

2026-07-23 11:32:52,071 Image Number:17	Target Label:1	Top-5 predictions:0	9	2	3	4

2026-07-23 11:32:52,071 Image Number:18	Target Label:1	Top-5 predictions:0	5	1	2	4

2026-07-23 11:32:52,071 Image Number:19	Target Label:1	Top-5 predictions:0	3	5	8	1

2026-07-23 11:32:52,071 Image Number:20	Target Label:1	Top-5 predictions:0	9	3	4	5

2026-07-23 11:32:52,071 Image Number:21	Target Label:1	Top-5 predictions:0	3	4	6	2

2026-07-23 11:32:52,071 Image Number:22	Target Label:1	Top-5 predictions:0	5	2	1	6

2026-07-23 11:32:52,071 Image Number:23	Target Label:1	Top-5 predictions:0	9	3	2	4

2026-07-23 11:32:52,072 Image Number:24	Target Label:1	Top-5 predictions:0	2	9	4	3

2026-07-23 11:32:52,072 Image Number:25	Target Label:1	Top-5 predictions:0	5	3	4	1

2026-07-23 11:32:52,072 Image Number:26	Target Label:1	Top-5 predictions:0	2	5	4	8

2026-07-23 11:32:52,072 Image Number:27	Target Label:1	Top-5 predictions:0	5	2	3	4

2026-07-23 11:32:52,072 Image Number:28	Target Label:1	Top-5 predictions:0	4	5	1	2

2026-07-23 11:32:52,072 Image Number:29	Target Label:1	Top-5 predictions:0	2	3	5	6

2026-07-23 11:32:52,072 Image Number:30	Target Label:1	Top-5 predictions:0	5	4	3	2

2026-07-23 11:32:52,072 Image Number:31	Target Label:1	Top-5 predictions:0	1	4	9	2

2026-07-23 11:32:52,072 Image Number:32	Target Label:1	Top-5 predictions:0	2	5	3	1

2026-07-23 11:32:52,073 Image Number:33	Target Label:1	Top-5 predictions:0	2	3	5	9

2026-07-23 11:32:52,073 Image Number:34	Target Label:1	Top-5 predictions:0	2	6	8	4

2026-07-23 11:32:52,073 Image Number:35	Target Label:1	Top-5 predictions:0	4	3	5	2

2026-07-23 11:32:52,073 Image Number:36	Target Label:1	Top-5 predictions:0	1	2	5	9

2026-07-23 11:32:52,073 Image Number:37	Target Label:1	Top-5 predictions:0	5	3	2	4

2026-07-23 11:32:52,073 Image Number:38	Target Label:1	Top-5 predictions:0	5	4	3	2

2026-07-23 11:32:52,073 Image Number:39	Target Label:1	Top-5 predictions:0	9	4	2	5

2026-07-23 11:32:52,073 Image Number:40	Target Label:1	Top-5 predictions:0	2	5	8	4

2026-07-23 11:32:52,073 Image Number:41	Target Label:1	Top-5 predictions:0	4	5	2	3

2026-07-23 11:32:52,074 Image Number:42	Target Label:1	Top-5 predictions:0	4	2	5	9

2026-07-23 11:32:52,074 Image Number:43	Target Label:1	Top-5 predictions:0	5	4	9	2

2026-07-23 11:32:52,074 Image Number:44	Target Label:1	Top-5 predictions:0	2	4	1	5

2026-07-23 11:32:52,074 Image Number:45	Target Label:1	Top-5 predictions:0	2	4	5	3

2026-07-23 11:32:52,074 Image Number:46	Target Label:1	Top-5 predictions:0	3	4	9	2

2026-07-23 11:32:52,074 Image Number:47	Target Label:1	Top-5 predictions:0	5	2	3	8

2026-07-23 11:32:52,074 Image Number:48	Target Label:1	Top-5 predictions:0	5	4	9	3

2026-07-23 11:32:52,074 Image Number:49	Target Label:1	Top-5 predictions:0	5	4	3	7

2026-07-23 11:32:52,332 train Loss: 0.0434 Acc: 0.9988
2026-07-23 11:32:53,549 test Loss: 0.0461 Acc: 1.0000
2026-07-23 11:32:53,549 Better model found!
2026-07-23 11:32:54,108 notpatched Loss: 6.0721 Acc: 0.0000
2026-07-23 11:32:54,658 patched Loss: 6.1209 Acc: 0.0000
2026-07-23 11:32:54,658 Patched Targeted Attack Success Rate: Mean 0.000
2026-07-23 11:32:54,658 Epoch 3/9
2026-07-23 11:32:54,659 ----------
2026-07-23 11:32:57,539 Image Number:0	Target Label:1	Top-5 predictions:0	4	8	2	1

2026-07-23 11:32:57,539 Image Number:1	Target Label:1	Top-5 predictions:0	3	4	5	2

2026-07-23 11:32:57,539 Image Number:2	Target Label:1	Top-5 predictions:0	2	5	9	1

2026-07-23 11:32:57,539 Image Number:3	Target Label:1	Top-5 predictions:0	4	5	3	1

2026-07-23 11:32:57,539 Image Number:4	Target Label:1	Top-5 predictions:0	5	4	2	3

2026-07-23 11:32:57,540 Image Number:5	Target Label:1	Top-5 predictions:0	4	5	1	2

2026-07-23 11:32:57,540 Image Number:6	Target Label:1	Top-5 predictions:0	1	5	2	9

2026-07-23 11:32:57,540 Image Number:7	Target Label:1	Top-5 predictions:0	2	5	3	6

2026-07-23 11:32:57,540 Image Number:8	Target Label:1	Top-5 predictions:0	3	4	2	1

2026-07-23 11:32:57,540 Image Number:9	Target Label:1	Top-5 predictions:0	2	3	5	9

2026-07-23 11:32:57,540 Image Number:10	Target Label:1	Top-5 predictions:0	1	9	4	3

2026-07-23 11:32:57,540 Image Number:11	Target Label:1	Top-5 predictions:0	2	4	5	9

2026-07-23 11:32:57,540 Image Number:12	Target Label:1	Top-5 predictions:0	2	5	4	3

2026-07-23 11:32:57,541 Image Number:13	Target Label:1	Top-5 predictions:0	9	4	5	3

2026-07-23 11:32:57,541 Image Number:14	Target Label:1	Top-5 predictions:0	4	9	5	2

2026-07-23 11:32:57,541 Image Number:15	Target Label:1	Top-5 predictions:0	4	2	9	1

2026-07-23 11:32:57,541 Image Number:16	Target Label:1	Top-5 predictions:0	5	7	4	6

2026-07-23 11:32:57,541 Image Number:17	Target Label:1	Top-5 predictions:0	9	2	3	4

2026-07-23 11:32:57,541 Image Number:18	Target Label:1	Top-5 predictions:0	1	5	2	4

2026-07-23 11:32:57,541 Image Number:19	Target Label:1	Top-5 predictions:0	3	5	8	1

2026-07-23 11:32:57,541 Image Number:20	Target Label:1	Top-5 predictions:0	9	3	4	5

2026-07-23 11:32:57,542 Image Number:21	Target Label:1	Top-5 predictions:0	3	4	6	2

2026-07-23 11:32:57,542 Image Number:22	Target Label:1	Top-5 predictions:0	5	2	1	6

2026-07-23 11:32:57,542 Image Number:23	Target Label:1	Top-5 predictions:0	9	3	2	4

2026-07-23 11:32:57,542 Image Number:24	Target Label:1	Top-5 predictions:0	2	9	4	3

2026-07-23 11:32:57,542 Image Number:25	Target Label:1	Top-5 predictions:0	5	3	4	1

2026-07-23 11:32:57,542 Image Number:26	Target Label:1	Top-5 predictions:0	2	5	4	8

2026-07-23 11:32:57,543 Image Number:27	Target Label:1	Top-5 predictions:0	5	2	3	4

2026-07-23 11:32:57,543 Image Number:28	Target Label:1	Top-5 predictions:0	4	5	1	2

2026-07-23 11:32:57,543 Image Number:29	Target Label:1	Top-5 predictions:0	2	3	6	5

2026-07-23 11:32:57,543 Image Number:30	Target Label:1	Top-5 predictions:0	5	4	3	2

2026-07-23 11:32:57,543 Image Number:31	Target Label:1	Top-5 predictions:0	1	4	9	2

2026-07-23 11:32:57,543 Image Number:32	Target Label:1	Top-5 predictions:0	2	5	3	1

2026-07-23 11:32:57,543 Image Number:33	Target Label:1	Top-5 predictions:0	2	3	5	9

2026-07-23 11:32:57,543 Image Number:34	Target Label:1	Top-5 predictions:0	2	6	8	4

2026-07-23 11:32:57,544 Image Number:35	Target Label:1	Top-5 predictions:0	4	3	5	2

2026-07-23 11:32:57,544 Image Number:36	Target Label:1	Top-5 predictions:0	1	2	5	9

2026-07-23 11:32:57,544 Image Number:37	Target Label:1	Top-5 predictions:0	5	3	2	4

2026-07-23 11:32:57,544 Image Number:38	Target Label:1	Top-5 predictions:0	5	4	3	2

2026-07-23 11:32:57,544 Image Number:39	Target Label:1	Top-5 predictions:0	9	4	2	5

2026-07-23 11:32:57,544 Image Number:40	Target Label:1	Top-5 predictions:0	2	5	8	4

2026-07-23 11:32:57,544 Image Number:41	Target Label:1	Top-5 predictions:0	4	5	2	3

2026-07-23 11:32:57,544 Image Number:42	Target Label:1	Top-5 predictions:0	4	2	5	9

2026-07-23 11:32:57,545 Image Number:43	Target Label:1	Top-5 predictions:0	5	4	9	2

2026-07-23 11:32:57,545 Image Number:44	Target Label:1	Top-5 predictions:0	2	4	1	5

2026-07-23 11:32:57,545 Image Number:45	Target Label:1	Top-5 predictions:0	2	4	5	3

2026-07-23 11:32:57,545 Image Number:46	Target Label:1	Top-5 predictions:0	3	4	9	2

2026-07-23 11:32:57,545 Image Number:47	Target Label:1	Top-5 predictions:0	5	2	3	8

2026-07-23 11:32:57,545 Image Number:48	Target Label:1	Top-5 predictions:0	5	4	9	3

2026-07-23 11:32:57,545 Image Number:49	Target Label:1	Top-5 predictions:0	5	4	3	7

2026-07-23 11:32:59,914 Image Number:0	Target Label:1	Top-5 predictions:0	4	8	2	1

2026-07-23 11:32:59,915 Image Number:1	Target Label:1	Top-5 predictions:0	3	4	5	2

2026-07-23 11:32:59,915 Image Number:2	Target Label:1	Top-5 predictions:0	2	5	9	1

2026-07-23 11:32:59,915 Image Number:3	Target Label:1	Top-5 predictions:0	4	5	3	1

2026-07-23 11:32:59,915 Image Number:4	Target Label:1	Top-5 predictions:0	5	2	4	3

2026-07-23 11:32:59,915 Image Number:5	Target Label:1	Top-5 predictions:0	4	5	1	2

2026-07-23 11:32:59,915 Image Number:6	Target Label:1	Top-5 predictions:0	1	5	2	9

2026-07-23 11:32:59,915 Image Number:7	Target Label:1	Top-5 predictions:0	2	5	3	6

2026-07-23 11:32:59,915 Image Number:8	Target Label:1	Top-5 predictions:0	3	4	2	1

2026-07-23 11:32:59,916 Image Number:9	Target Label:1	Top-5 predictions:0	2	3	5	9

2026-07-23 11:32:59,916 Image Number:10	Target Label:1	Top-5 predictions:0	1	9	4	3

2026-07-23 11:32:59,916 Image Number:11	Target Label:1	Top-5 predictions:0	2	4	5	9

2026-07-23 11:32:59,916 Image Number:12	Target Label:1	Top-5 predictions:0	2	5	4	3

2026-07-23 11:32:59,916 Image Number:13	Target Label:1	Top-5 predictions:0	9	4	5	3

2026-07-23 11:32:59,916 Image Number:14	Target Label:1	Top-5 predictions:0	4	9	5	2

2026-07-23 11:32:59,916 Image Number:15	Target Label:1	Top-5 predictions:0	4	2	9	1

2026-07-23 11:32:59,916 Image Number:16	Target Label:1	Top-5 predictions:0	5	7	4	6

2026-07-23 11:32:59,916 Image Number:17	Target Label:1	Top-5 predictions:0	9	2	3	4

2026-07-23 11:32:59,917 Image Number:18	Target Label:1	Top-5 predictions:0	1	5	2	4

2026-07-23 11:32:59,917 Image Number:19	Target Label:1	Top-5 predictions:0	3	5	8	1

2026-07-23 11:32:59,917 Image Number:20	Target Label:1	Top-5 predictions:0	9	3	4	5

2026-07-23 11:32:59,917 Image Number:21	Target Label:1	Top-5 predictions:0	3	4	6	2

2026-07-23 11:32:59,917 Image Number:22	Target Label:1	Top-5 predictions:0	5	2	1	6

2026-07-23 11:32:59,917 Image Number:23	Target Label:1	Top-5 predictions:0	9	3	2	4

2026-07-23 11:32:59,917 Image Number:24	Target Label:1	Top-5 predictions:0	2	9	4	3

2026-07-23 11:32:59,917 Image Number:25	Target Label:1	Top-5 predictions:0	5	3	4	1

2026-07-23 11:32:59,917 Image Number:26	Target Label:1	Top-5 predictions:0	2	5	4	8

2026-07-23 11:32:59,918 Image Number:27	Target Label:1	Top-5 predictions:0	5	2	3	4

2026-07-23 11:32:59,918 Image Number:28	Target Label:1	Top-5 predictions:0	4	5	1	2

2026-07-23 11:32:59,918 Image Number:29	Target Label:1	Top-5 predictions:0	2	3	6	5

2026-07-23 11:32:59,918 Image Number:30	Target Label:1	Top-5 predictions:0	5	4	3	2

2026-07-23 11:32:59,918 Image Number:31	Target Label:1	Top-5 predictions:0	1	4	9	2

2026-07-23 11:32:59,918 Image Number:32	Target Label:1	Top-5 predictions:0	2	5	3	1

2026-07-23 11:32:59,918 Image Number:33	Target Label:1	Top-5 predictions:0	2	3	5	9

2026-07-23 11:32:59,918 Image Number:34	Target Label:1	Top-5 predictions:0	2	6	8	4

2026-07-23 11:32:59,918 Image Number:35	Target Label:1	Top-5 predictions:0	4	3	2	5

2026-07-23 11:32:59,919 Image Number:36	Target Label:1	Top-5 predictions:0	1	2	5	9

2026-07-23 11:32:59,919 Image Number:37	Target Label:1	Top-5 predictions:0	5	3	2	4

2026-07-23 11:32:59,919 Image Number:38	Target Label:1	Top-5 predictions:0	5	4	3	2

2026-07-23 11:32:59,919 Image Number:39	Target Label:1	Top-5 predictions:0	9	4	2	5

2026-07-23 11:32:59,919 Image Number:40	Target Label:1	Top-5 predictions:0	2	5	8	4

2026-07-23 11:32:59,919 Image Number:41	Target Label:1	Top-5 predictions:0	4	5	2	3

2026-07-23 11:32:59,919 Image Number:42	Target Label:1	Top-5 predictions:0	4	2	5	9

2026-07-23 11:32:59,919 Image Number:43	Target Label:1	Top-5 predictions:0	5	4	9	2

2026-07-23 11:32:59,919 Image Number:44	Target Label:1	Top-5 predictions:0	2	4	1	5

2026-07-23 11:32:59,920 Image Number:45	Target Label:1	Top-5 predictions:0	2	4	5	3

2026-07-23 11:32:59,920 Image Number:46	Target Label:1	Top-5 predictions:0	3	4	9	2

2026-07-23 11:32:59,920 Image Number:47	Target Label:1	Top-5 predictions:0	5	2	3	8

2026-07-23 11:32:59,920 Image Number:48	Target Label:1	Top-5 predictions:0	5	4	9	3

2026-07-23 11:32:59,920 Image Number:49	Target Label:1	Top-5 predictions:0	5	4	3	7

2026-07-23 11:33:02,289 Image Number:0	Target Label:1	Top-5 predictions:0	4	8	2	1

2026-07-23 11:33:02,289 Image Number:1	Target Label:1	Top-5 predictions:0	3	4	5	2

2026-07-23 11:33:02,289 Image Number:2	Target Label:1	Top-5 predictions:0	2	5	9	1

2026-07-23 11:33:02,290 Image Number:3	Target Label:1	Top-5 predictions:0	4	5	3	1

2026-07-23 11:33:02,290 Image Number:4	Target Label:1	Top-5 predictions:0	5	4	2	3

2026-07-23 11:33:02,290 Image Number:5	Target Label:1	Top-5 predictions:0	4	5	1	2

2026-07-23 11:33:02,290 Image Number:6	Target Label:1	Top-5 predictions:0	1	2	5	9

2026-07-23 11:33:02,290 Image Number:7	Target Label:1	Top-5 predictions:0	2	5	3	6

2026-07-23 11:33:02,290 Image Number:8	Target Label:1	Top-5 predictions:0	3	4	2	1

2026-07-23 11:33:02,290 Image Number:9	Target Label:1	Top-5 predictions:0	2	3	5	9

2026-07-23 11:33:02,290 Image Number:10	Target Label:1	Top-5 predictions:0	1	9	4	3

2026-07-23 11:33:02,290 Image Number:11	Target Label:1	Top-5 predictions:0	2	4	5	9

2026-07-23 11:33:02,291 Image Number:12	Target Label:1	Top-5 predictions:0	2	5	4	3

2026-07-23 11:33:02,291 Image Number:13	Target Label:1	Top-5 predictions:0	9	4	5	3

2026-07-23 11:33:02,291 Image Number:14	Target Label:1	Top-5 predictions:0	4	9	5	2

2026-07-23 11:33:02,291 Image Number:15	Target Label:1	Top-5 predictions:0	4	2	9	1

2026-07-23 11:33:02,291 Image Number:16	Target Label:1	Top-5 predictions:0	5	7	4	6

2026-07-23 11:33:02,291 Image Number:17	Target Label:1	Top-5 predictions:0	9	2	3	4

2026-07-23 11:33:02,291 Image Number:18	Target Label:1	Top-5 predictions:0	1	5	2	4

2026-07-23 11:33:02,291 Image Number:19	Target Label:1	Top-5 predictions:0	3	5	8	1

2026-07-23 11:33:02,291 Image Number:20	Target Label:1	Top-5 predictions:0	9	3	4	5

2026-07-23 11:33:02,292 Image Number:21	Target Label:1	Top-5 predictions:0	3	4	6	2

2026-07-23 11:33:02,292 Image Number:22	Target Label:1	Top-5 predictions:0	5	2	1	6

2026-07-23 11:33:02,292 Image Number:23	Target Label:1	Top-5 predictions:0	9	3	2	1

2026-07-23 11:33:02,292 Image Number:24	Target Label:1	Top-5 predictions:0	2	9	3	4

2026-07-23 11:33:02,292 Image Number:25	Target Label:1	Top-5 predictions:0	5	3	4	1

2026-07-23 11:33:02,292 Image Number:26	Target Label:1	Top-5 predictions:0	2	5	4	8

2026-07-23 11:33:02,292 Image Number:27	Target Label:1	Top-5 predictions:0	5	2	3	4

2026-07-23 11:33:02,292 Image Number:28	Target Label:1	Top-5 predictions:0	4	5	1	2

2026-07-23 11:33:02,293 Image Number:29	Target Label:1	Top-5 predictions:0	2	3	6	5

2026-07-23 11:33:02,293 Image Number:30	Target Label:1	Top-5 predictions:0	5	4	3	9

2026-07-23 11:33:02,293 Image Number:31	Target Label:1	Top-5 predictions:0	1	4	9	2

2026-07-23 11:33:02,293 Image Number:32	Target Label:1	Top-5 predictions:0	2	5	3	1

2026-07-23 11:33:02,293 Image Number:33	Target Label:1	Top-5 predictions:0	2	3	5	9

2026-07-23 11:33:02,293 Image Number:34	Target Label:1	Top-5 predictions:0	2	6	8	4

2026-07-23 11:33:02,293 Image Number:35	Target Label:1	Top-5 predictions:0	4	3	2	5

2026-07-23 11:33:02,293 Image Number:36	Target Label:1	Top-5 predictions:0	1	2	5	9

2026-07-23 11:33:02,293 Image Number:37	Target Label:1	Top-5 predictions:0	5	3	2	4

2026-07-23 11:33:02,294 Image Number:38	Target Label:1	Top-5 predictions:0	5	4	3	2

2026-07-23 11:33:02,294 Image Number:39	Target Label:1	Top-5 predictions:0	9	4	2	5

2026-07-23 11:33:02,294 Image Number:40	Target Label:1	Top-5 predictions:0	2	5	8	4

2026-07-23 11:33:02,294 Image Number:41	Target Label:1	Top-5 predictions:0	4	5	2	3

2026-07-23 11:33:02,294 Image Number:42	Target Label:1	Top-5 predictions:0	4	2	5	9

2026-07-23 11:33:02,294 Image Number:43	Target Label:1	Top-5 predictions:0	5	4	9	2

2026-07-23 11:33:02,294 Image Number:44	Target Label:1	Top-5 predictions:0	2	4	1	5

2026-07-23 11:33:02,294 Image Number:45	Target Label:1	Top-5 predictions:0	2	4	5	3

2026-07-23 11:33:02,294 Image Number:46	Target Label:1	Top-5 predictions:0	3	4	9	2

2026-07-23 11:33:02,295 Image Number:47	Target Label:1	Top-5 predictions:0	5	2	3	8

2026-07-23 11:33:02,295 Image Number:48	Target Label:1	Top-5 predictions:0	5	4	9	3

2026-07-23 11:33:02,295 Image Number:49	Target Label:1	Top-5 predictions:0	5	4	7	3

2026-07-23 11:33:04,661 Image Number:0	Target Label:1	Top-5 predictions:0	4	8	2	1

2026-07-23 11:33:04,661 Image Number:1	Target Label:1	Top-5 predictions:0	3	4	5	2

2026-07-23 11:33:04,661 Image Number:2	Target Label:1	Top-5 predictions:0	2	5	9	1

2026-07-23 11:33:04,661 Image Number:3	Target Label:1	Top-5 predictions:0	4	5	3	1

2026-07-23 11:33:04,661 Image Number:4	Target Label:1	Top-5 predictions:0	5	4	2	3

2026-07-23 11:33:04,661 Image Number:5	Target Label:1	Top-5 predictions:0	4	5	1	2

2026-07-23 11:33:04,662 Image Number:6	Target Label:1	Top-5 predictions:0	1	2	5	9

2026-07-23 11:33:04,662 Image Number:7	Target Label:1	Top-5 predictions:0	2	5	3	6

2026-07-23 11:33:04,662 Image Number:8	Target Label:1	Top-5 predictions:0	3	4	2	1

2026-07-23 11:33:04,662 Image Number:9	Target Label:1	Top-5 predictions:0	2	3	5	9

2026-07-23 11:33:04,662 Image Number:10	Target Label:1	Top-5 predictions:0	1	9	4	3

2026-07-23 11:33:04,662 Image Number:11	Target Label:1	Top-5 predictions:0	2	4	5	9

2026-07-23 11:33:04,662 Image Number:12	Target Label:1	Top-5 predictions:0	2	5	4	3

2026-07-23 11:33:04,662 Image Number:13	Target Label:1	Top-5 predictions:0	9	4	5	3

2026-07-23 11:33:04,663 Image Number:14	Target Label:1	Top-5 predictions:0	4	9	5	2

2026-07-23 11:33:04,663 Image Number:15	Target Label:1	Top-5 predictions:0	4	2	9	1

2026-07-23 11:33:04,663 Image Number:16	Target Label:1	Top-5 predictions:0	5	7	4	6

2026-07-23 11:33:04,663 Image Number:17	Target Label:1	Top-5 predictions:0	9	2	3	4

2026-07-23 11:33:04,663 Image Number:18	Target Label:1	Top-5 predictions:0	1	5	2	4

2026-07-23 11:33:04,663 Image Number:19	Target Label:1	Top-5 predictions:0	3	5	1	8

2026-07-23 11:33:04,663 Image Number:20	Target Label:1	Top-5 predictions:0	9	3	4	5

2026-07-23 11:33:04,663 Image Number:21	Target Label:1	Top-5 predictions:0	3	4	6	2

2026-07-23 11:33:04,663 Image Number:22	Target Label:1	Top-5 predictions:0	5	2	1	6

2026-07-23 11:33:04,664 Image Number:23	Target Label:1	Top-5 predictions:0	9	3	2	1

2026-07-23 11:33:04,664 Image Number:24	Target Label:1	Top-5 predictions:0	2	9	4	3

2026-07-23 11:33:04,664 Image Number:25	Target Label:1	Top-5 predictions:0	5	3	4	1

2026-07-23 11:33:04,664 Image Number:26	Target Label:1	Top-5 predictions:0	2	5	4	8

2026-07-23 11:33:04,664 Image Number:27	Target Label:1	Top-5 predictions:0	5	2	3	4

2026-07-23 11:33:04,664 Image Number:28	Target Label:1	Top-5 predictions:0	4	5	1	2

2026-07-23 11:33:04,664 Image Number:29	Target Label:1	Top-5 predictions:0	2	3	6	5

2026-07-23 11:33:04,664 Image Number:30	Target Label:1	Top-5 predictions:0	5	4	3	9

2026-07-23 11:33:04,664 Image Number:31	Target Label:1	Top-5 predictions:0	1	4	9	2

2026-07-23 11:33:04,665 Image Number:32	Target Label:1	Top-5 predictions:0	2	5	3	1

2026-07-23 11:33:04,665 Image Number:33	Target Label:1	Top-5 predictions:0	2	3	5	9

2026-07-23 11:33:04,665 Image Number:34	Target Label:1	Top-5 predictions:0	2	6	8	4

2026-07-23 11:33:04,665 Image Number:35	Target Label:1	Top-5 predictions:0	4	3	2	5

2026-07-23 11:33:04,665 Image Number:36	Target Label:1	Top-5 predictions:0	1	2	5	9

2026-07-23 11:33:04,665 Image Number:37	Target Label:1	Top-5 predictions:0	5	3	2	4

2026-07-23 11:33:04,665 Image Number:38	Target Label:1	Top-5 predictions:0	5	4	3	2

2026-07-23 11:33:04,665 Image Number:39	Target Label:1	Top-5 predictions:0	9	4	2	5

2026-07-23 11:33:04,665 Image Number:40	Target Label:1	Top-5 predictions:0	2	5	8	4

2026-07-23 11:33:04,666 Image Number:41	Target Label:1	Top-5 predictions:0	4	5	2	3

2026-07-23 11:33:04,666 Image Number:42	Target Label:1	Top-5 predictions:0	4	2	5	9

2026-07-23 11:33:04,666 Image Number:43	Target Label:1	Top-5 predictions:0	5	4	9	2

2026-07-23 11:33:04,666 Image Number:44	Target Label:1	Top-5 predictions:0	2	4	1	5

2026-07-23 11:33:04,666 Image Number:45	Target Label:1	Top-5 predictions:0	2	4	5	3

2026-07-23 11:33:04,666 Image Number:46	Target Label:1	Top-5 predictions:0	3	4	9	2

2026-07-23 11:33:04,666 Image Number:47	Target Label:1	Top-5 predictions:0	5	2	3	8

2026-07-23 11:33:04,666 Image Number:48	Target Label:1	Top-5 predictions:0	5	4	9	3

2026-07-23 11:33:04,666 Image Number:49	Target Label:1	Top-5 predictions:0	5	4	7	3

2026-07-23 11:33:06,982 Image Number:0	Target Label:1	Top-5 predictions:0	4	8	2	1

2026-07-23 11:33:06,983 Image Number:1	Target Label:1	Top-5 predictions:0	3	4	5	2

2026-07-23 11:33:06,983 Image Number:2	Target Label:1	Top-5 predictions:0	2	5	9	1

2026-07-23 11:33:06,983 Image Number:3	Target Label:1	Top-5 predictions:0	4	5	3	1

2026-07-23 11:33:06,983 Image Number:4	Target Label:1	Top-5 predictions:0	5	4	2	3

2026-07-23 11:33:06,983 Image Number:5	Target Label:1	Top-5 predictions:0	4	5	1	2

2026-07-23 11:33:06,983 Image Number:6	Target Label:1	Top-5 predictions:0	1	2	5	9

2026-07-23 11:33:06,983 Image Number:7	Target Label:1	Top-5 predictions:0	2	5	3	6

2026-07-23 11:33:06,983 Image Number:8	Target Label:1	Top-5 predictions:0	3	4	2	1

2026-07-23 11:33:06,984 Image Number:9	Target Label:1	Top-5 predictions:0	2	3	5	9

2026-07-23 11:33:06,984 Image Number:10	Target Label:1	Top-5 predictions:0	1	9	4	3

2026-07-23 11:33:06,984 Image Number:11	Target Label:1	Top-5 predictions:0	2	4	5	9

2026-07-23 11:33:06,984 Image Number:12	Target Label:1	Top-5 predictions:0	2	5	4	3

2026-07-23 11:33:06,984 Image Number:13	Target Label:1	Top-5 predictions:0	9	4	5	3

2026-07-23 11:33:06,984 Image Number:14	Target Label:1	Top-5 predictions:0	4	9	5	2

2026-07-23 11:33:06,984 Image Number:15	Target Label:1	Top-5 predictions:0	4	2	9	1

2026-07-23 11:33:06,984 Image Number:16	Target Label:1	Top-5 predictions:0	5	7	4	6

2026-07-23 11:33:06,984 Image Number:17	Target Label:1	Top-5 predictions:0	9	2	3	4

2026-07-23 11:33:06,985 Image Number:18	Target Label:1	Top-5 predictions:0	1	5	2	4

2026-07-23 11:33:06,985 Image Number:19	Target Label:1	Top-5 predictions:0	3	5	1	8

2026-07-23 11:33:06,985 Image Number:20	Target Label:1	Top-5 predictions:0	9	3	4	5

2026-07-23 11:33:06,985 Image Number:21	Target Label:1	Top-5 predictions:0	3	4	6	2

2026-07-23 11:33:06,985 Image Number:22	Target Label:1	Top-5 predictions:0	5	2	1	6

2026-07-23 11:33:06,985 Image Number:23	Target Label:1	Top-5 predictions:0	9	3	2	1

2026-07-23 11:33:06,985 Image Number:24	Target Label:1	Top-5 predictions:0	2	9	4	3

2026-07-23 11:33:06,985 Image Number:25	Target Label:1	Top-5 predictions:0	5	3	4	1

2026-07-23 11:33:06,985 Image Number:26	Target Label:1	Top-5 predictions:0	2	5	4	8

2026-07-23 11:33:06,986 Image Number:27	Target Label:1	Top-5 predictions:0	5	2	3	4

2026-07-23 11:33:06,986 Image Number:28	Target Label:1	Top-5 predictions:0	4	5	1	2

2026-07-23 11:33:06,986 Image Number:29	Target Label:1	Top-5 predictions:0	2	3	6	5

2026-07-23 11:33:06,986 Image Number:30	Target Label:1	Top-5 predictions:0	5	4	3	9

2026-07-23 11:33:06,986 Image Number:31	Target Label:1	Top-5 predictions:0	1	4	9	2

2026-07-23 11:33:06,986 Image Number:32	Target Label:1	Top-5 predictions:0	2	5	3	1

2026-07-23 11:33:06,986 Image Number:33	Target Label:1	Top-5 predictions:0	2	3	5	9

2026-07-23 11:33:06,986 Image Number:34	Target Label:1	Top-5 predictions:0	2	6	8	4

2026-07-23 11:33:06,986 Image Number:35	Target Label:1	Top-5 predictions:0	4	3	2	5

2026-07-23 11:33:06,987 Image Number:36	Target Label:1	Top-5 predictions:0	1	2	9	5

2026-07-23 11:33:06,987 Image Number:37	Target Label:1	Top-5 predictions:0	5	3	2	4

2026-07-23 11:33:06,987 Image Number:38	Target Label:1	Top-5 predictions:0	5	4	3	2

2026-07-23 11:33:06,987 Image Number:39	Target Label:1	Top-5 predictions:0	9	4	2	5

2026-07-23 11:33:06,987 Image Number:40	Target Label:1	Top-5 predictions:0	2	5	8	4

2026-07-23 11:33:06,987 Image Number:41	Target Label:1	Top-5 predictions:0	4	5	2	3

2026-07-23 11:33:06,987 Image Number:42	Target Label:1	Top-5 predictions:0	4	2	5	9

2026-07-23 11:33:06,987 Image Number:43	Target Label:1	Top-5 predictions:0	5	4	9	2

2026-07-23 11:33:06,988 Image Number:44	Target Label:1	Top-5 predictions:0	2	4	1	5

2026-07-23 11:33:06,988 Image Number:45	Target Label:1	Top-5 predictions:0	2	4	5	3

2026-07-23 11:33:06,988 Image Number:46	Target Label:1	Top-5 predictions:0	3	4	9	2

2026-07-23 11:33:06,988 Image Number:47	Target Label:1	Top-5 predictions:0	5	2	3	8

2026-07-23 11:33:06,988 Image Number:48	Target Label:1	Top-5 predictions:0	5	4	9	3

2026-07-23 11:33:06,988 Image Number:49	Target Label:1	Top-5 predictions:0	5	4	7	3

2026-07-23 11:33:07,244 train Loss: 0.0322 Acc: 0.9988
2026-07-23 11:33:08,461 test Loss: 0.0368 Acc: 1.0000
2026-07-23 11:33:08,462 Better model found!
2026-07-23 11:33:09,029 notpatched Loss: 6.3700 Acc: 0.0000
2026-07-23 11:33:09,575 patched Loss: 6.4126 Acc: 0.0000
2026-07-23 11:33:09,575 Patched Targeted Attack Success Rate: Mean 0.000
2026-07-23 11:33:09,575 Epoch 4/9
2026-07-23 11:33:09,575 ----------
2026-07-23 11:33:12,437 Image Number:0	Target Label:1	Top-5 predictions:0	4	8	2	1

2026-07-23 11:33:12,437 Image Number:1	Target Label:1	Top-5 predictions:0	3	4	5	2

2026-07-23 11:33:12,437 Image Number:2	Target Label:1	Top-5 predictions:0	2	5	9	1

2026-07-23 11:33:12,437 Image Number:3	Target Label:1	Top-5 predictions:0	4	5	3	1

2026-07-23 11:33:12,438 Image Number:4	Target Label:1	Top-5 predictions:0	5	2	4	3

2026-07-23 11:33:12,438 Image Number:5	Target Label:1	Top-5 predictions:0	4	5	1	2

2026-07-23 11:33:12,438 Image Number:6	Target Label:1	Top-5 predictions:0	1	2	5	9

2026-07-23 11:33:12,438 Image Number:7	Target Label:1	Top-5 predictions:0	2	5	3	6

2026-07-23 11:33:12,438 Image Number:8	Target Label:1	Top-5 predictions:0	3	4	2	1

2026-07-23 11:33:12,438 Image Number:9	Target Label:1	Top-5 predictions:0	2	3	5	9

2026-07-23 11:33:12,438 Image Number:10	Target Label:1	Top-5 predictions:0	1	9	4	3

2026-07-23 11:33:12,438 Image Number:11	Target Label:1	Top-5 predictions:0	2	4	5	9

2026-07-23 11:33:12,438 Image Number:12	Target Label:1	Top-5 predictions:0	2	5	4	3

2026-07-23 11:33:12,439 Image Number:13	Target Label:1	Top-5 predictions:0	9	4	5	3

2026-07-23 11:33:12,439 Image Number:14	Target Label:1	Top-5 predictions:0	4	9	5	2

2026-07-23 11:33:12,439 Image Number:15	Target Label:1	Top-5 predictions:0	4	2	9	1

2026-07-23 11:33:12,439 Image Number:16	Target Label:1	Top-5 predictions:0	5	7	4	6

2026-07-23 11:33:12,439 Image Number:17	Target Label:1	Top-5 predictions:0	9	2	3	4

2026-07-23 11:33:12,439 Image Number:18	Target Label:1	Top-5 predictions:0	1	5	2	4

2026-07-23 11:33:12,439 Image Number:19	Target Label:1	Top-5 predictions:0	3	5	8	1

2026-07-23 11:33:12,439 Image Number:20	Target Label:1	Top-5 predictions:0	9	3	4	5

2026-07-23 11:33:12,439 Image Number:21	Target Label:1	Top-5 predictions:0	3	4	6	2

2026-07-23 11:33:12,440 Image Number:22	Target Label:1	Top-5 predictions:0	5	2	1	6

2026-07-23 11:33:12,440 Image Number:23	Target Label:1	Top-5 predictions:0	9	3	2	1

2026-07-23 11:33:12,440 Image Number:24	Target Label:1	Top-5 predictions:0	2	9	3	4

2026-07-23 11:33:12,440 Image Number:25	Target Label:1	Top-5 predictions:0	5	3	4	1

2026-07-23 11:33:12,440 Image Number:26	Target Label:1	Top-5 predictions:0	2	5	4	8

2026-07-23 11:33:12,440 Image Number:27	Target Label:1	Top-5 predictions:0	5	2	3	6

2026-07-23 11:33:12,440 Image Number:28	Target Label:1	Top-5 predictions:0	4	5	1	2

2026-07-23 11:33:12,440 Image Number:29	Target Label:1	Top-5 predictions:0	2	3	6	5

2026-07-23 11:33:12,440 Image Number:30	Target Label:1	Top-5 predictions:0	5	4	3	9

2026-07-23 11:33:12,441 Image Number:31	Target Label:1	Top-5 predictions:0	1	4	9	2

2026-07-23 11:33:12,441 Image Number:32	Target Label:1	Top-5 predictions:0	2	5	3	1

2026-07-23 11:33:12,441 Image Number:33	Target Label:1	Top-5 predictions:0	2	3	5	9

2026-07-23 11:33:12,441 Image Number:34	Target Label:1	Top-5 predictions:0	2	6	8	4

2026-07-23 11:33:12,441 Image Number:35	Target Label:1	Top-5 predictions:0	4	3	2	5

2026-07-23 11:33:12,441 Image Number:36	Target Label:1	Top-5 predictions:0	1	2	9	5

2026-07-23 11:33:12,441 Image Number:37	Target Label:1	Top-5 predictions:0	5	3	2	4

2026-07-23 11:33:12,441 Image Number:38	Target Label:1	Top-5 predictions:0	5	4	3	2

2026-07-23 11:33:12,442 Image Number:39	Target Label:1	Top-5 predictions:0	9	4	2	5

2026-07-23 11:33:12,442 Image Number:40	Target Label:1	Top-5 predictions:0	2	5	8	4

2026-07-23 11:33:12,442 Image Number:41	Target Label:1	Top-5 predictions:0	4	5	2	3

2026-07-23 11:33:12,442 Image Number:42	Target Label:1	Top-5 predictions:0	4	2	5	9

2026-07-23 11:33:12,442 Image Number:43	Target Label:1	Top-5 predictions:0	5	4	9	2

2026-07-23 11:33:12,442 Image Number:44	Target Label:1	Top-5 predictions:0	2	4	1	5

2026-07-23 11:33:12,442 Image Number:45	Target Label:1	Top-5 predictions:0	2	4	5	3

2026-07-23 11:33:12,442 Image Number:46	Target Label:1	Top-5 predictions:0	3	4	9	2

2026-07-23 11:33:12,442 Image Number:47	Target Label:1	Top-5 predictions:0	5	2	3	8

2026-07-23 11:33:12,443 Image Number:48	Target Label:1	Top-5 predictions:0	5	4	9	3

2026-07-23 11:33:12,443 Image Number:49	Target Label:1	Top-5 predictions:0	5	4	7	3

2026-07-23 11:33:14,790 Image Number:0	Target Label:1	Top-5 predictions:0	4	8	2	1

2026-07-23 11:33:14,791 Image Number:1	Target Label:1	Top-5 predictions:0	3	4	5	2

2026-07-23 11:33:14,791 Image Number:2	Target Label:1	Top-5 predictions:0	2	5	9	1

2026-07-23 11:33:14,791 Image Number:3	Target Label:1	Top-5 predictions:0	4	5	3	1

2026-07-23 11:33:14,791 Image Number:4	Target Label:1	Top-5 predictions:0	5	2	4	3

2026-07-23 11:33:14,791 Image Number:5	Target Label:1	Top-5 predictions:0	4	5	1	2

2026-07-23 11:33:14,791 Image Number:6	Target Label:1	Top-5 predictions:0	1	2	5	9

2026-07-23 11:33:14,792 Image Number:7	Target Label:1	Top-5 predictions:0	2	5	6	3

2026-07-23 11:33:14,792 Image Number:8	Target Label:1	Top-5 predictions:0	3	4	2	1

2026-07-23 11:33:14,792 Image Number:9	Target Label:1	Top-5 predictions:0	2	3	5	9

2026-07-23 11:33:14,792 Image Number:10	Target Label:1	Top-5 predictions:0	1	9	3	4

2026-07-23 11:33:14,792 Image Number:11	Target Label:1	Top-5 predictions:0	2	4	5	9

2026-07-23 11:33:14,792 Image Number:12	Target Label:1	Top-5 predictions:0	2	5	4	3

2026-07-23 11:33:14,792 Image Number:13	Target Label:1	Top-5 predictions:0	9	4	5	3

2026-07-23 11:33:14,792 Image Number:14	Target Label:1	Top-5 predictions:0	4	9	5	2

2026-07-23 11:33:14,792 Image Number:15	Target Label:1	Top-5 predictions:0	4	2	9	1

2026-07-23 11:33:14,793 Image Number:16	Target Label:1	Top-5 predictions:0	5	7	6	4

2026-07-23 11:33:14,793 Image Number:17	Target Label:1	Top-5 predictions:0	9	2	3	4

2026-07-23 11:33:14,793 Image Number:18	Target Label:1	Top-5 predictions:0	1	5	2	4

2026-07-23 11:33:14,793 Image Number:19	Target Label:1	Top-5 predictions:0	3	5	1	8

2026-07-23 11:33:14,793 Image Number:20	Target Label:1	Top-5 predictions:0	9	3	4	5

2026-07-23 11:33:14,793 Image Number:21	Target Label:1	Top-5 predictions:0	3	4	6	2

2026-07-23 11:33:14,793 Image Number:22	Target Label:1	Top-5 predictions:0	5	2	1	6

2026-07-23 11:33:14,793 Image Number:23	Target Label:1	Top-5 predictions:0	9	3	2	1

2026-07-23 11:33:14,793 Image Number:24	Target Label:1	Top-5 predictions:0	2	9	3	4

2026-07-23 11:33:14,794 Image Number:25	Target Label:1	Top-5 predictions:0	5	3	4	1

2026-07-23 11:33:14,794 Image Number:26	Target Label:1	Top-5 predictions:0	2	5	4	8

2026-07-23 11:33:14,794 Image Number:27	Target Label:1	Top-5 predictions:0	5	2	3	6

2026-07-23 11:33:14,794 Image Number:28	Target Label:1	Top-5 predictions:0	4	5	1	2

2026-07-23 11:33:14,794 Image Number:29	Target Label:1	Top-5 predictions:0	2	3	6	5

2026-07-23 11:33:14,794 Image Number:30	Target Label:1	Top-5 predictions:0	5	4	3	9

2026-07-23 11:33:14,794 Image Number:31	Target Label:1	Top-5 predictions:0	1	4	9	2

2026-07-23 11:33:14,794 Image Number:32	Target Label:1	Top-5 predictions:0	2	5	3	1

2026-07-23 11:33:14,794 Image Number:33	Target Label:1	Top-5 predictions:0	2	3	5	9

2026-07-23 11:33:14,795 Image Number:34	Target Label:1	Top-5 predictions:0	2	6	8	4

2026-07-23 11:33:14,795 Image Number:35	Target Label:1	Top-5 predictions:0	4	3	2	5

2026-07-23 11:33:14,795 Image Number:36	Target Label:1	Top-5 predictions:0	1	2	9	5

2026-07-23 11:33:14,795 Image Number:37	Target Label:1	Top-5 predictions:0	5	3	2	4

2026-07-23 11:33:14,795 Image Number:38	Target Label:1	Top-5 predictions:0	5	4	3	2

2026-07-23 11:33:14,795 Image Number:39	Target Label:1	Top-5 predictions:0	9	4	2	5

2026-07-23 11:33:14,795 Image Number:40	Target Label:1	Top-5 predictions:0	2	8	5	4

2026-07-23 11:33:14,795 Image Number:41	Target Label:1	Top-5 predictions:0	4	5	2	3

2026-07-23 11:33:14,795 Image Number:42	Target Label:1	Top-5 predictions:0	4	2	5	9

2026-07-23 11:33:14,796 Image Number:43	Target Label:1	Top-5 predictions:0	5	4	9	2

2026-07-23 11:33:14,796 Image Number:44	Target Label:1	Top-5 predictions:0	2	4	1	5

2026-07-23 11:33:14,796 Image Number:45	Target Label:1	Top-5 predictions:0	2	4	5	3

2026-07-23 11:33:14,796 Image Number:46	Target Label:1	Top-5 predictions:0	3	4	9	2

2026-07-23 11:33:14,796 Image Number:47	Target Label:1	Top-5 predictions:0	5	2	3	8

2026-07-23 11:33:14,796 Image Number:48	Target Label:1	Top-5 predictions:0	5	4	9	3

2026-07-23 11:33:14,796 Image Number:49	Target Label:1	Top-5 predictions:0	5	4	7	3

2026-07-23 11:33:17,172 Image Number:0	Target Label:1	Top-5 predictions:0	4	8	2	1

2026-07-23 11:33:17,172 Image Number:1	Target Label:1	Top-5 predictions:0	3	4	5	2

2026-07-23 11:33:17,172 Image Number:2	Target Label:1	Top-5 predictions:0	2	5	9	1

2026-07-23 11:33:17,172 Image Number:3	Target Label:1	Top-5 predictions:0	4	5	3	1

2026-07-23 11:33:17,172 Image Number:4	Target Label:1	Top-5 predictions:0	5	2	4	3

2026-07-23 11:33:17,172 Image Number:5	Target Label:1	Top-5 predictions:0	4	5	1	2

2026-07-23 11:33:17,173 Image Number:6	Target Label:1	Top-5 predictions:0	1	2	5	9

2026-07-23 11:33:17,173 Image Number:7	Target Label:1	Top-5 predictions:0	2	5	6	3

2026-07-23 11:33:17,173 Image Number:8	Target Label:1	Top-5 predictions:0	3	4	2	1

2026-07-23 11:33:17,173 Image Number:9	Target Label:1	Top-5 predictions:0	2	3	5	9

2026-07-23 11:33:17,173 Image Number:10	Target Label:1	Top-5 predictions:0	1	9	4	3

2026-07-23 11:33:17,173 Image Number:11	Target Label:1	Top-5 predictions:0	2	4	5	9

2026-07-23 11:33:17,174 Image Number:12	Target Label:1	Top-5 predictions:0	2	5	4	3

2026-07-23 11:33:17,174 Image Number:13	Target Label:1	Top-5 predictions:0	9	4	5	3

2026-07-23 11:33:17,174 Image Number:14	Target Label:1	Top-5 predictions:0	4	9	5	2

2026-07-23 11:33:17,174 Image Number:15	Target Label:1	Top-5 predictions:0	4	2	9	1

2026-07-23 11:33:17,174 Image Number:16	Target Label:1	Top-5 predictions:0	5	7	6	4

2026-07-23 11:33:17,174 Image Number:17	Target Label:1	Top-5 predictions:0	9	2	3	4

2026-07-23 11:33:17,174 Image Number:18	Target Label:1	Top-5 predictions:0	1	5	2	4

2026-07-23 11:33:17,174 Image Number:19	Target Label:1	Top-5 predictions:0	3	5	1	8

2026-07-23 11:33:17,174 Image Number:20	Target Label:1	Top-5 predictions:0	9	3	4	5

2026-07-23 11:33:17,175 Image Number:21	Target Label:1	Top-5 predictions:0	3	4	6	2

2026-07-23 11:33:17,175 Image Number:22	Target Label:1	Top-5 predictions:0	5	2	1	6

2026-07-23 11:33:17,175 Image Number:23	Target Label:1	Top-5 predictions:0	9	3	2	1

2026-07-23 11:33:17,175 Image Number:24	Target Label:1	Top-5 predictions:0	2	9	3	4

2026-07-23 11:33:17,175 Image Number:25	Target Label:1	Top-5 predictions:0	5	3	4	1

2026-07-23 11:33:17,175 Image Number:26	Target Label:1	Top-5 predictions:0	2	4	5	8

2026-07-23 11:33:17,175 Image Number:27	Target Label:1	Top-5 predictions:0	2	5	3	6

2026-07-23 11:33:17,175 Image Number:28	Target Label:1	Top-5 predictions:0	4	1	5	2

2026-07-23 11:33:17,175 Image Number:29	Target Label:1	Top-5 predictions:0	2	3	6	5

2026-07-23 11:33:17,176 Image Number:30	Target Label:1	Top-5 predictions:0	5	4	3	9

2026-07-23 11:33:17,176 Image Number:31	Target Label:1	Top-5 predictions:0	1	4	9	2

2026-07-23 11:33:17,176 Image Number:32	Target Label:1	Top-5 predictions:0	2	5	3	1

2026-07-23 11:33:17,176 Image Number:33	Target Label:1	Top-5 predictions:0	2	3	5	9

2026-07-23 11:33:17,176 Image Number:34	Target Label:1	Top-5 predictions:0	2	6	8	4

2026-07-23 11:33:17,176 Image Number:35	Target Label:1	Top-5 predictions:0	4	3	2	5

2026-07-23 11:33:17,176 Image Number:36	Target Label:1	Top-5 predictions:0	1	2	9	5

2026-07-23 11:33:17,176 Image Number:37	Target Label:1	Top-5 predictions:0	5	3	2	4

2026-07-23 11:33:17,177 Image Number:38	Target Label:1	Top-5 predictions:0	5	4	3	2

2026-07-23 11:33:17,177 Image Number:39	Target Label:1	Top-5 predictions:0	9	4	2	5

2026-07-23 11:33:17,177 Image Number:40	Target Label:1	Top-5 predictions:0	2	8	5	4

2026-07-23 11:33:17,177 Image Number:41	Target Label:1	Top-5 predictions:0	4	5	2	3

2026-07-23 11:33:17,177 Image Number:42	Target Label:1	Top-5 predictions:0	4	2	5	9

2026-07-23 11:33:17,177 Image Number:43	Target Label:1	Top-5 predictions:0	5	4	9	2

2026-07-23 11:33:17,177 Image Number:44	Target Label:1	Top-5 predictions:0	2	4	1	5

2026-07-23 11:33:17,177 Image Number:45	Target Label:1	Top-5 predictions:0	2	4	5	3

2026-07-23 11:33:17,177 Image Number:46	Target Label:1	Top-5 predictions:0	3	4	9	2

2026-07-23 11:33:17,178 Image Number:47	Target Label:1	Top-5 predictions:0	5	2	3	8

2026-07-23 11:33:17,178 Image Number:48	Target Label:1	Top-5 predictions:0	5	4	9	3

2026-07-23 11:33:17,178 Image Number:49	Target Label:1	Top-5 predictions:0	5	4	7	3

2026-07-23 11:33:19,550 Image Number:0	Target Label:1	Top-5 predictions:0	4	8	2	1

2026-07-23 11:33:19,551 Image Number:1	Target Label:1	Top-5 predictions:0	3	4	5	2

2026-07-23 11:33:19,551 Image Number:2	Target Label:1	Top-5 predictions:0	2	5	9	1

2026-07-23 11:33:19,551 Image Number:3	Target Label:1	Top-5 predictions:0	4	3	5	1

2026-07-23 11:33:19,551 Image Number:4	Target Label:1	Top-5 predictions:0	5	4	2	3

2026-07-23 11:33:19,551 Image Number:5	Target Label:1	Top-5 predictions:0	4	5	1	2

2026-07-23 11:33:19,551 Image Number:6	Target Label:1	Top-5 predictions:0	1	2	5	9

2026-07-23 11:33:19,551 Image Number:7	Target Label:1	Top-5 predictions:0	2	5	6	3

2026-07-23 11:33:19,551 Image Number:8	Target Label:1	Top-5 predictions:0	3	4	2	1

2026-07-23 11:33:19,552 Image Number:9	Target Label:1	Top-5 predictions:0	2	3	5	9

2026-07-23 11:33:19,552 Image Number:10	Target Label:1	Top-5 predictions:0	1	9	4	3

2026-07-23 11:33:19,552 Image Number:11	Target Label:1	Top-5 predictions:0	2	4	5	9

2026-07-23 11:33:19,552 Image Number:12	Target Label:1	Top-5 predictions:0	2	5	4	3

2026-07-23 11:33:19,552 Image Number:13	Target Label:1	Top-5 predictions:0	9	4	5	3

2026-07-23 11:33:19,552 Image Number:14	Target Label:1	Top-5 predictions:0	4	9	5	2

2026-07-23 11:33:19,552 Image Number:15	Target Label:1	Top-5 predictions:0	4	2	9	1

2026-07-23 11:33:19,552 Image Number:16	Target Label:1	Top-5 predictions:0	5	7	6	4

2026-07-23 11:33:19,553 Image Number:17	Target Label:1	Top-5 predictions:0	9	2	3	4

2026-07-23 11:33:19,553 Image Number:18	Target Label:1	Top-5 predictions:0	1	5	2	4

2026-07-23 11:33:19,553 Image Number:19	Target Label:1	Top-5 predictions:0	3	5	1	8

2026-07-23 11:33:19,553 Image Number:20	Target Label:1	Top-5 predictions:0	9	3	4	5

2026-07-23 11:33:19,553 Image Number:21	Target Label:1	Top-5 predictions:0	3	4	6	2

2026-07-23 11:33:19,553 Image Number:22	Target Label:1	Top-5 predictions:0	5	2	1	6

2026-07-23 11:33:19,553 Image Number:23	Target Label:1	Top-5 predictions:0	9	3	2	1

2026-07-23 11:33:19,553 Image Number:24	Target Label:1	Top-5 predictions:0	2	9	3	4

2026-07-23 11:33:19,553 Image Number:25	Target Label:1	Top-5 predictions:0	5	3	4	1

2026-07-23 11:33:19,554 Image Number:26	Target Label:1	Top-5 predictions:0	2	4	5	8

2026-07-23 11:33:19,554 Image Number:27	Target Label:1	Top-5 predictions:0	2	5	3	6

2026-07-23 11:33:19,554 Image Number:28	Target Label:1	Top-5 predictions:0	4	1	5	2

2026-07-23 11:33:19,554 Image Number:29	Target Label:1	Top-5 predictions:0	2	3	6	5

2026-07-23 11:33:19,554 Image Number:30	Target Label:1	Top-5 predictions:0	5	4	3	9

2026-07-23 11:33:19,554 Image Number:31	Target Label:1	Top-5 predictions:0	1	4	9	2

2026-07-23 11:33:19,554 Image Number:32	Target Label:1	Top-5 predictions:0	2	5	3	1

2026-07-23 11:33:19,554 Image Number:33	Target Label:1	Top-5 predictions:0	2	3	5	9

2026-07-23 11:33:19,554 Image Number:34	Target Label:1	Top-5 predictions:0	2	6	8	4

2026-07-23 11:33:19,555 Image Number:35	Target Label:1	Top-5 predictions:0	4	3	2	5

2026-07-23 11:33:19,555 Image Number:36	Target Label:1	Top-5 predictions:0	1	2	9	5

2026-07-23 11:33:19,555 Image Number:37	Target Label:1	Top-5 predictions:0	5	3	2	4

2026-07-23 11:33:19,555 Image Number:38	Target Label:1	Top-5 predictions:0	5	4	3	2

2026-07-23 11:33:19,555 Image Number:39	Target Label:1	Top-5 predictions:0	9	4	2	5

2026-07-23 11:33:19,555 Image Number:40	Target Label:1	Top-5 predictions:0	2	8	5	4

2026-07-23 11:33:19,555 Image Number:41	Target Label:1	Top-5 predictions:0	4	5	2	3

2026-07-23 11:33:19,555 Image Number:42	Target Label:1	Top-5 predictions:0	4	2	9	5

2026-07-23 11:33:19,555 Image Number:43	Target Label:1	Top-5 predictions:0	5	4	9	2

2026-07-23 11:33:19,556 Image Number:44	Target Label:1	Top-5 predictions:0	2	4	1	5

2026-07-23 11:33:19,556 Image Number:45	Target Label:1	Top-5 predictions:0	2	4	5	3

2026-07-23 11:33:19,556 Image Number:46	Target Label:1	Top-5 predictions:0	3	4	9	2

2026-07-23 11:33:19,556 Image Number:47	Target Label:1	Top-5 predictions:0	5	2	3	8

2026-07-23 11:33:19,556 Image Number:48	Target Label:1	Top-5 predictions:0	5	4	9	3

2026-07-23 11:33:19,556 Image Number:49	Target Label:1	Top-5 predictions:0	5	4	7	3

2026-07-23 11:33:21,878 Image Number:0	Target Label:1	Top-5 predictions:0	4	8	2	1

2026-07-23 11:33:21,878 Image Number:1	Target Label:1	Top-5 predictions:0	3	4	5	2

2026-07-23 11:33:21,878 Image Number:2	Target Label:1	Top-5 predictions:0	2	5	9	1

2026-07-23 11:33:21,879 Image Number:3	Target Label:1	Top-5 predictions:0	4	3	5	1

2026-07-23 11:33:21,879 Image Number:4	Target Label:1	Top-5 predictions:0	4	5	2	3

2026-07-23 11:33:21,879 Image Number:5	Target Label:1	Top-5 predictions:0	4	5	1	2

2026-07-23 11:33:21,879 Image Number:6	Target Label:1	Top-5 predictions:0	1	2	5	9

2026-07-23 11:33:21,879 Image Number:7	Target Label:1	Top-5 predictions:0	2	5	6	3

2026-07-23 11:33:21,879 Image Number:8	Target Label:1	Top-5 predictions:0	3	4	2	1

2026-07-23 11:33:21,879 Image Number:9	Target Label:1	Top-5 predictions:0	2	3	5	9

2026-07-23 11:33:21,879 Image Number:10	Target Label:1	Top-5 predictions:0	1	9	3	4

2026-07-23 11:33:21,879 Image Number:11	Target Label:1	Top-5 predictions:0	2	4	5	9

2026-07-23 11:33:21,880 Image Number:12	Target Label:1	Top-5 predictions:0	2	5	4	3

2026-07-23 11:33:21,880 Image Number:13	Target Label:1	Top-5 predictions:0	9	4	5	3

2026-07-23 11:33:21,880 Image Number:14	Target Label:1	Top-5 predictions:0	4	9	5	2

2026-07-23 11:33:21,880 Image Number:15	Target Label:1	Top-5 predictions:0	4	2	9	1

2026-07-23 11:33:21,880 Image Number:16	Target Label:1	Top-5 predictions:0	5	7	6	4

2026-07-23 11:33:21,880 Image Number:17	Target Label:1	Top-5 predictions:0	9	2	3	4

2026-07-23 11:33:21,880 Image Number:18	Target Label:1	Top-5 predictions:0	1	5	2	4

2026-07-23 11:33:21,880 Image Number:19	Target Label:1	Top-5 predictions:0	3	5	1	8

2026-07-23 11:33:21,880 Image Number:20	Target Label:1	Top-5 predictions:0	9	3	4	5

2026-07-23 11:33:21,881 Image Number:21	Target Label:1	Top-5 predictions:0	3	4	6	2

2026-07-23 11:33:21,881 Image Number:22	Target Label:1	Top-5 predictions:0	5	2	1	6

2026-07-23 11:33:21,881 Image Number:23	Target Label:1	Top-5 predictions:0	9	3	2	1

2026-07-23 11:33:21,881 Image Number:24	Target Label:1	Top-5 predictions:0	2	9	3	4

2026-07-23 11:33:21,881 Image Number:25	Target Label:1	Top-5 predictions:0	5	3	4	1

2026-07-23 11:33:21,881 Image Number:26	Target Label:1	Top-5 predictions:0	2	4	5	8

2026-07-23 11:33:21,881 Image Number:27	Target Label:1	Top-5 predictions:0	2	5	3	6

2026-07-23 11:33:21,881 Image Number:28	Target Label:1	Top-5 predictions:0	4	1	5	2

2026-07-23 11:33:21,881 Image Number:29	Target Label:1	Top-5 predictions:0	2	3	6	5

2026-07-23 11:33:21,882 Image Number:30	Target Label:1	Top-5 predictions:0	5	4	3	9

2026-07-23 11:33:21,882 Image Number:31	Target Label:1	Top-5 predictions:0	1	4	9	2

2026-07-23 11:33:21,882 Image Number:32	Target Label:1	Top-5 predictions:0	2	5	3	1

2026-07-23 11:33:21,882 Image Number:33	Target Label:1	Top-5 predictions:0	2	3	5	9

2026-07-23 11:33:21,882 Image Number:34	Target Label:1	Top-5 predictions:0	2	6	8	4

2026-07-23 11:33:21,882 Image Number:35	Target Label:1	Top-5 predictions:0	4	3	2	5

2026-07-23 11:33:21,882 Image Number:36	Target Label:1	Top-5 predictions:0	1	2	9	5

2026-07-23 11:33:21,882 Image Number:37	Target Label:1	Top-5 predictions:0	5	3	2	4

2026-07-23 11:33:21,882 Image Number:38	Target Label:1	Top-5 predictions:0	5	4	3	2

2026-07-23 11:33:21,883 Image Number:39	Target Label:1	Top-5 predictions:0	9	4	2	5

2026-07-23 11:33:21,883 Image Number:40	Target Label:1	Top-5 predictions:0	2	8	5	4

2026-07-23 11:33:21,883 Image Number:41	Target Label:1	Top-5 predictions:0	4	5	2	3

2026-07-23 11:33:21,883 Image Number:42	Target Label:1	Top-5 predictions:0	4	2	9	5

2026-07-23 11:33:21,883 Image Number:43	Target Label:1	Top-5 predictions:0	5	4	9	2

2026-07-23 11:33:21,883 Image Number:44	Target Label:1	Top-5 predictions:0	2	4	1	5

2026-07-23 11:33:21,883 Image Number:45	Target Label:1	Top-5 predictions:0	2	4	5	3

2026-07-23 11:33:21,883 Image Number:46	Target Label:1	Top-5 predictions:0	3	4	9	2

2026-07-23 11:33:21,884 Image Number:47	Target Label:1	Top-5 predictions:0	5	2	3	8

2026-07-23 11:33:21,884 Image Number:48	Target Label:1	Top-5 predictions:0	5	4	9	3

2026-07-23 11:33:21,884 Image Number:49	Target Label:1	Top-5 predictions:0	5	4	7	3

2026-07-23 11:33:22,139 train Loss: 0.0260 Acc: 0.9989
2026-07-23 11:33:23,347 test Loss: 0.0311 Acc: 1.0000
2026-07-23 11:33:23,347 Better model found!
2026-07-23 11:33:23,912 notpatched Loss: 6.6085 Acc: 0.0000
2026-07-23 11:33:24,459 patched Loss: 6.6459 Acc: 0.0000
2026-07-23 11:33:24,459 Patched Targeted Attack Success Rate: Mean 0.000
2026-07-23 11:33:24,459 Epoch 5/9
2026-07-23 11:33:24,459 ----------
2026-07-23 11:33:27,375 Image Number:0	Target Label:1	Top-5 predictions:0	4	8	2	1

2026-07-23 11:33:27,375 Image Number:1	Target Label:1	Top-5 predictions:0	3	4	5	2

2026-07-23 11:33:27,375 Image Number:2	Target Label:1	Top-5 predictions:0	2	5	9	1

2026-07-23 11:33:27,375 Image Number:3	Target Label:1	Top-5 predictions:0	4	3	5	1

2026-07-23 11:33:27,375 Image Number:4	Target Label:1	Top-5 predictions:0	4	5	2	3

2026-07-23 11:33:27,375 Image Number:5	Target Label:1	Top-5 predictions:0	4	5	1	2

2026-07-23 11:33:27,376 Image Number:6	Target Label:1	Top-5 predictions:0	1	2	5	9

2026-07-23 11:33:27,376 Image Number:7	Target Label:1	Top-5 predictions:0	2	5	6	1

2026-07-23 11:33:27,376 Image Number:8	Target Label:1	Top-5 predictions:0	3	4	2	1

2026-07-23 11:33:27,376 Image Number:9	Target Label:1	Top-5 predictions:0	2	3	5	9

2026-07-23 11:33:27,376 Image Number:10	Target Label:1	Top-5 predictions:0	1	9	3	4

2026-07-23 11:33:27,376 Image Number:11	Target Label:1	Top-5 predictions:0	2	4	5	9

2026-07-23 11:33:27,376 Image Number:12	Target Label:1	Top-5 predictions:0	2	5	4	3

2026-07-23 11:33:27,376 Image Number:13	Target Label:1	Top-5 predictions:0	9	4	5	3

2026-07-23 11:33:27,376 Image Number:14	Target Label:1	Top-5 predictions:0	4	9	5	2

2026-07-23 11:33:27,377 Image Number:15	Target Label:1	Top-5 predictions:0	4	2	9	1

2026-07-23 11:33:27,377 Image Number:16	Target Label:1	Top-5 predictions:0	5	7	6	4

2026-07-23 11:33:27,377 Image Number:17	Target Label:1	Top-5 predictions:0	9	2	3	4

2026-07-23 11:33:27,377 Image Number:18	Target Label:1	Top-5 predictions:0	1	5	2	9

2026-07-23 11:33:27,377 Image Number:19	Target Label:1	Top-5 predictions:0	3	5	1	8

2026-07-23 11:33:27,377 Image Number:20	Target Label:1	Top-5 predictions:0	9	3	4	5

2026-07-23 11:33:27,377 Image Number:21	Target Label:1	Top-5 predictions:0	3	4	6	2

2026-07-23 11:33:27,377 Image Number:22	Target Label:1	Top-5 predictions:0	5	2	1	6

2026-07-23 11:33:27,378 Image Number:23	Target Label:1	Top-5 predictions:0	9	3	2	1

2026-07-23 11:33:27,378 Image Number:24	Target Label:1	Top-5 predictions:0	2	9	3	4

2026-07-23 11:33:27,378 Image Number:25	Target Label:1	Top-5 predictions:0	5	3	1	4

2026-07-23 11:33:27,378 Image Number:26	Target Label:1	Top-5 predictions:0	2	4	5	8

2026-07-23 11:33:27,378 Image Number:27	Target Label:1	Top-5 predictions:0	2	5	3	6

2026-07-23 11:33:27,378 Image Number:28	Target Label:1	Top-5 predictions:0	4	1	5	2

2026-07-23 11:33:27,378 Image Number:29	Target Label:1	Top-5 predictions:0	2	3	6	5

2026-07-23 11:33:27,378 Image Number:30	Target Label:1	Top-5 predictions:0	5	4	3	9

2026-07-23 11:33:27,378 Image Number:31	Target Label:1	Top-5 predictions:0	1	4	9	2

2026-07-23 11:33:27,379 Image Number:32	Target Label:1	Top-5 predictions:0	2	5	3	1

2026-07-23 11:33:27,379 Image Number:33	Target Label:1	Top-5 predictions:0	2	3	5	9

2026-07-23 11:33:27,379 Image Number:34	Target Label:1	Top-5 predictions:0	2	6	8	4

2026-07-23 11:33:27,379 Image Number:35	Target Label:1	Top-5 predictions:0	4	3	2	5

2026-07-23 11:33:27,379 Image Number:36	Target Label:1	Top-5 predictions:0	1	2	9	5

2026-07-23 11:33:27,379 Image Number:37	Target Label:1	Top-5 predictions:0	5	3	2	4

2026-07-23 11:33:27,379 Image Number:38	Target Label:1	Top-5 predictions:0	5	4	3	2

2026-07-23 11:33:27,379 Image Number:39	Target Label:1	Top-5 predictions:0	9	4	2	5

2026-07-23 11:33:27,379 Image Number:40	Target Label:1	Top-5 predictions:0	2	8	5	4

2026-07-23 11:33:27,380 Image Number:41	Target Label:1	Top-5 predictions:0	4	5	2	3

2026-07-23 11:33:27,380 Image Number:42	Target Label:1	Top-5 predictions:0	4	2	9	5

2026-07-23 11:33:27,380 Image Number:43	Target Label:1	Top-5 predictions:0	5	4	9	2

2026-07-23 11:33:27,380 Image Number:44	Target Label:1	Top-5 predictions:0	2	4	1	5

2026-07-23 11:33:27,380 Image Number:45	Target Label:1	Top-5 predictions:0	2	4	5	3

2026-07-23 11:33:27,380 Image Number:46	Target Label:1	Top-5 predictions:0	3	9	4	2

2026-07-23 11:33:27,380 Image Number:47	Target Label:1	Top-5 predictions:0	5	2	3	8

2026-07-23 11:33:27,380 Image Number:48	Target Label:1	Top-5 predictions:0	5	4	9	3

2026-07-23 11:33:27,380 Image Number:49	Target Label:1	Top-5 predictions:0	5	4	7	3

2026-07-23 11:33:29,764 Image Number:0	Target Label:1	Top-5 predictions:0	4	8	2	1

2026-07-23 11:33:29,765 Image Number:1	Target Label:1	Top-5 predictions:0	3	4	5	2

2026-07-23 11:33:29,765 Image Number:2	Target Label:1	Top-5 predictions:0	2	5	9	1

2026-07-23 11:33:29,765 Image Number:3	Target Label:1	Top-5 predictions:0	4	3	5	1

2026-07-23 11:33:29,765 Image Number:4	Target Label:1	Top-5 predictions:0	4	5	2	3

2026-07-23 11:33:29,765 Image Number:5	Target Label:1	Top-5 predictions:0	4	5	1	2

2026-07-23 11:33:29,765 Image Number:6	Target Label:1	Top-5 predictions:0	1	2	5	9

2026-07-23 11:33:29,765 Image Number:7	Target Label:1	Top-5 predictions:0	2	5	6	1

2026-07-23 11:33:29,765 Image Number:8	Target Label:1	Top-5 predictions:0	3	4	2	1

2026-07-23 11:33:29,766 Image Number:9	Target Label:1	Top-5 predictions:0	2	3	5	9

2026-07-23 11:33:29,766 Image Number:10	Target Label:1	Top-5 predictions:0	1	9	3	4

2026-07-23 11:33:29,766 Image Number:11	Target Label:1	Top-5 predictions:0	2	4	5	9

2026-07-23 11:33:29,766 Image Number:12	Target Label:1	Top-5 predictions:0	2	5	4	3

2026-07-23 11:33:29,766 Image Number:13	Target Label:1	Top-5 predictions:0	9	4	5	3

2026-07-23 11:33:29,766 Image Number:14	Target Label:1	Top-5 predictions:0	4	9	5	2

2026-07-23 11:33:29,766 Image Number:15	Target Label:1	Top-5 predictions:0	4	2	9	1

2026-07-23 11:33:29,766 Image Number:16	Target Label:1	Top-5 predictions:0	5	7	6	4

2026-07-23 11:33:29,766 Image Number:17	Target Label:1	Top-5 predictions:0	9	2	3	4

2026-07-23 11:33:29,767 Image Number:18	Target Label:1	Top-5 predictions:0	1	5	2	9

2026-07-23 11:33:29,767 Image Number:19	Target Label:1	Top-5 predictions:0	3	5	1	8

2026-07-23 11:33:29,767 Image Number:20	Target Label:1	Top-5 predictions:0	9	3	4	5

2026-07-23 11:33:29,767 Image Number:21	Target Label:1	Top-5 predictions:0	3	4	6	2

2026-07-23 11:33:29,767 Image Number:22	Target Label:1	Top-5 predictions:0	5	2	1	6

2026-07-23 11:33:29,767 Image Number:23	Target Label:1	Top-5 predictions:0	9	3	2	1

2026-07-23 11:33:29,767 Image Number:24	Target Label:1	Top-5 predictions:0	2	9	3	4

2026-07-23 11:33:29,767 Image Number:25	Target Label:1	Top-5 predictions:0	5	3	1	4

2026-07-23 11:33:29,768 Image Number:26	Target Label:1	Top-5 predictions:0	2	4	5	8

2026-07-23 11:33:29,768 Image Number:27	Target Label:1	Top-5 predictions:0	2	5	3	6

2026-07-23 11:33:29,768 Image Number:28	Target Label:1	Top-5 predictions:0	4	1	5	2

2026-07-23 11:33:29,768 Image Number:29	Target Label:1	Top-5 predictions:0	2	3	6	5

2026-07-23 11:33:29,768 Image Number:30	Target Label:1	Top-5 predictions:0	5	4	3	9

2026-07-23 11:33:29,768 Image Number:31	Target Label:1	Top-5 predictions:0	1	4	9	2

2026-07-23 11:33:29,768 Image Number:32	Target Label:1	Top-5 predictions:0	2	5	3	1

2026-07-23 11:33:29,768 Image Number:33	Target Label:1	Top-5 predictions:0	2	3	5	9

2026-07-23 11:33:29,768 Image Number:34	Target Label:1	Top-5 predictions:0	2	6	8	4

2026-07-23 11:33:29,769 Image Number:35	Target Label:1	Top-5 predictions:0	4	3	2	5

2026-07-23 11:33:29,769 Image Number:36	Target Label:1	Top-5 predictions:0	1	2	9	5

2026-07-23 11:33:29,769 Image Number:37	Target Label:1	Top-5 predictions:0	5	3	2	4

2026-07-23 11:33:29,769 Image Number:38	Target Label:1	Top-5 predictions:0	5	4	3	2

2026-07-23 11:33:29,769 Image Number:39	Target Label:1	Top-5 predictions:0	9	4	2	5

2026-07-23 11:33:29,769 Image Number:40	Target Label:1	Top-5 predictions:0	2	8	5	4

2026-07-23 11:33:29,769 Image Number:41	Target Label:1	Top-5 predictions:0	4	5	2	3

2026-07-23 11:33:29,769 Image Number:42	Target Label:1	Top-5 predictions:0	4	2	9	5

2026-07-23 11:33:29,769 Image Number:43	Target Label:1	Top-5 predictions:0	5	4	9	2

2026-07-23 11:33:29,770 Image Number:44	Target Label:1	Top-5 predictions:0	2	4	1	5

2026-07-23 11:33:29,770 Image Number:45	Target Label:1	Top-5 predictions:0	2	4	5	3

2026-07-23 11:33:29,770 Image Number:46	Target Label:1	Top-5 predictions:0	3	9	4	2

2026-07-23 11:33:29,770 Image Number:47	Target Label:1	Top-5 predictions:0	5	2	3	8

2026-07-23 11:33:29,770 Image Number:48	Target Label:1	Top-5 predictions:0	5	4	9	3

2026-07-23 11:33:29,770 Image Number:49	Target Label:1	Top-5 predictions:0	5	4	7	9

2026-07-23 11:33:32,148 Image Number:0	Target Label:1	Top-5 predictions:0	4	8	2	1

2026-07-23 11:33:32,148 Image Number:1	Target Label:1	Top-5 predictions:0	3	4	5	2

2026-07-23 11:33:32,148 Image Number:2	Target Label:1	Top-5 predictions:0	2	5	9	1

2026-07-23 11:33:32,148 Image Number:3	Target Label:1	Top-5 predictions:0	4	3	5	1

2026-07-23 11:33:32,148 Image Number:4	Target Label:1	Top-5 predictions:0	4	5	2	3

2026-07-23 11:33:32,148 Image Number:5	Target Label:1	Top-5 predictions:0	4	5	1	2

2026-07-23 11:33:32,149 Image Number:6	Target Label:1	Top-5 predictions:0	1	2	5	9

2026-07-23 11:33:32,149 Image Number:7	Target Label:1	Top-5 predictions:0	2	5	6	1

2026-07-23 11:33:32,149 Image Number:8	Target Label:1	Top-5 predictions:0	3	4	2	1

2026-07-23 11:33:32,149 Image Number:9	Target Label:1	Top-5 predictions:0	2	3	5	9

2026-07-23 11:33:32,149 Image Number:10	Target Label:1	Top-5 predictions:0	1	9	3	4

2026-07-23 11:33:32,149 Image Number:11	Target Label:1	Top-5 predictions:0	2	4	5	9

2026-07-23 11:33:32,149 Image Number:12	Target Label:1	Top-5 predictions:0	2	5	4	3

2026-07-23 11:33:32,149 Image Number:13	Target Label:1	Top-5 predictions:0	9	4	5	3

2026-07-23 11:33:32,150 Image Number:14	Target Label:1	Top-5 predictions:0	4	9	5	2

2026-07-23 11:33:32,150 Image Number:15	Target Label:1	Top-5 predictions:0	4	2	9	1

2026-07-23 11:33:32,150 Image Number:16	Target Label:1	Top-5 predictions:0	5	7	6	4

2026-07-23 11:33:32,150 Image Number:17	Target Label:1	Top-5 predictions:0	9	2	3	4

2026-07-23 11:33:32,150 Image Number:18	Target Label:1	Top-5 predictions:0	1	5	2	9

2026-07-23 11:33:32,150 Image Number:19	Target Label:1	Top-5 predictions:0	3	5	1	8

2026-07-23 11:33:32,150 Image Number:20	Target Label:1	Top-5 predictions:0	9	3	4	5

2026-07-23 11:33:32,150 Image Number:21	Target Label:1	Top-5 predictions:0	3	4	6	2

2026-07-23 11:33:32,150 Image Number:22	Target Label:1	Top-5 predictions:0	5	2	1	6

2026-07-23 11:33:32,151 Image Number:23	Target Label:1	Top-5 predictions:0	9	3	2	1

2026-07-23 11:33:32,151 Image Number:24	Target Label:1	Top-5 predictions:0	2	9	3	4

2026-07-23 11:33:32,151 Image Number:25	Target Label:1	Top-5 predictions:0	5	3	1	4

2026-07-23 11:33:32,151 Image Number:26	Target Label:1	Top-5 predictions:0	2	4	5	8

2026-07-23 11:33:32,151 Image Number:27	Target Label:1	Top-5 predictions:0	2	5	3	6

2026-07-23 11:33:32,151 Image Number:28	Target Label:1	Top-5 predictions:0	4	1	5	2

2026-07-23 11:33:32,151 Image Number:29	Target Label:1	Top-5 predictions:0	2	3	6	5

2026-07-23 11:33:32,151 Image Number:30	Target Label:1	Top-5 predictions:0	5	4	3	9

2026-07-23 11:33:32,151 Image Number:31	Target Label:1	Top-5 predictions:0	1	4	9	2

2026-07-23 11:33:32,152 Image Number:32	Target Label:1	Top-5 predictions:0	2	5	3	1

2026-07-23 11:33:32,152 Image Number:33	Target Label:1	Top-5 predictions:0	2	3	5	9

2026-07-23 11:33:32,152 Image Number:34	Target Label:1	Top-5 predictions:0	2	6	8	4

2026-07-23 11:33:32,152 Image Number:35	Target Label:1	Top-5 predictions:0	4	3	2	5

2026-07-23 11:33:32,152 Image Number:36	Target Label:1	Top-5 predictions:0	1	2	9	5

2026-07-23 11:33:32,152 Image Number:37	Target Label:1	Top-5 predictions:0	5	3	2	4

2026-07-23 11:33:32,152 Image Number:38	Target Label:1	Top-5 predictions:0	5	4	3	2

2026-07-23 11:33:32,152 Image Number:39	Target Label:1	Top-5 predictions:0	9	4	2	5

2026-07-23 11:33:32,152 Image Number:40	Target Label:1	Top-5 predictions:0	2	8	5	4

2026-07-23 11:33:32,153 Image Number:41	Target Label:1	Top-5 predictions:0	4	5	2	3

2026-07-23 11:33:32,153 Image Number:42	Target Label:1	Top-5 predictions:0	4	2	9	5

2026-07-23 11:33:32,153 Image Number:43	Target Label:1	Top-5 predictions:0	5	4	9	2

2026-07-23 11:33:32,153 Image Number:44	Target Label:1	Top-5 predictions:0	2	4	1	5

2026-07-23 11:33:32,153 Image Number:45	Target Label:1	Top-5 predictions:0	2	4	5	3

2026-07-23 11:33:32,153 Image Number:46	Target Label:1	Top-5 predictions:0	3	9	4	2

2026-07-23 11:33:32,153 Image Number:47	Target Label:1	Top-5 predictions:0	5	2	3	8

2026-07-23 11:33:32,153 Image Number:48	Target Label:1	Top-5 predictions:0	5	4	9	3

2026-07-23 11:33:32,153 Image Number:49	Target Label:1	Top-5 predictions:0	5	4	7	9

2026-07-23 11:33:34,524 Image Number:0	Target Label:1	Top-5 predictions:0	4	8	2	1

2026-07-23 11:33:34,524 Image Number:1	Target Label:1	Top-5 predictions:0	3	4	5	2

2026-07-23 11:33:34,525 Image Number:2	Target Label:1	Top-5 predictions:0	2	5	9	1

2026-07-23 11:33:34,525 Image Number:3	Target Label:1	Top-5 predictions:0	4	3	5	1

2026-07-23 11:33:34,525 Image Number:4	Target Label:1	Top-5 predictions:0	4	5	2	3

2026-07-23 11:33:34,525 Image Number:5	Target Label:1	Top-5 predictions:0	4	5	1	2

2026-07-23 11:33:34,525 Image Number:6	Target Label:1	Top-5 predictions:0	1	2	5	9

2026-07-23 11:33:34,525 Image Number:7	Target Label:1	Top-5 predictions:0	2	5	6	1

2026-07-23 11:33:34,526 Image Number:8	Target Label:1	Top-5 predictions:0	3	4	2	1

2026-07-23 11:33:34,526 Image Number:9	Target Label:1	Top-5 predictions:0	2	3	5	9

2026-07-23 11:33:34,526 Image Number:10	Target Label:1	Top-5 predictions:0	1	9	3	4

2026-07-23 11:33:34,526 Image Number:11	Target Label:1	Top-5 predictions:0	2	4	5	9

2026-07-23 11:33:34,526 Image Number:12	Target Label:1	Top-5 predictions:0	2	5	4	3

2026-07-23 11:33:34,526 Image Number:13	Target Label:1	Top-5 predictions:0	9	4	5	3

2026-07-23 11:33:34,527 Image Number:14	Target Label:1	Top-5 predictions:0	4	9	5	2

2026-07-23 11:33:34,527 Image Number:15	Target Label:1	Top-5 predictions:0	4	2	9	1

2026-07-23 11:33:34,527 Image Number:16	Target Label:1	Top-5 predictions:0	5	7	6	4

2026-07-23 11:33:34,527 Image Number:17	Target Label:1	Top-5 predictions:0	9	2	3	4

2026-07-23 11:33:34,527 Image Number:18	Target Label:1	Top-5 predictions:0	1	5	2	9

2026-07-23 11:33:34,527 Image Number:19	Target Label:1	Top-5 predictions:0	3	5	1	8

2026-07-23 11:33:34,527 Image Number:20	Target Label:1	Top-5 predictions:0	9	3	4	5

2026-07-23 11:33:34,528 Image Number:21	Target Label:1	Top-5 predictions:0	3	4	6	2

2026-07-23 11:33:34,528 Image Number:22	Target Label:1	Top-5 predictions:0	5	2	1	6

2026-07-23 11:33:34,528 Image Number:23	Target Label:1	Top-5 predictions:0	9	3	2	1

2026-07-23 11:33:34,528 Image Number:24	Target Label:1	Top-5 predictions:0	2	9	3	4

2026-07-23 11:33:34,528 Image Number:25	Target Label:1	Top-5 predictions:0	5	3	1	4

2026-07-23 11:33:34,528 Image Number:26	Target Label:1	Top-5 predictions:0	2	4	5	8

2026-07-23 11:33:34,529 Image Number:27	Target Label:1	Top-5 predictions:0	2	5	3	6

2026-07-23 11:33:34,529 Image Number:28	Target Label:1	Top-5 predictions:0	4	1	5	2

2026-07-23 11:33:34,529 Image Number:29	Target Label:1	Top-5 predictions:0	2	3	6	5

2026-07-23 11:33:34,529 Image Number:30	Target Label:1	Top-5 predictions:0	5	4	3	9

2026-07-23 11:33:34,529 Image Number:31	Target Label:1	Top-5 predictions:0	1	4	9	2

2026-07-23 11:33:34,529 Image Number:32	Target Label:1	Top-5 predictions:0	2	5	3	1

2026-07-23 11:33:34,529 Image Number:33	Target Label:1	Top-5 predictions:0	2	3	5	9

2026-07-23 11:33:34,530 Image Number:34	Target Label:1	Top-5 predictions:0	2	6	8	4

2026-07-23 11:33:34,530 Image Number:35	Target Label:1	Top-5 predictions:0	4	3	2	5

2026-07-23 11:33:34,530 Image Number:36	Target Label:1	Top-5 predictions:0	1	2	9	5

2026-07-23 11:33:34,530 Image Number:37	Target Label:1	Top-5 predictions:0	5	3	2	4

2026-07-23 11:33:34,530 Image Number:38	Target Label:1	Top-5 predictions:0	5	4	3	2

2026-07-23 11:33:34,530 Image Number:39	Target Label:1	Top-5 predictions:0	9	4	2	5

2026-07-23 11:33:34,531 Image Number:40	Target Label:1	Top-5 predictions:0	2	8	5	4

2026-07-23 11:33:34,531 Image Number:41	Target Label:1	Top-5 predictions:0	4	5	2	3

2026-07-23 11:33:34,531 Image Number:42	Target Label:1	Top-5 predictions:0	4	2	9	5

2026-07-23 11:33:34,531 Image Number:43	Target Label:1	Top-5 predictions:0	5	4	9	2

2026-07-23 11:33:34,531 Image Number:44	Target Label:1	Top-5 predictions:0	2	4	1	5

2026-07-23 11:33:34,531 Image Number:45	Target Label:1	Top-5 predictions:0	2	4	5	3

2026-07-23 11:33:34,531 Image Number:46	Target Label:1	Top-5 predictions:0	3	9	4	2

2026-07-23 11:33:34,532 Image Number:47	Target Label:1	Top-5 predictions:0	5	2	3	8

2026-07-23 11:33:34,532 Image Number:48	Target Label:1	Top-5 predictions:0	5	4	9	3

2026-07-23 11:33:34,532 Image Number:49	Target Label:1	Top-5 predictions:0	5	4	7	9

2026-07-23 11:33:36,851 Image Number:0	Target Label:1	Top-5 predictions:0	4	8	2	1

2026-07-23 11:33:36,851 Image Number:1	Target Label:1	Top-5 predictions:0	3	4	5	2

2026-07-23 11:33:36,851 Image Number:2	Target Label:1	Top-5 predictions:0	2	5	9	1

2026-07-23 11:33:36,851 Image Number:3	Target Label:1	Top-5 predictions:0	4	3	5	1

2026-07-23 11:33:36,852 Image Number:4	Target Label:1	Top-5 predictions:0	4	2	5	3

2026-07-23 11:33:36,852 Image Number:5	Target Label:1	Top-5 predictions:0	4	5	1	2

2026-07-23 11:33:36,852 Image Number:6	Target Label:1	Top-5 predictions:0	1	2	5	9

2026-07-23 11:33:36,852 Image Number:7	Target Label:1	Top-5 predictions:0	2	5	6	1

2026-07-23 11:33:36,852 Image Number:8	Target Label:1	Top-5 predictions:0	3	4	2	1

2026-07-23 11:33:36,852 Image Number:9	Target Label:1	Top-5 predictions:0	2	3	5	9

2026-07-23 11:33:36,852 Image Number:10	Target Label:1	Top-5 predictions:0	1	9	3	4

2026-07-23 11:33:36,852 Image Number:11	Target Label:1	Top-5 predictions:0	2	4	5	9

2026-07-23 11:33:36,852 Image Number:12	Target Label:1	Top-5 predictions:0	2	5	4	3

2026-07-23 11:33:36,853 Image Number:13	Target Label:1	Top-5 predictions:0	9	4	5	3

2026-07-23 11:33:36,853 Image Number:14	Target Label:1	Top-5 predictions:0	4	9	5	2

2026-07-23 11:33:36,853 Image Number:15	Target Label:1	Top-5 predictions:0	4	2	9	1

2026-07-23 11:33:36,853 Image Number:16	Target Label:1	Top-5 predictions:0	5	7	6	4

2026-07-23 11:33:36,853 Image Number:17	Target Label:1	Top-5 predictions:0	9	2	3	4

2026-07-23 11:33:36,853 Image Number:18	Target Label:1	Top-5 predictions:0	1	5	2	9

2026-07-23 11:33:36,853 Image Number:19	Target Label:1	Top-5 predictions:0	3	5	1	8

2026-07-23 11:33:36,853 Image Number:20	Target Label:1	Top-5 predictions:0	9	3	4	5

2026-07-23 11:33:36,853 Image Number:21	Target Label:1	Top-5 predictions:0	3	4	6	2

2026-07-23 11:33:36,854 Image Number:22	Target Label:1	Top-5 predictions:0	5	2	1	6

2026-07-23 11:33:36,854 Image Number:23	Target Label:1	Top-5 predictions:0	9	3	2	1

2026-07-23 11:33:36,854 Image Number:24	Target Label:1	Top-5 predictions:0	2	9	3	4

2026-07-23 11:33:36,854 Image Number:25	Target Label:1	Top-5 predictions:0	5	3	1	4

2026-07-23 11:33:36,854 Image Number:26	Target Label:1	Top-5 predictions:0	2	4	5	8

2026-07-23 11:33:36,854 Image Number:27	Target Label:1	Top-5 predictions:0	2	5	3	6

2026-07-23 11:33:36,854 Image Number:28	Target Label:1	Top-5 predictions:0	4	1	5	2

2026-07-23 11:33:36,854 Image Number:29	Target Label:1	Top-5 predictions:0	2	3	6	5

2026-07-23 11:33:36,854 Image Number:30	Target Label:1	Top-5 predictions:0	5	4	3	9

2026-07-23 11:33:36,855 Image Number:31	Target Label:1	Top-5 predictions:0	1	4	9	2

2026-07-23 11:33:36,855 Image Number:32	Target Label:1	Top-5 predictions:0	2	5	3	1

2026-07-23 11:33:36,855 Image Number:33	Target Label:1	Top-5 predictions:0	2	3	5	9

2026-07-23 11:33:36,855 Image Number:34	Target Label:1	Top-5 predictions:0	2	6	8	4

2026-07-23 11:33:36,855 Image Number:35	Target Label:1	Top-5 predictions:0	4	3	2	5

2026-07-23 11:33:36,855 Image Number:36	Target Label:1	Top-5 predictions:0	1	2	9	5

2026-07-23 11:33:36,855 Image Number:37	Target Label:1	Top-5 predictions:0	5	3	2	4

2026-07-23 11:33:36,855 Image Number:38	Target Label:1	Top-5 predictions:0	5	4	3	2

2026-07-23 11:33:36,855 Image Number:39	Target Label:1	Top-5 predictions:0	9	4	2	5

2026-07-23 11:33:36,856 Image Number:40	Target Label:1	Top-5 predictions:0	2	8	5	4

2026-07-23 11:33:36,856 Image Number:41	Target Label:1	Top-5 predictions:0	4	5	2	3

2026-07-23 11:33:36,856 Image Number:42	Target Label:1	Top-5 predictions:0	4	2	9	5

2026-07-23 11:33:36,856 Image Number:43	Target Label:1	Top-5 predictions:0	5	4	9	2

2026-07-23 11:33:36,856 Image Number:44	Target Label:1	Top-5 predictions:0	2	4	1	5

2026-07-23 11:33:36,856 Image Number:45	Target Label:1	Top-5 predictions:0	2	4	5	3

2026-07-23 11:33:36,856 Image Number:46	Target Label:1	Top-5 predictions:0	3	9	4	2

2026-07-23 11:33:36,856 Image Number:47	Target Label:1	Top-5 predictions:0	5	2	3	8

2026-07-23 11:33:36,857 Image Number:48	Target Label:1	Top-5 predictions:0	5	4	9	3

2026-07-23 11:33:36,857 Image Number:49	Target Label:1	Top-5 predictions:0	5	4	7	9

2026-07-23 11:33:37,113 train Loss: 0.0219 Acc: 0.9989
2026-07-23 11:33:38,320 test Loss: 0.0271 Acc: 1.0000
2026-07-23 11:33:38,320 Better model found!
2026-07-23 11:33:38,879 notpatched Loss: 6.8074 Acc: 0.0000
2026-07-23 11:33:39,436 patched Loss: 6.8401 Acc: 0.0000
2026-07-23 11:33:39,436 Patched Targeted Attack Success Rate: Mean 0.000
2026-07-23 11:33:39,436 Epoch 6/9
2026-07-23 11:33:39,436 ----------
2026-07-23 11:33:42,482 Image Number:0	Target Label:1	Top-5 predictions:0	4	8	2	1

2026-07-23 11:33:42,482 Image Number:1	Target Label:1	Top-5 predictions:0	3	4	5	2

2026-07-23 11:33:42,482 Image Number:2	Target Label:1	Top-5 predictions:0	2	5	9	1

2026-07-23 11:33:42,482 Image Number:3	Target Label:1	Top-5 predictions:0	4	3	5	1

2026-07-23 11:33:42,483 Image Number:4	Target Label:1	Top-5 predictions:0	4	2	5	3

2026-07-23 11:33:42,483 Image Number:5	Target Label:1	Top-5 predictions:0	4	5	1	2

2026-07-23 11:33:42,483 Image Number:6	Target Label:1	Top-5 predictions:0	1	2	5	9

2026-07-23 11:33:42,483 Image Number:7	Target Label:1	Top-5 predictions:0	2	6	5	1

2026-07-23 11:33:42,483 Image Number:8	Target Label:1	Top-5 predictions:0	3	4	2	1

2026-07-23 11:33:42,483 Image Number:9	Target Label:1	Top-5 predictions:0	2	3	5	9

2026-07-23 11:33:42,483 Image Number:10	Target Label:1	Top-5 predictions:0	1	9	3	4

2026-07-23 11:33:42,484 Image Number:11	Target Label:1	Top-5 predictions:0	2	4	5	9

2026-07-23 11:33:42,484 Image Number:12	Target Label:1	Top-5 predictions:0	2	5	4	3

2026-07-23 11:33:42,484 Image Number:13	Target Label:1	Top-5 predictions:0	9	4	5	3

2026-07-23 11:33:42,484 Image Number:14	Target Label:1	Top-5 predictions:0	4	9	5	2

2026-07-23 11:33:42,484 Image Number:15	Target Label:1	Top-5 predictions:0	4	2	9	1

2026-07-23 11:33:42,484 Image Number:16	Target Label:1	Top-5 predictions:0	5	7	6	4

2026-07-23 11:33:42,484 Image Number:17	Target Label:1	Top-5 predictions:0	9	2	3	4

2026-07-23 11:33:42,485 Image Number:18	Target Label:1	Top-5 predictions:0	1	5	2	9

2026-07-23 11:33:42,485 Image Number:19	Target Label:1	Top-5 predictions:0	3	5	1	8

2026-07-23 11:33:42,485 Image Number:20	Target Label:1	Top-5 predictions:0	9	3	4	5

2026-07-23 11:33:42,485 Image Number:21	Target Label:1	Top-5 predictions:0	3	4	6	2

2026-07-23 11:33:42,485 Image Number:22	Target Label:1	Top-5 predictions:0	5	2	1	6

2026-07-23 11:33:42,485 Image Number:23	Target Label:1	Top-5 predictions:0	9	3	2	1

2026-07-23 11:33:42,485 Image Number:24	Target Label:1	Top-5 predictions:0	2	9	3	4

2026-07-23 11:33:42,486 Image Number:25	Target Label:1	Top-5 predictions:0	5	3	1	4

2026-07-23 11:33:42,486 Image Number:26	Target Label:1	Top-5 predictions:0	2	4	5	8

2026-07-23 11:33:42,486 Image Number:27	Target Label:1	Top-5 predictions:0	2	5	3	6

2026-07-23 11:33:42,486 Image Number:28	Target Label:1	Top-5 predictions:0	4	1	5	2

2026-07-23 11:33:42,486 Image Number:29	Target Label:1	Top-5 predictions:0	2	3	6	5

2026-07-23 11:33:42,486 Image Number:30	Target Label:1	Top-5 predictions:0	5	4	3	9

2026-07-23 11:33:42,486 Image Number:31	Target Label:1	Top-5 predictions:0	1	4	9	2

2026-07-23 11:33:42,486 Image Number:32	Target Label:1	Top-5 predictions:0	2	5	3	1

2026-07-23 11:33:42,487 Image Number:33	Target Label:1	Top-5 predictions:0	2	3	5	9

2026-07-23 11:33:42,487 Image Number:34	Target Label:1	Top-5 predictions:0	2	6	8	4

2026-07-23 11:33:42,487 Image Number:35	Target Label:1	Top-5 predictions:0	4	3	2	5

2026-07-23 11:33:42,487 Image Number:36	Target Label:1	Top-5 predictions:0	1	2	9	5

2026-07-23 11:33:42,487 Image Number:37	Target Label:1	Top-5 predictions:0	5	3	2	4

2026-07-23 11:33:42,487 Image Number:38	Target Label:1	Top-5 predictions:0	5	4	3	2

2026-07-23 11:33:42,487 Image Number:39	Target Label:1	Top-5 predictions:0	9	4	2	5

2026-07-23 11:33:42,488 Image Number:40	Target Label:1	Top-5 predictions:0	2	8	5	4

2026-07-23 11:33:42,488 Image Number:41	Target Label:1	Top-5 predictions:0	4	5	2	3

2026-07-23 11:33:42,488 Image Number:42	Target Label:1	Top-5 predictions:0	4	2	9	5

2026-07-23 11:33:42,488 Image Number:43	Target Label:1	Top-5 predictions:0	5	4	9	2

2026-07-23 11:33:42,488 Image Number:44	Target Label:1	Top-5 predictions:0	2	4	1	5

2026-07-23 11:33:42,488 Image Number:45	Target Label:1	Top-5 predictions:0	2	4	5	3

2026-07-23 11:33:42,488 Image Number:46	Target Label:1	Top-5 predictions:0	3	9	4	2

2026-07-23 11:33:42,489 Image Number:47	Target Label:1	Top-5 predictions:0	5	2	3	8

2026-07-23 11:33:42,489 Image Number:48	Target Label:1	Top-5 predictions:0	5	4	9	3

2026-07-23 11:33:42,489 Image Number:49	Target Label:1	Top-5 predictions:0	5	4	7	9

2026-07-23 11:33:44,848 Image Number:0	Target Label:1	Top-5 predictions:0	4	8	2	1

2026-07-23 11:33:44,848 Image Number:1	Target Label:1	Top-5 predictions:0	3	4	5	2

2026-07-23 11:33:44,848 Image Number:2	Target Label:1	Top-5 predictions:0	2	5	9	1

2026-07-23 11:33:44,848 Image Number:3	Target Label:1	Top-5 predictions:0	4	3	5	1

2026-07-23 11:33:44,848 Image Number:4	Target Label:1	Top-5 predictions:0	4	2	5	3

2026-07-23 11:33:44,849 Image Number:5	Target Label:1	Top-5 predictions:0	4	1	5	2

2026-07-23 11:33:44,849 Image Number:6	Target Label:1	Top-5 predictions:0	1	2	5	9

2026-07-23 11:33:44,849 Image Number:7	Target Label:1	Top-5 predictions:0	2	6	5	1

2026-07-23 11:33:44,849 Image Number:8	Target Label:1	Top-5 predictions:0	3	4	2	1

2026-07-23 11:33:44,849 Image Number:9	Target Label:1	Top-5 predictions:0	2	3	5	9

2026-07-23 11:33:44,849 Image Number:10	Target Label:1	Top-5 predictions:0	1	9	3	4

2026-07-23 11:33:44,849 Image Number:11	Target Label:1	Top-5 predictions:0	2	4	5	9

2026-07-23 11:33:44,850 Image Number:12	Target Label:1	Top-5 predictions:0	2	5	4	3

2026-07-23 11:33:44,850 Image Number:13	Target Label:1	Top-5 predictions:0	9	4	5	3

2026-07-23 11:33:44,850 Image Number:14	Target Label:1	Top-5 predictions:0	4	9	5	2

2026-07-23 11:33:44,850 Image Number:15	Target Label:1	Top-5 predictions:0	4	2	9	1

2026-07-23 11:33:44,850 Image Number:16	Target Label:1	Top-5 predictions:0	5	7	6	4

2026-07-23 11:33:44,850 Image Number:17	Target Label:1	Top-5 predictions:0	9	2	3	4

2026-07-23 11:33:44,850 Image Number:18	Target Label:1	Top-5 predictions:0	1	5	2	9

2026-07-23 11:33:44,851 Image Number:19	Target Label:1	Top-5 predictions:0	3	5	1	8

2026-07-23 11:33:44,851 Image Number:20	Target Label:1	Top-5 predictions:0	9	3	4	5

2026-07-23 11:33:44,851 Image Number:21	Target Label:1	Top-5 predictions:0	3	4	6	2

2026-07-23 11:33:44,851 Image Number:22	Target Label:1	Top-5 predictions:0	5	2	1	6

2026-07-23 11:33:44,851 Image Number:23	Target Label:1	Top-5 predictions:0	9	3	2	1

2026-07-23 11:33:44,851 Image Number:24	Target Label:1	Top-5 predictions:0	2	9	3	4

2026-07-23 11:33:44,851 Image Number:25	Target Label:1	Top-5 predictions:0	5	3	1	4

2026-07-23 11:33:44,851 Image Number:26	Target Label:1	Top-5 predictions:0	2	4	5	8

2026-07-23 11:33:44,851 Image Number:27	Target Label:1	Top-5 predictions:0	2	5	3	6

2026-07-23 11:33:44,852 Image Number:28	Target Label:1	Top-5 predictions:0	4	1	5	2

2026-07-23 11:33:44,852 Image Number:29	Target Label:1	Top-5 predictions:0	2	3	6	5

2026-07-23 11:33:44,852 Image Number:30	Target Label:1	Top-5 predictions:0	5	4	3	9

2026-07-23 11:33:44,852 Image Number:31	Target Label:1	Top-5 predictions:0	1	4	9	2

2026-07-23 11:33:44,852 Image Number:32	Target Label:1	Top-5 predictions:0	2	3	5	1

2026-07-23 11:33:44,852 Image Number:33	Target Label:1	Top-5 predictions:0	2	3	5	9

2026-07-23 11:33:44,852 Image Number:34	Target Label:1	Top-5 predictions:0	2	6	8	4

2026-07-23 11:33:44,852 Image Number:35	Target Label:1	Top-5 predictions:0	4	3	2	5

2026-07-23 11:33:44,852 Image Number:36	Target Label:1	Top-5 predictions:0	1	2	9	5

2026-07-23 11:33:44,853 Image Number:37	Target Label:1	Top-5 predictions:0	5	3	2	4

2026-07-23 11:33:44,853 Image Number:38	Target Label:1	Top-5 predictions:0	5	4	3	2

2026-07-23 11:33:44,853 Image Number:39	Target Label:1	Top-5 predictions:0	9	4	2	5

2026-07-23 11:33:44,853 Image Number:40	Target Label:1	Top-5 predictions:0	2	8	5	4

2026-07-23 11:33:44,853 Image Number:41	Target Label:1	Top-5 predictions:0	4	5	2	3

2026-07-23 11:33:44,853 Image Number:42	Target Label:1	Top-5 predictions:0	4	2	9	5

2026-07-23 11:33:44,853 Image Number:43	Target Label:1	Top-5 predictions:0	5	4	9	2

2026-07-23 11:33:44,853 Image Number:44	Target Label:1	Top-5 predictions:0	2	4	1	5

2026-07-23 11:33:44,853 Image Number:45	Target Label:1	Top-5 predictions:0	2	4	5	3

2026-07-23 11:33:44,854 Image Number:46	Target Label:1	Top-5 predictions:0	3	9	4	2

2026-07-23 11:33:44,854 Image Number:47	Target Label:1	Top-5 predictions:0	5	2	3	8

2026-07-23 11:33:44,854 Image Number:48	Target Label:1	Top-5 predictions:0	5	4	9	3

2026-07-23 11:33:44,854 Image Number:49	Target Label:1	Top-5 predictions:0	5	4	7	9

2026-07-23 11:33:47,229 Image Number:0	Target Label:1	Top-5 predictions:0	4	8	2	1

2026-07-23 11:33:47,230 Image Number:1	Target Label:1	Top-5 predictions:0	3	4	5	2

2026-07-23 11:33:47,230 Image Number:2	Target Label:1	Top-5 predictions:0	2	5	9	1

2026-07-23 11:33:47,230 Image Number:3	Target Label:1	Top-5 predictions:0	4	3	5	1

2026-07-23 11:33:47,230 Image Number:4	Target Label:1	Top-5 predictions:0	4	2	5	3

2026-07-23 11:33:47,230 Image Number:5	Target Label:1	Top-5 predictions:0	4	1	5	2

2026-07-23 11:33:47,230 Image Number:6	Target Label:1	Top-5 predictions:0	1	2	5	9

2026-07-23 11:33:47,230 Image Number:7	Target Label:1	Top-5 predictions:0	2	6	5	1

2026-07-23 11:33:47,230 Image Number:8	Target Label:1	Top-5 predictions:0	3	4	2	1

2026-07-23 11:33:47,230 Image Number:9	Target Label:1	Top-5 predictions:0	2	3	5	9

2026-07-23 11:33:47,231 Image Number:10	Target Label:1	Top-5 predictions:0	1	9	3	4

2026-07-23 11:33:47,231 Image Number:11	Target Label:1	Top-5 predictions:0	2	4	5	9

2026-07-23 11:33:47,231 Image Number:12	Target Label:1	Top-5 predictions:0	2	5	4	3

2026-07-23 11:33:47,231 Image Number:13	Target Label:1	Top-5 predictions:0	9	4	5	3

2026-07-23 11:33:47,231 Image Number:14	Target Label:1	Top-5 predictions:0	4	9	5	2

2026-07-23 11:33:47,231 Image Number:15	Target Label:1	Top-5 predictions:0	4	2	9	1

2026-07-23 11:33:47,231 Image Number:16	Target Label:1	Top-5 predictions:0	5	7	6	4

2026-07-23 11:33:47,231 Image Number:17	Target Label:1	Top-5 predictions:0	9	2	3	4

2026-07-23 11:33:47,232 Image Number:18	Target Label:1	Top-5 predictions:0	1	5	2	9

2026-07-23 11:33:47,232 Image Number:19	Target Label:1	Top-5 predictions:0	3	5	1	8

2026-07-23 11:33:47,232 Image Number:20	Target Label:1	Top-5 predictions:0	9	3	4	5

2026-07-23 11:33:47,232 Image Number:21	Target Label:1	Top-5 predictions:0	3	4	6	2

2026-07-23 11:33:47,232 Image Number:22	Target Label:1	Top-5 predictions:0	5	2	1	6

2026-07-23 11:33:47,232 Image Number:23	Target Label:1	Top-5 predictions:0	9	3	2	1

2026-07-23 11:33:47,232 Image Number:24	Target Label:1	Top-5 predictions:0	2	9	3	4

2026-07-23 11:33:47,232 Image Number:25	Target Label:1	Top-5 predictions:0	5	3	1	4

2026-07-23 11:33:47,232 Image Number:26	Target Label:1	Top-5 predictions:0	2	4	5	8

2026-07-23 11:33:47,233 Image Number:27	Target Label:1	Top-5 predictions:0	2	5	3	6

2026-07-23 11:33:47,233 Image Number:28	Target Label:1	Top-5 predictions:0	4	1	5	2

2026-07-23 11:33:47,233 Image Number:29	Target Label:1	Top-5 predictions:0	2	3	6	4

2026-07-23 11:33:47,233 Image Number:30	Target Label:1	Top-5 predictions:0	5	4	3	9

2026-07-23 11:33:47,233 Image Number:31	Target Label:1	Top-5 predictions:0	1	4	9	2

2026-07-23 11:33:47,233 Image Number:32	Target Label:1	Top-5 predictions:0	2	3	5	1

2026-07-23 11:33:47,233 Image Number:33	Target Label:1	Top-5 predictions:0	2	3	5	9

2026-07-23 11:33:47,233 Image Number:34	Target Label:1	Top-5 predictions:0	2	6	8	4

2026-07-23 11:33:47,233 Image Number:35	Target Label:1	Top-5 predictions:0	4	3	2	5

2026-07-23 11:33:47,234 Image Number:36	Target Label:1	Top-5 predictions:0	1	2	9	5

2026-07-23 11:33:47,234 Image Number:37	Target Label:1	Top-5 predictions:0	5	3	2	4

2026-07-23 11:33:47,234 Image Number:38	Target Label:1	Top-5 predictions:0	5	4	3	2

2026-07-23 11:33:47,234 Image Number:39	Target Label:1	Top-5 predictions:0	9	4	2	5

2026-07-23 11:33:47,234 Image Number:40	Target Label:1	Top-5 predictions:0	2	8	5	4

2026-07-23 11:33:47,234 Image Number:41	Target Label:1	Top-5 predictions:0	4	5	2	3

2026-07-23 11:33:47,234 Image Number:42	Target Label:1	Top-5 predictions:0	4	2	9	5

2026-07-23 11:33:47,234 Image Number:43	Target Label:1	Top-5 predictions:0	5	4	9	2

2026-07-23 11:33:47,234 Image Number:44	Target Label:1	Top-5 predictions:0	2	4	1	5

2026-07-23 11:33:47,235 Image Number:45	Target Label:1	Top-5 predictions:0	2	4	5	3

2026-07-23 11:33:47,235 Image Number:46	Target Label:1	Top-5 predictions:0	3	9	4	2

2026-07-23 11:33:47,235 Image Number:47	Target Label:1	Top-5 predictions:0	5	2	3	8

2026-07-23 11:33:47,235 Image Number:48	Target Label:1	Top-5 predictions:0	5	4	9	3

2026-07-23 11:33:47,235 Image Number:49	Target Label:1	Top-5 predictions:0	5	4	7	9

2026-07-23 11:33:49,602 Image Number:0	Target Label:1	Top-5 predictions:0	4	8	2	1

2026-07-23 11:33:49,603 Image Number:1	Target Label:1	Top-5 predictions:0	3	4	5	2

2026-07-23 11:33:49,603 Image Number:2	Target Label:1	Top-5 predictions:0	2	5	9	1

2026-07-23 11:33:49,603 Image Number:3	Target Label:1	Top-5 predictions:0	4	3	5	1

2026-07-23 11:33:49,603 Image Number:4	Target Label:1	Top-5 predictions:0	4	2	5	3

2026-07-23 11:33:49,603 Image Number:5	Target Label:1	Top-5 predictions:0	4	1	5	2

2026-07-23 11:33:49,603 Image Number:6	Target Label:1	Top-5 predictions:0	1	2	5	9

2026-07-23 11:33:49,604 Image Number:7	Target Label:1	Top-5 predictions:0	2	6	5	1

2026-07-23 11:33:49,604 Image Number:8	Target Label:1	Top-5 predictions:0	3	4	2	1

2026-07-23 11:33:49,604 Image Number:9	Target Label:1	Top-5 predictions:0	2	3	5	9

2026-07-23 11:33:49,604 Image Number:10	Target Label:1	Top-5 predictions:0	1	9	3	4

2026-07-23 11:33:49,604 Image Number:11	Target Label:1	Top-5 predictions:0	2	4	5	9

2026-07-23 11:33:49,604 Image Number:12	Target Label:1	Top-5 predictions:0	2	5	4	3

2026-07-23 11:33:49,604 Image Number:13	Target Label:1	Top-5 predictions:0	9	4	5	3

2026-07-23 11:33:49,604 Image Number:14	Target Label:1	Top-5 predictions:0	4	9	5	2

2026-07-23 11:33:49,605 Image Number:15	Target Label:1	Top-5 predictions:0	4	2	9	1

2026-07-23 11:33:49,605 Image Number:16	Target Label:1	Top-5 predictions:0	5	7	6	4

2026-07-23 11:33:49,605 Image Number:17	Target Label:1	Top-5 predictions:0	9	2	3	4

2026-07-23 11:33:49,605 Image Number:18	Target Label:1	Top-5 predictions:0	1	5	2	9

2026-07-23 11:33:49,605 Image Number:19	Target Label:1	Top-5 predictions:0	3	5	1	8

2026-07-23 11:33:49,605 Image Number:20	Target Label:1	Top-5 predictions:0	9	3	4	5

2026-07-23 11:33:49,605 Image Number:21	Target Label:1	Top-5 predictions:0	3	4	6	2

2026-07-23 11:33:49,605 Image Number:22	Target Label:1	Top-5 predictions:0	5	2	1	6

2026-07-23 11:33:49,605 Image Number:23	Target Label:1	Top-5 predictions:0	9	3	2	1

2026-07-23 11:33:49,606 Image Number:24	Target Label:1	Top-5 predictions:0	2	9	3	4

2026-07-23 11:33:49,606 Image Number:25	Target Label:1	Top-5 predictions:0	5	3	1	4

2026-07-23 11:33:49,606 Image Number:26	Target Label:1	Top-5 predictions:0	2	4	5	8

2026-07-23 11:33:49,606 Image Number:27	Target Label:1	Top-5 predictions:0	2	5	3	6

2026-07-23 11:33:49,606 Image Number:28	Target Label:1	Top-5 predictions:0	4	1	5	2

2026-07-23 11:33:49,606 Image Number:29	Target Label:1	Top-5 predictions:0	2	3	6	4

2026-07-23 11:33:49,606 Image Number:30	Target Label:1	Top-5 predictions:0	5	4	3	9

2026-07-23 11:33:49,606 Image Number:31	Target Label:1	Top-5 predictions:0	1	4	9	2

2026-07-23 11:33:49,607 Image Number:32	Target Label:1	Top-5 predictions:0	2	3	5	1

2026-07-23 11:33:49,607 Image Number:33	Target Label:1	Top-5 predictions:0	2	3	5	9

2026-07-23 11:33:49,607 Image Number:34	Target Label:1	Top-5 predictions:0	2	6	8	4

2026-07-23 11:33:49,607 Image Number:35	Target Label:1	Top-5 predictions:0	4	3	2	5

2026-07-23 11:33:49,607 Image Number:36	Target Label:1	Top-5 predictions:0	1	2	9	5

2026-07-23 11:33:49,607 Image Number:37	Target Label:1	Top-5 predictions:0	5	3	2	4

2026-07-23 11:33:49,607 Image Number:38	Target Label:1	Top-5 predictions:0	5	4	3	2

2026-07-23 11:33:49,607 Image Number:39	Target Label:1	Top-5 predictions:0	9	4	2	5

2026-07-23 11:33:49,608 Image Number:40	Target Label:1	Top-5 predictions:0	2	8	5	4

2026-07-23 11:33:49,608 Image Number:41	Target Label:1	Top-5 predictions:0	4	5	2	3

2026-07-23 11:33:49,608 Image Number:42	Target Label:1	Top-5 predictions:0	4	2	9	5

2026-07-23 11:33:49,608 Image Number:43	Target Label:1	Top-5 predictions:0	5	4	9	2

2026-07-23 11:33:49,608 Image Number:44	Target Label:1	Top-5 predictions:0	2	4	1	5

2026-07-23 11:33:49,608 Image Number:45	Target Label:1	Top-5 predictions:0	2	4	5	3

2026-07-23 11:33:49,608 Image Number:46	Target Label:1	Top-5 predictions:0	3	9	4	2

2026-07-23 11:33:49,608 Image Number:47	Target Label:1	Top-5 predictions:0	5	2	3	8

2026-07-23 11:33:49,609 Image Number:48	Target Label:1	Top-5 predictions:0	5	4	9	3

2026-07-23 11:33:49,609 Image Number:49	Target Label:1	Top-5 predictions:0	5	4	7	9

2026-07-23 11:33:51,940 Image Number:0	Target Label:1	Top-5 predictions:0	4	8	2	1

2026-07-23 11:33:51,940 Image Number:1	Target Label:1	Top-5 predictions:0	3	4	5	2

2026-07-23 11:33:51,940 Image Number:2	Target Label:1	Top-5 predictions:0	2	5	9	1

2026-07-23 11:33:51,940 Image Number:3	Target Label:1	Top-5 predictions:0	4	3	5	1

2026-07-23 11:33:51,940 Image Number:4	Target Label:1	Top-5 predictions:0	4	2	5	3

2026-07-23 11:33:51,941 Image Number:5	Target Label:1	Top-5 predictions:0	4	1	5	2

2026-07-23 11:33:51,941 Image Number:6	Target Label:1	Top-5 predictions:0	1	2	5	9

2026-07-23 11:33:51,941 Image Number:7	Target Label:1	Top-5 predictions:0	2	6	5	1

2026-07-23 11:33:51,941 Image Number:8	Target Label:1	Top-5 predictions:0	3	4	2	1

2026-07-23 11:33:51,941 Image Number:9	Target Label:1	Top-5 predictions:0	2	3	5	9

2026-07-23 11:33:51,941 Image Number:10	Target Label:1	Top-5 predictions:0	1	9	3	4

2026-07-23 11:33:51,941 Image Number:11	Target Label:1	Top-5 predictions:0	2	4	5	9

2026-07-23 11:33:51,941 Image Number:12	Target Label:1	Top-5 predictions:0	2	5	4	3

2026-07-23 11:33:51,941 Image Number:13	Target Label:1	Top-5 predictions:0	9	4	5	3

2026-07-23 11:33:51,942 Image Number:14	Target Label:1	Top-5 predictions:0	4	9	5	2

2026-07-23 11:33:51,942 Image Number:15	Target Label:1	Top-5 predictions:0	4	2	9	1

2026-07-23 11:33:51,942 Image Number:16	Target Label:1	Top-5 predictions:0	5	7	6	4

2026-07-23 11:33:51,942 Image Number:17	Target Label:1	Top-5 predictions:0	9	2	3	4

2026-07-23 11:33:51,942 Image Number:18	Target Label:1	Top-5 predictions:0	1	5	2	9

2026-07-23 11:33:51,942 Image Number:19	Target Label:1	Top-5 predictions:0	3	5	1	8

2026-07-23 11:33:51,942 Image Number:20	Target Label:1	Top-5 predictions:0	9	3	4	5

2026-07-23 11:33:51,942 Image Number:21	Target Label:1	Top-5 predictions:0	3	4	6	2

2026-07-23 11:33:51,942 Image Number:22	Target Label:1	Top-5 predictions:0	5	2	1	6

2026-07-23 11:33:51,943 Image Number:23	Target Label:1	Top-5 predictions:0	9	3	2	1

2026-07-23 11:33:51,943 Image Number:24	Target Label:1	Top-5 predictions:0	2	9	3	4

2026-07-23 11:33:51,943 Image Number:25	Target Label:1	Top-5 predictions:0	5	3	1	9

2026-07-23 11:33:51,943 Image Number:26	Target Label:1	Top-5 predictions:0	2	4	5	8

2026-07-23 11:33:51,943 Image Number:27	Target Label:1	Top-5 predictions:0	2	5	3	6

2026-07-23 11:33:51,943 Image Number:28	Target Label:1	Top-5 predictions:0	4	1	5	2

2026-07-23 11:33:51,943 Image Number:29	Target Label:1	Top-5 predictions:0	2	3	6	4

2026-07-23 11:33:51,943 Image Number:30	Target Label:1	Top-5 predictions:0	5	4	3	9

2026-07-23 11:33:51,943 Image Number:31	Target Label:1	Top-5 predictions:0	1	4	9	2

2026-07-23 11:33:51,944 Image Number:32	Target Label:1	Top-5 predictions:0	2	3	1	5

2026-07-23 11:33:51,944 Image Number:33	Target Label:1	Top-5 predictions:0	2	3	5	9

2026-07-23 11:33:51,944 Image Number:34	Target Label:1	Top-5 predictions:0	2	6	8	4

2026-07-23 11:33:51,944 Image Number:35	Target Label:1	Top-5 predictions:0	4	3	2	5

2026-07-23 11:33:51,944 Image Number:36	Target Label:1	Top-5 predictions:0	1	2	9	5

2026-07-23 11:33:51,944 Image Number:37	Target Label:1	Top-5 predictions:0	5	3	2	4

2026-07-23 11:33:51,944 Image Number:38	Target Label:1	Top-5 predictions:0	5	4	3	2

2026-07-23 11:33:51,944 Image Number:39	Target Label:1	Top-5 predictions:0	9	4	2	5

2026-07-23 11:33:51,944 Image Number:40	Target Label:1	Top-5 predictions:0	2	8	5	4

2026-07-23 11:33:51,945 Image Number:41	Target Label:1	Top-5 predictions:0	4	5	2	3

2026-07-23 11:33:51,945 Image Number:42	Target Label:1	Top-5 predictions:0	4	2	9	3

2026-07-23 11:33:51,945 Image Number:43	Target Label:1	Top-5 predictions:0	5	4	9	2

2026-07-23 11:33:51,945 Image Number:44	Target Label:1	Top-5 predictions:0	2	4	1	5

2026-07-23 11:33:51,945 Image Number:45	Target Label:1	Top-5 predictions:0	2	4	5	3

2026-07-23 11:33:51,945 Image Number:46	Target Label:1	Top-5 predictions:0	3	9	4	2

2026-07-23 11:33:51,945 Image Number:47	Target Label:1	Top-5 predictions:0	5	2	3	8

2026-07-23 11:33:51,945 Image Number:48	Target Label:1	Top-5 predictions:0	5	4	9	3

2026-07-23 11:33:51,945 Image Number:49	Target Label:1	Top-5 predictions:0	5	4	7	9

2026-07-23 11:33:52,210 train Loss: 0.0190 Acc: 0.9992
2026-07-23 11:33:53,421 test Loss: 0.0242 Acc: 1.0000
2026-07-23 11:33:53,421 Better model found!
2026-07-23 11:33:53,976 notpatched Loss: 6.9673 Acc: 0.0000
2026-07-23 11:33:54,530 patched Loss: 6.9972 Acc: 0.0000
2026-07-23 11:33:54,530 Patched Targeted Attack Success Rate: Mean 0.000
2026-07-23 11:33:54,530 Epoch 7/9
2026-07-23 11:33:54,530 ----------
2026-07-23 11:33:57,458 Image Number:0	Target Label:1	Top-5 predictions:0	4	8	2	1

2026-07-23 11:33:57,458 Image Number:1	Target Label:1	Top-5 predictions:0	3	4	5	2

2026-07-23 11:33:57,458 Image Number:2	Target Label:1	Top-5 predictions:0	2	5	9	1

2026-07-23 11:33:57,458 Image Number:3	Target Label:1	Top-5 predictions:0	4	3	5	1

2026-07-23 11:33:57,458 Image Number:4	Target Label:1	Top-5 predictions:0	4	2	5	3

2026-07-23 11:33:57,458 Image Number:5	Target Label:1	Top-5 predictions:0	4	1	5	2

2026-07-23 11:33:57,458 Image Number:6	Target Label:1	Top-5 predictions:0	1	2	5	9

2026-07-23 11:33:57,459 Image Number:7	Target Label:1	Top-5 predictions:0	2	6	5	1

2026-07-23 11:33:57,459 Image Number:8	Target Label:1	Top-5 predictions:0	3	4	2	1

2026-07-23 11:33:57,459 Image Number:9	Target Label:1	Top-5 predictions:0	2	3	5	9

2026-07-23 11:33:57,459 Image Number:10	Target Label:1	Top-5 predictions:0	1	9	3	4

2026-07-23 11:33:57,459 Image Number:11	Target Label:1	Top-5 predictions:0	2	4	5	9

2026-07-23 11:33:57,459 Image Number:12	Target Label:1	Top-5 predictions:0	2	5	4	3

2026-07-23 11:33:57,459 Image Number:13	Target Label:1	Top-5 predictions:0	9	4	5	3

2026-07-23 11:33:57,459 Image Number:14	Target Label:1	Top-5 predictions:0	4	9	5	2

2026-07-23 11:33:57,459 Image Number:15	Target Label:1	Top-5 predictions:0	4	2	9	1

2026-07-23 11:33:57,460 Image Number:16	Target Label:1	Top-5 predictions:0	5	7	6	4

2026-07-23 11:33:57,460 Image Number:17	Target Label:1	Top-5 predictions:0	9	2	3	4

2026-07-23 11:33:57,460 Image Number:18	Target Label:1	Top-5 predictions:0	1	5	2	9

2026-07-23 11:33:57,460 Image Number:19	Target Label:1	Top-5 predictions:0	3	5	1	8

2026-07-23 11:33:57,460 Image Number:20	Target Label:1	Top-5 predictions:0	9	3	4	5

2026-07-23 11:33:57,460 Image Number:21	Target Label:1	Top-5 predictions:0	3	4	6	2

2026-07-23 11:33:57,460 Image Number:22	Target Label:1	Top-5 predictions:0	5	2	1	6

2026-07-23 11:33:57,460 Image Number:23	Target Label:1	Top-5 predictions:0	9	3	2	1

2026-07-23 11:33:57,460 Image Number:24	Target Label:1	Top-5 predictions:0	2	9	3	4

2026-07-23 11:33:57,461 Image Number:25	Target Label:1	Top-5 predictions:0	5	3	1	9

2026-07-23 11:33:57,461 Image Number:26	Target Label:1	Top-5 predictions:0	2	4	5	8

2026-07-23 11:33:57,461 Image Number:27	Target Label:1	Top-5 predictions:0	2	5	3	6

2026-07-23 11:33:57,461 Image Number:28	Target Label:1	Top-5 predictions:0	4	1	5	2

2026-07-23 11:33:57,461 Image Number:29	Target Label:1	Top-5 predictions:0	2	3	6	4

2026-07-23 11:33:57,461 Image Number:30	Target Label:1	Top-5 predictions:0	5	4	3	9

2026-07-23 11:33:57,461 Image Number:31	Target Label:1	Top-5 predictions:0	1	4	9	2

2026-07-23 11:33:57,461 Image Number:32	Target Label:1	Top-5 predictions:0	2	3	1	5

2026-07-23 11:33:57,461 Image Number:33	Target Label:1	Top-5 predictions:0	2	3	5	9

2026-07-23 11:33:57,462 Image Number:34	Target Label:1	Top-5 predictions:0	2	6	8	4

2026-07-23 11:33:57,462 Image Number:35	Target Label:1	Top-5 predictions:0	4	3	2	5

2026-07-23 11:33:57,462 Image Number:36	Target Label:1	Top-5 predictions:0	1	2	9	5

2026-07-23 11:33:57,462 Image Number:37	Target Label:1	Top-5 predictions:0	5	3	2	4

2026-07-23 11:33:57,462 Image Number:38	Target Label:1	Top-5 predictions:0	5	4	3	2

2026-07-23 11:33:57,462 Image Number:39	Target Label:1	Top-5 predictions:0	9	4	2	5

2026-07-23 11:33:57,462 Image Number:40	Target Label:1	Top-5 predictions:0	2	8	5	4

2026-07-23 11:33:57,462 Image Number:41	Target Label:1	Top-5 predictions:0	4	5	2	3

2026-07-23 11:33:57,462 Image Number:42	Target Label:1	Top-5 predictions:0	4	2	9	3

2026-07-23 11:33:57,463 Image Number:43	Target Label:1	Top-5 predictions:0	5	4	9	2

2026-07-23 11:33:57,463 Image Number:44	Target Label:1	Top-5 predictions:0	2	4	1	5

2026-07-23 11:33:57,463 Image Number:45	Target Label:1	Top-5 predictions:0	2	4	5	3

2026-07-23 11:33:57,463 Image Number:46	Target Label:1	Top-5 predictions:0	3	9	4	2

2026-07-23 11:33:57,463 Image Number:47	Target Label:1	Top-5 predictions:0	5	2	3	8

2026-07-23 11:33:57,463 Image Number:48	Target Label:1	Top-5 predictions:0	5	4	9	3

2026-07-23 11:33:57,463 Image Number:49	Target Label:1	Top-5 predictions:0	5	4	7	9

2026-07-23 11:33:59,822 Image Number:0	Target Label:1	Top-5 predictions:0	4	8	2	1

2026-07-23 11:33:59,822 Image Number:1	Target Label:1	Top-5 predictions:0	3	4	5	2

2026-07-23 11:33:59,822 Image Number:2	Target Label:1	Top-5 predictions:0	2	5	9	1

2026-07-23 11:33:59,822 Image Number:3	Target Label:1	Top-5 predictions:0	4	3	5	1

2026-07-23 11:33:59,822 Image Number:4	Target Label:1	Top-5 predictions:0	4	2	5	3

2026-07-23 11:33:59,822 Image Number:5	Target Label:1	Top-5 predictions:0	4	1	5	2

2026-07-23 11:33:59,822 Image Number:6	Target Label:1	Top-5 predictions:0	1	2	5	9

2026-07-23 11:33:59,823 Image Number:7	Target Label:1	Top-5 predictions:0	2	6	5	1

2026-07-23 11:33:59,823 Image Number:8	Target Label:1	Top-5 predictions:0	3	4	2	1

2026-07-23 11:33:59,823 Image Number:9	Target Label:1	Top-5 predictions:0	2	3	9	5

2026-07-23 11:33:59,823 Image Number:10	Target Label:1	Top-5 predictions:0	1	9	3	4

2026-07-23 11:33:59,823 Image Number:11	Target Label:1	Top-5 predictions:0	2	4	5	9

2026-07-23 11:33:59,823 Image Number:12	Target Label:1	Top-5 predictions:0	2	5	4	3

2026-07-23 11:33:59,823 Image Number:13	Target Label:1	Top-5 predictions:0	9	4	5	3

2026-07-23 11:33:59,823 Image Number:14	Target Label:1	Top-5 predictions:0	4	9	5	2

2026-07-23 11:33:59,824 Image Number:15	Target Label:1	Top-5 predictions:0	4	2	9	1

2026-07-23 11:33:59,824 Image Number:16	Target Label:1	Top-5 predictions:0	5	7	6	4

2026-07-23 11:33:59,824 Image Number:17	Target Label:1	Top-5 predictions:0	9	2	3	4

2026-07-23 11:33:59,824 Image Number:18	Target Label:1	Top-5 predictions:0	1	5	2	9

2026-07-23 11:33:59,824 Image Number:19	Target Label:1	Top-5 predictions:0	3	5	1	8

2026-07-23 11:33:59,824 Image Number:20	Target Label:1	Top-5 predictions:0	9	3	4	5

2026-07-23 11:33:59,824 Image Number:21	Target Label:1	Top-5 predictions:0	3	4	6	2

2026-07-23 11:33:59,824 Image Number:22	Target Label:1	Top-5 predictions:0	5	2	1	6

2026-07-23 11:33:59,824 Image Number:23	Target Label:1	Top-5 predictions:0	9	3	2	1

2026-07-23 11:33:59,825 Image Number:24	Target Label:1	Top-5 predictions:0	2	9	3	4

2026-07-23 11:33:59,825 Image Number:25	Target Label:1	Top-5 predictions:0	5	3	1	9

2026-07-23 11:33:59,825 Image Number:26	Target Label:1	Top-5 predictions:0	2	4	5	8

2026-07-23 11:33:59,825 Image Number:27	Target Label:1	Top-5 predictions:0	2	5	3	6

2026-07-23 11:33:59,825 Image Number:28	Target Label:1	Top-5 predictions:0	4	1	5	2

2026-07-23 11:33:59,825 Image Number:29	Target Label:1	Top-5 predictions:0	2	6	3	4

2026-07-23 11:33:59,825 Image Number:30	Target Label:1	Top-5 predictions:0	5	4	3	9

2026-07-23 11:33:59,825 Image Number:31	Target Label:1	Top-5 predictions:0	1	4	9	2

2026-07-23 11:33:59,825 Image Number:32	Target Label:1	Top-5 predictions:0	2	3	1	5

2026-07-23 11:33:59,826 Image Number:33	Target Label:1	Top-5 predictions:0	2	3	5	9

2026-07-23 11:33:59,826 Image Number:34	Target Label:1	Top-5 predictions:0	2	6	8	4

2026-07-23 11:33:59,826 Image Number:35	Target Label:1	Top-5 predictions:0	4	3	2	5

2026-07-23 11:33:59,826 Image Number:36	Target Label:1	Top-5 predictions:0	1	2	9	5

2026-07-23 11:33:59,826 Image Number:37	Target Label:1	Top-5 predictions:0	5	3	2	4

2026-07-23 11:33:59,826 Image Number:38	Target Label:1	Top-5 predictions:0	5	4	3	2

2026-07-23 11:33:59,826 Image Number:39	Target Label:1	Top-5 predictions:0	9	4	2	5

2026-07-23 11:33:59,826 Image Number:40	Target Label:1	Top-5 predictions:0	2	8	5	4

2026-07-23 11:33:59,826 Image Number:41	Target Label:1	Top-5 predictions:0	4	5	2	3

2026-07-23 11:33:59,827 Image Number:42	Target Label:1	Top-5 predictions:0	4	2	9	3

2026-07-23 11:33:59,827 Image Number:43	Target Label:1	Top-5 predictions:0	5	4	9	2

2026-07-23 11:33:59,827 Image Number:44	Target Label:1	Top-5 predictions:0	2	4	1	5

2026-07-23 11:33:59,827 Image Number:45	Target Label:1	Top-5 predictions:0	2	4	5	3

2026-07-23 11:33:59,827 Image Number:46	Target Label:1	Top-5 predictions:0	3	9	4	2

2026-07-23 11:33:59,827 Image Number:47	Target Label:1	Top-5 predictions:0	5	2	3	8

2026-07-23 11:33:59,827 Image Number:48	Target Label:1	Top-5 predictions:0	5	4	9	3

2026-07-23 11:33:59,827 Image Number:49	Target Label:1	Top-5 predictions:0	5	4	7	9

2026-07-23 11:34:02,199 Image Number:0	Target Label:1	Top-5 predictions:0	4	8	2	1

2026-07-23 11:34:02,200 Image Number:1	Target Label:1	Top-5 predictions:0	3	4	5	2

2026-07-23 11:34:02,200 Image Number:2	Target Label:1	Top-5 predictions:0	2	5	9	1

2026-07-23 11:34:02,200 Image Number:3	Target Label:1	Top-5 predictions:0	4	3	5	1

2026-07-23 11:34:02,200 Image Number:4	Target Label:1	Top-5 predictions:0	4	2	5	3

2026-07-23 11:34:02,200 Image Number:5	Target Label:1	Top-5 predictions:0	4	1	5	2

2026-07-23 11:34:02,200 Image Number:6	Target Label:1	Top-5 predictions:0	1	2	5	9

2026-07-23 11:34:02,200 Image Number:7	Target Label:1	Top-5 predictions:0	2	6	5	1

2026-07-23 11:34:02,200 Image Number:8	Target Label:1	Top-5 predictions:0	3	4	2	1

2026-07-23 11:34:02,201 Image Number:9	Target Label:1	Top-5 predictions:0	2	3	9	5

2026-07-23 11:34:02,201 Image Number:10	Target Label:1	Top-5 predictions:0	1	9	3	4

2026-07-23 11:34:02,201 Image Number:11	Target Label:1	Top-5 predictions:0	2	4	5	9

2026-07-23 11:34:02,201 Image Number:12	Target Label:1	Top-5 predictions:0	2	5	4	3

2026-07-23 11:34:02,201 Image Number:13	Target Label:1	Top-5 predictions:0	9	4	5	3

2026-07-23 11:34:02,201 Image Number:14	Target Label:1	Top-5 predictions:0	4	9	5	2

2026-07-23 11:34:02,201 Image Number:15	Target Label:1	Top-5 predictions:0	4	2	9	1

2026-07-23 11:34:02,201 Image Number:16	Target Label:1	Top-5 predictions:0	5	7	6	4

2026-07-23 11:34:02,201 Image Number:17	Target Label:1	Top-5 predictions:0	9	2	3	4

2026-07-23 11:34:02,202 Image Number:18	Target Label:1	Top-5 predictions:0	1	5	2	9

2026-07-23 11:34:02,202 Image Number:19	Target Label:1	Top-5 predictions:0	3	5	1	8

2026-07-23 11:34:02,202 Image Number:20	Target Label:1	Top-5 predictions:0	9	3	4	5

2026-07-23 11:34:02,202 Image Number:21	Target Label:1	Top-5 predictions:0	3	4	6	2

2026-07-23 11:34:02,202 Image Number:22	Target Label:1	Top-5 predictions:0	5	2	1	6

2026-07-23 11:34:02,202 Image Number:23	Target Label:1	Top-5 predictions:0	9	3	2	1

2026-07-23 11:34:02,202 Image Number:24	Target Label:1	Top-5 predictions:0	2	9	3	4

2026-07-23 11:34:02,202 Image Number:25	Target Label:1	Top-5 predictions:0	5	3	1	9

2026-07-23 11:34:02,203 Image Number:26	Target Label:1	Top-5 predictions:0	2	4	5	8

2026-07-23 11:34:02,203 Image Number:27	Target Label:1	Top-5 predictions:0	2	5	3	6

2026-07-23 11:34:02,203 Image Number:28	Target Label:1	Top-5 predictions:0	4	1	5	2

2026-07-23 11:34:02,203 Image Number:29	Target Label:1	Top-5 predictions:0	2	6	3	4

2026-07-23 11:34:02,203 Image Number:30	Target Label:1	Top-5 predictions:0	5	4	3	9

2026-07-23 11:34:02,203 Image Number:31	Target Label:1	Top-5 predictions:0	1	4	9	2

2026-07-23 11:34:02,203 Image Number:32	Target Label:1	Top-5 predictions:0	2	3	1	5

2026-07-23 11:34:02,203 Image Number:33	Target Label:1	Top-5 predictions:0	2	3	5	9

2026-07-23 11:34:02,204 Image Number:34	Target Label:1	Top-5 predictions:0	2	6	8	4

2026-07-23 11:34:02,204 Image Number:35	Target Label:1	Top-5 predictions:0	4	3	2	5

2026-07-23 11:34:02,204 Image Number:36	Target Label:1	Top-5 predictions:0	1	2	9	5

2026-07-23 11:34:02,204 Image Number:37	Target Label:1	Top-5 predictions:0	5	3	2	4

2026-07-23 11:34:02,204 Image Number:38	Target Label:1	Top-5 predictions:0	5	4	3	2

2026-07-23 11:34:02,204 Image Number:39	Target Label:1	Top-5 predictions:0	9	4	2	5

2026-07-23 11:34:02,204 Image Number:40	Target Label:1	Top-5 predictions:0	2	8	5	4

2026-07-23 11:34:02,204 Image Number:41	Target Label:1	Top-5 predictions:0	4	5	2	3

2026-07-23 11:34:02,204 Image Number:42	Target Label:1	Top-5 predictions:0	4	2	9	3

2026-07-23 11:34:02,205 Image Number:43	Target Label:1	Top-5 predictions:0	5	4	9	2

2026-07-23 11:34:02,205 Image Number:44	Target Label:1	Top-5 predictions:0	2	4	1	5

2026-07-23 11:34:02,205 Image Number:45	Target Label:1	Top-5 predictions:0	2	4	5	3

2026-07-23 11:34:02,205 Image Number:46	Target Label:1	Top-5 predictions:0	3	9	4	2

2026-07-23 11:34:02,205 Image Number:47	Target Label:1	Top-5 predictions:0	5	2	3	8

2026-07-23 11:34:02,205 Image Number:48	Target Label:1	Top-5 predictions:0	5	4	9	3

2026-07-23 11:34:02,205 Image Number:49	Target Label:1	Top-5 predictions:0	4	5	7	9

2026-07-23 11:34:04,554 Image Number:0	Target Label:1	Top-5 predictions:0	4	8	2	1

2026-07-23 11:34:04,555 Image Number:1	Target Label:1	Top-5 predictions:0	3	4	5	2

2026-07-23 11:34:04,555 Image Number:2	Target Label:1	Top-5 predictions:0	2	5	9	1

2026-07-23 11:34:04,555 Image Number:3	Target Label:1	Top-5 predictions:0	4	3	5	1

2026-07-23 11:34:04,555 Image Number:4	Target Label:1	Top-5 predictions:0	4	2	5	3

2026-07-23 11:34:04,555 Image Number:5	Target Label:1	Top-5 predictions:0	4	1	5	2

2026-07-23 11:34:04,555 Image Number:6	Target Label:1	Top-5 predictions:0	1	2	5	9

2026-07-23 11:34:04,555 Image Number:7	Target Label:1	Top-5 predictions:0	2	6	5	1

2026-07-23 11:34:04,556 Image Number:8	Target Label:1	Top-5 predictions:0	3	4	2	1

2026-07-23 11:34:04,556 Image Number:9	Target Label:1	Top-5 predictions:0	2	3	9	5

2026-07-23 11:34:04,556 Image Number:10	Target Label:1	Top-5 predictions:0	1	9	3	4

2026-07-23 11:34:04,556 Image Number:11	Target Label:1	Top-5 predictions:0	2	4	5	9

2026-07-23 11:34:04,556 Image Number:12	Target Label:1	Top-5 predictions:0	2	5	4	3

2026-07-23 11:34:04,556 Image Number:13	Target Label:1	Top-5 predictions:0	9	4	5	3

2026-07-23 11:34:04,556 Image Number:14	Target Label:1	Top-5 predictions:0	4	9	5	2

2026-07-23 11:34:04,556 Image Number:15	Target Label:1	Top-5 predictions:0	4	2	9	1

2026-07-23 11:34:04,556 Image Number:16	Target Label:1	Top-5 predictions:0	5	7	6	4

2026-07-23 11:34:04,557 Image Number:17	Target Label:1	Top-5 predictions:0	9	2	3	4

2026-07-23 11:34:04,557 Image Number:18	Target Label:1	Top-5 predictions:0	1	5	2	9

2026-07-23 11:34:04,557 Image Number:19	Target Label:1	Top-5 predictions:0	3	5	1	8

2026-07-23 11:34:04,557 Image Number:20	Target Label:1	Top-5 predictions:0	9	3	4	5

2026-07-23 11:34:04,557 Image Number:21	Target Label:1	Top-5 predictions:0	3	4	6	2

2026-07-23 11:34:04,557 Image Number:22	Target Label:1	Top-5 predictions:0	5	2	1	6

2026-07-23 11:34:04,557 Image Number:23	Target Label:1	Top-5 predictions:0	9	3	2	1

2026-07-23 11:34:04,557 Image Number:24	Target Label:1	Top-5 predictions:0	2	9	3	4

2026-07-23 11:34:04,558 Image Number:25	Target Label:1	Top-5 predictions:0	5	3	1	9

2026-07-23 11:34:04,558 Image Number:26	Target Label:1	Top-5 predictions:0	2	4	5	8

2026-07-23 11:34:04,558 Image Number:27	Target Label:1	Top-5 predictions:0	2	5	3	6

2026-07-23 11:34:04,558 Image Number:28	Target Label:1	Top-5 predictions:0	4	1	5	2

2026-07-23 11:34:04,558 Image Number:29	Target Label:1	Top-5 predictions:0	2	6	3	4

2026-07-23 11:34:04,558 Image Number:30	Target Label:1	Top-5 predictions:0	5	4	3	9

2026-07-23 11:34:04,558 Image Number:31	Target Label:1	Top-5 predictions:0	1	4	9	2

2026-07-23 11:34:04,558 Image Number:32	Target Label:1	Top-5 predictions:0	2	3	1	5

2026-07-23 11:34:04,558 Image Number:33	Target Label:1	Top-5 predictions:0	2	3	5	9

2026-07-23 11:34:04,559 Image Number:34	Target Label:1	Top-5 predictions:0	2	6	8	4

2026-07-23 11:34:04,559 Image Number:35	Target Label:1	Top-5 predictions:0	4	3	2	5

2026-07-23 11:34:04,559 Image Number:36	Target Label:1	Top-5 predictions:0	1	2	9	5

2026-07-23 11:34:04,559 Image Number:37	Target Label:1	Top-5 predictions:0	5	3	2	4

2026-07-23 11:34:04,559 Image Number:38	Target Label:1	Top-5 predictions:0	5	4	3	2

2026-07-23 11:34:04,559 Image Number:39	Target Label:1	Top-5 predictions:0	9	4	2	5

2026-07-23 11:34:04,559 Image Number:40	Target Label:1	Top-5 predictions:0	2	8	4	5

2026-07-23 11:34:04,559 Image Number:41	Target Label:1	Top-5 predictions:0	4	5	2	3

2026-07-23 11:34:04,560 Image Number:42	Target Label:1	Top-5 predictions:0	4	2	9	3

2026-07-23 11:34:04,560 Image Number:43	Target Label:1	Top-5 predictions:0	5	4	9	2

2026-07-23 11:34:04,560 Image Number:44	Target Label:1	Top-5 predictions:0	2	4	1	5

2026-07-23 11:34:04,560 Image Number:45	Target Label:1	Top-5 predictions:0	2	4	5	3

2026-07-23 11:34:04,560 Image Number:46	Target Label:1	Top-5 predictions:0	3	9	4	2

2026-07-23 11:34:04,560 Image Number:47	Target Label:1	Top-5 predictions:0	5	2	3	8

2026-07-23 11:34:04,560 Image Number:48	Target Label:1	Top-5 predictions:0	5	4	9	3

2026-07-23 11:34:04,560 Image Number:49	Target Label:1	Top-5 predictions:0	4	5	7	9

2026-07-23 11:34:06,882 Image Number:0	Target Label:1	Top-5 predictions:0	4	8	2	1

2026-07-23 11:34:06,882 Image Number:1	Target Label:1	Top-5 predictions:0	3	4	5	2

2026-07-23 11:34:06,882 Image Number:2	Target Label:1	Top-5 predictions:0	2	5	9	1

2026-07-23 11:34:06,882 Image Number:3	Target Label:1	Top-5 predictions:0	4	3	5	1

2026-07-23 11:34:06,882 Image Number:4	Target Label:1	Top-5 predictions:0	4	2	5	3

2026-07-23 11:34:06,882 Image Number:5	Target Label:1	Top-5 predictions:0	4	1	5	2

2026-07-23 11:34:06,882 Image Number:6	Target Label:1	Top-5 predictions:0	1	2	5	9

2026-07-23 11:34:06,883 Image Number:7	Target Label:1	Top-5 predictions:0	2	6	1	5

2026-07-23 11:34:06,883 Image Number:8	Target Label:1	Top-5 predictions:0	3	4	2	1

2026-07-23 11:34:06,883 Image Number:9	Target Label:1	Top-5 predictions:0	2	3	9	5

2026-07-23 11:34:06,883 Image Number:10	Target Label:1	Top-5 predictions:0	1	9	3	4

2026-07-23 11:34:06,883 Image Number:11	Target Label:1	Top-5 predictions:0	2	4	5	9

2026-07-23 11:34:06,883 Image Number:12	Target Label:1	Top-5 predictions:0	2	5	4	3

2026-07-23 11:34:06,883 Image Number:13	Target Label:1	Top-5 predictions:0	9	4	5	3

2026-07-23 11:34:06,883 Image Number:14	Target Label:1	Top-5 predictions:0	4	9	5	2

2026-07-23 11:34:06,883 Image Number:15	Target Label:1	Top-5 predictions:0	4	2	9	1

2026-07-23 11:34:06,884 Image Number:16	Target Label:1	Top-5 predictions:0	5	7	6	4

2026-07-23 11:34:06,884 Image Number:17	Target Label:1	Top-5 predictions:0	9	2	3	4

2026-07-23 11:34:06,884 Image Number:18	Target Label:1	Top-5 predictions:0	1	5	2	9

2026-07-23 11:34:06,884 Image Number:19	Target Label:1	Top-5 predictions:0	3	5	1	8

2026-07-23 11:34:06,884 Image Number:20	Target Label:1	Top-5 predictions:0	9	3	4	5

2026-07-23 11:34:06,884 Image Number:21	Target Label:1	Top-5 predictions:0	3	4	6	2

2026-07-23 11:34:06,884 Image Number:22	Target Label:1	Top-5 predictions:0	5	2	1	6

2026-07-23 11:34:06,884 Image Number:23	Target Label:1	Top-5 predictions:0	9	3	2	1

2026-07-23 11:34:06,884 Image Number:24	Target Label:1	Top-5 predictions:0	2	9	3	4

2026-07-23 11:34:06,885 Image Number:25	Target Label:1	Top-5 predictions:0	5	3	1	9

2026-07-23 11:34:06,885 Image Number:26	Target Label:1	Top-5 predictions:0	2	4	5	8

2026-07-23 11:34:06,885 Image Number:27	Target Label:1	Top-5 predictions:0	2	5	3	6

2026-07-23 11:34:06,885 Image Number:28	Target Label:1	Top-5 predictions:0	4	1	5	2

2026-07-23 11:34:06,885 Image Number:29	Target Label:1	Top-5 predictions:0	2	6	3	4

2026-07-23 11:34:06,885 Image Number:30	Target Label:1	Top-5 predictions:0	5	4	3	9

2026-07-23 11:34:06,885 Image Number:31	Target Label:1	Top-5 predictions:0	1	4	9	2

2026-07-23 11:34:06,885 Image Number:32	Target Label:1	Top-5 predictions:0	2	1	3	5

2026-07-23 11:34:06,886 Image Number:33	Target Label:1	Top-5 predictions:0	2	3	5	9

2026-07-23 11:34:06,886 Image Number:34	Target Label:1	Top-5 predictions:0	2	6	8	4

2026-07-23 11:34:06,886 Image Number:35	Target Label:1	Top-5 predictions:0	4	3	2	5

2026-07-23 11:34:06,886 Image Number:36	Target Label:1	Top-5 predictions:0	1	2	9	5

2026-07-23 11:34:06,886 Image Number:37	Target Label:1	Top-5 predictions:0	5	3	2	4

2026-07-23 11:34:06,886 Image Number:38	Target Label:1	Top-5 predictions:0	5	4	3	2

2026-07-23 11:34:06,886 Image Number:39	Target Label:1	Top-5 predictions:0	9	4	2	5

2026-07-23 11:34:06,886 Image Number:40	Target Label:1	Top-5 predictions:0	2	8	4	5

2026-07-23 11:34:06,887 Image Number:41	Target Label:1	Top-5 predictions:0	4	5	2	3

2026-07-23 11:34:06,887 Image Number:42	Target Label:1	Top-5 predictions:0	4	2	9	3

2026-07-23 11:34:06,887 Image Number:43	Target Label:1	Top-5 predictions:0	5	4	9	2

2026-07-23 11:34:06,887 Image Number:44	Target Label:1	Top-5 predictions:0	2	4	1	5

2026-07-23 11:34:06,887 Image Number:45	Target Label:1	Top-5 predictions:0	2	4	5	3

2026-07-23 11:34:06,887 Image Number:46	Target Label:1	Top-5 predictions:0	3	9	4	2

2026-07-23 11:34:06,887 Image Number:47	Target Label:1	Top-5 predictions:0	5	2	3	8

2026-07-23 11:34:06,887 Image Number:48	Target Label:1	Top-5 predictions:0	5	4	9	3

2026-07-23 11:34:06,887 Image Number:49	Target Label:1	Top-5 predictions:0	4	5	7	9

2026-07-23 11:34:07,146 train Loss: 0.0169 Acc: 0.9993
2026-07-23 11:34:08,350 test Loss: 0.0219 Acc: 1.0000
2026-07-23 11:34:08,351 Better model found!
2026-07-23 11:34:08,909 notpatched Loss: 7.1115 Acc: 0.0000
2026-07-23 11:34:09,466 patched Loss: 7.1383 Acc: 0.0000
2026-07-23 11:34:09,467 Patched Targeted Attack Success Rate: Mean 0.000
2026-07-23 11:34:09,467 Epoch 8/9
2026-07-23 11:34:09,467 ----------
2026-07-23 11:34:12,348 Image Number:0	Target Label:1	Top-5 predictions:0	4	8	2	1

2026-07-23 11:34:12,349 Image Number:1	Target Label:1	Top-5 predictions:0	3	4	5	2

2026-07-23 11:34:12,349 Image Number:2	Target Label:1	Top-5 predictions:0	2	5	9	1

2026-07-23 11:34:12,349 Image Number:3	Target Label:1	Top-5 predictions:0	4	3	5	1

2026-07-23 11:34:12,349 Image Number:4	Target Label:1	Top-5 predictions:0	4	2	5	3

2026-07-23 11:34:12,349 Image Number:5	Target Label:1	Top-5 predictions:0	4	1	5	2

2026-07-23 11:34:12,349 Image Number:6	Target Label:1	Top-5 predictions:0	1	2	5	9

2026-07-23 11:34:12,350 Image Number:7	Target Label:1	Top-5 predictions:0	2	6	1	5

2026-07-23 11:34:12,350 Image Number:8	Target Label:1	Top-5 predictions:0	3	4	2	1

2026-07-23 11:34:12,350 Image Number:9	Target Label:1	Top-5 predictions:0	2	3	9	5

2026-07-23 11:34:12,350 Image Number:10	Target Label:1	Top-5 predictions:0	1	9	3	4

2026-07-23 11:34:12,350 Image Number:11	Target Label:1	Top-5 predictions:0	2	4	5	9

2026-07-23 11:34:12,350 Image Number:12	Target Label:1	Top-5 predictions:0	2	5	4	3

2026-07-23 11:34:12,350 Image Number:13	Target Label:1	Top-5 predictions:0	9	4	5	3

2026-07-23 11:34:12,350 Image Number:14	Target Label:1	Top-5 predictions:0	4	9	5	2

2026-07-23 11:34:12,350 Image Number:15	Target Label:1	Top-5 predictions:0	4	2	9	1

2026-07-23 11:34:12,351 Image Number:16	Target Label:1	Top-5 predictions:0	5	7	6	4

2026-07-23 11:34:12,351 Image Number:17	Target Label:1	Top-5 predictions:0	9	2	3	4

2026-07-23 11:34:12,351 Image Number:18	Target Label:1	Top-5 predictions:0	1	5	2	9

2026-07-23 11:34:12,351 Image Number:19	Target Label:1	Top-5 predictions:0	3	5	1	8

2026-07-23 11:34:12,351 Image Number:20	Target Label:1	Top-5 predictions:0	9	3	4	5

2026-07-23 11:34:12,351 Image Number:21	Target Label:1	Top-5 predictions:0	3	4	6	2

2026-07-23 11:34:12,351 Image Number:22	Target Label:1	Top-5 predictions:0	5	2	1	6

2026-07-23 11:34:12,351 Image Number:23	Target Label:1	Top-5 predictions:0	9	3	2	1

2026-07-23 11:34:12,351 Image Number:24	Target Label:1	Top-5 predictions:0	2	9	3	4

2026-07-23 11:34:12,352 Image Number:25	Target Label:1	Top-5 predictions:0	5	3	1	9

2026-07-23 11:34:12,352 Image Number:26	Target Label:1	Top-5 predictions:0	2	4	5	8

2026-07-23 11:34:12,352 Image Number:27	Target Label:1	Top-5 predictions:0	2	5	3	6

2026-07-23 11:34:12,352 Image Number:28	Target Label:1	Top-5 predictions:0	4	1	5	2

2026-07-23 11:34:12,352 Image Number:29	Target Label:1	Top-5 predictions:0	2	6	3	4

2026-07-23 11:34:12,352 Image Number:30	Target Label:1	Top-5 predictions:0	5	4	3	9

2026-07-23 11:34:12,352 Image Number:31	Target Label:1	Top-5 predictions:0	1	4	9	2

2026-07-23 11:34:12,352 Image Number:32	Target Label:1	Top-5 predictions:0	2	1	3	5

2026-07-23 11:34:12,353 Image Number:33	Target Label:1	Top-5 predictions:0	2	3	5	9

2026-07-23 11:34:12,353 Image Number:34	Target Label:1	Top-5 predictions:0	2	6	8	4

2026-07-23 11:34:12,353 Image Number:35	Target Label:1	Top-5 predictions:0	4	3	2	5

2026-07-23 11:34:12,353 Image Number:36	Target Label:1	Top-5 predictions:0	1	2	9	5

2026-07-23 11:34:12,353 Image Number:37	Target Label:1	Top-5 predictions:0	5	3	2	4

2026-07-23 11:34:12,353 Image Number:38	Target Label:1	Top-5 predictions:0	5	4	3	2

2026-07-23 11:34:12,353 Image Number:39	Target Label:1	Top-5 predictions:0	9	4	2	5

2026-07-23 11:34:12,353 Image Number:40	Target Label:1	Top-5 predictions:0	2	8	4	5

2026-07-23 11:34:12,353 Image Number:41	Target Label:1	Top-5 predictions:0	4	5	2	3

2026-07-23 11:34:12,354 Image Number:42	Target Label:1	Top-5 predictions:0	4	2	9	3

2026-07-23 11:34:12,354 Image Number:43	Target Label:1	Top-5 predictions:0	5	4	9	2

2026-07-23 11:34:12,354 Image Number:44	Target Label:1	Top-5 predictions:0	2	4	1	5

2026-07-23 11:34:12,354 Image Number:45	Target Label:1	Top-5 predictions:0	2	4	5	3

2026-07-23 11:34:12,354 Image Number:46	Target Label:1	Top-5 predictions:0	3	9	4	2

2026-07-23 11:34:12,354 Image Number:47	Target Label:1	Top-5 predictions:0	5	2	3	8

2026-07-23 11:34:12,354 Image Number:48	Target Label:1	Top-5 predictions:0	5	4	9	3

2026-07-23 11:34:12,354 Image Number:49	Target Label:1	Top-5 predictions:0	4	5	7	9

2026-07-23 11:34:14,720 Image Number:0	Target Label:1	Top-5 predictions:0	4	8	2	1

2026-07-23 11:34:14,720 Image Number:1	Target Label:1	Top-5 predictions:0	3	4	5	2

2026-07-23 11:34:14,720 Image Number:2	Target Label:1	Top-5 predictions:0	2	5	9	1

2026-07-23 11:34:14,720 Image Number:3	Target Label:1	Top-5 predictions:0	4	3	5	1

2026-07-23 11:34:14,721 Image Number:4	Target Label:1	Top-5 predictions:0	4	2	5	3

2026-07-23 11:34:14,721 Image Number:5	Target Label:1	Top-5 predictions:0	4	1	5	2

2026-07-23 11:34:14,721 Image Number:6	Target Label:1	Top-5 predictions:0	1	2	5	9

2026-07-23 11:34:14,721 Image Number:7	Target Label:1	Top-5 predictions:0	2	6	1	5

2026-07-23 11:34:14,721 Image Number:8	Target Label:1	Top-5 predictions:0	3	4	2	1

2026-07-23 11:34:14,721 Image Number:9	Target Label:1	Top-5 predictions:0	2	3	9	5

2026-07-23 11:34:14,721 Image Number:10	Target Label:1	Top-5 predictions:0	1	9	3	4

2026-07-23 11:34:14,721 Image Number:11	Target Label:1	Top-5 predictions:0	2	4	5	9

2026-07-23 11:34:14,721 Image Number:12	Target Label:1	Top-5 predictions:0	2	5	4	3

2026-07-23 11:34:14,722 Image Number:13	Target Label:1	Top-5 predictions:0	9	4	5	3

2026-07-23 11:34:14,722 Image Number:14	Target Label:1	Top-5 predictions:0	4	9	5	2

2026-07-23 11:34:14,722 Image Number:15	Target Label:1	Top-5 predictions:0	4	2	9	1

2026-07-23 11:34:14,722 Image Number:16	Target Label:1	Top-5 predictions:0	5	7	6	4

2026-07-23 11:34:14,722 Image Number:17	Target Label:1	Top-5 predictions:0	9	2	3	4

2026-07-23 11:34:14,722 Image Number:18	Target Label:1	Top-5 predictions:0	1	5	2	9

2026-07-23 11:34:14,722 Image Number:19	Target Label:1	Top-5 predictions:0	3	5	1	8

2026-07-23 11:34:14,722 Image Number:20	Target Label:1	Top-5 predictions:0	9	3	4	5

2026-07-23 11:34:14,723 Image Number:21	Target Label:1	Top-5 predictions:0	3	4	6	2

2026-07-23 11:34:14,723 Image Number:22	Target Label:1	Top-5 predictions:0	5	2	1	6

2026-07-23 11:34:14,723 Image Number:23	Target Label:1	Top-5 predictions:0	9	3	2	1

2026-07-23 11:34:14,723 Image Number:24	Target Label:1	Top-5 predictions:0	2	9	3	4

2026-07-23 11:34:14,723 Image Number:25	Target Label:1	Top-5 predictions:0	5	3	1	9

2026-07-23 11:34:14,723 Image Number:26	Target Label:1	Top-5 predictions:0	2	4	8	5

2026-07-23 11:34:14,723 Image Number:27	Target Label:1	Top-5 predictions:0	2	3	5	6

2026-07-23 11:34:14,723 Image Number:28	Target Label:1	Top-5 predictions:0	4	1	5	2

2026-07-23 11:34:14,723 Image Number:29	Target Label:1	Top-5 predictions:0	2	6	3	4

2026-07-23 11:34:14,724 Image Number:30	Target Label:1	Top-5 predictions:0	5	4	3	9

2026-07-23 11:34:14,724 Image Number:31	Target Label:1	Top-5 predictions:0	1	4	9	2

2026-07-23 11:34:14,724 Image Number:32	Target Label:1	Top-5 predictions:0	2	1	3	5

2026-07-23 11:34:14,724 Image Number:33	Target Label:1	Top-5 predictions:0	2	3	5	9

2026-07-23 11:34:14,724 Image Number:34	Target Label:1	Top-5 predictions:0	2	6	8	4

2026-07-23 11:34:14,724 Image Number:35	Target Label:1	Top-5 predictions:0	4	3	2	5

2026-07-23 11:34:14,724 Image Number:36	Target Label:1	Top-5 predictions:0	1	2	9	5

2026-07-23 11:34:14,724 Image Number:37	Target Label:1	Top-5 predictions:0	5	3	2	4

2026-07-23 11:34:14,725 Image Number:38	Target Label:1	Top-5 predictions:0	5	4	3	2

2026-07-23 11:34:14,725 Image Number:39	Target Label:1	Top-5 predictions:0	9	4	2	5

2026-07-23 11:34:14,725 Image Number:40	Target Label:1	Top-5 predictions:0	2	8	4	5

2026-07-23 11:34:14,725 Image Number:41	Target Label:1	Top-5 predictions:0	4	5	2	3

2026-07-23 11:34:14,725 Image Number:42	Target Label:1	Top-5 predictions:0	4	2	9	3

2026-07-23 11:34:14,725 Image Number:43	Target Label:1	Top-5 predictions:0	5	4	9	2

2026-07-23 11:34:14,725 Image Number:44	Target Label:1	Top-5 predictions:0	2	4	1	5

2026-07-23 11:34:14,725 Image Number:45	Target Label:1	Top-5 predictions:0	2	4	5	3

2026-07-23 11:34:14,726 Image Number:46	Target Label:1	Top-5 predictions:0	3	9	4	2

2026-07-23 11:34:14,726 Image Number:47	Target Label:1	Top-5 predictions:0	5	2	3	8

2026-07-23 11:34:14,726 Image Number:48	Target Label:1	Top-5 predictions:0	5	4	9	2

2026-07-23 11:34:14,726 Image Number:49	Target Label:1	Top-5 predictions:0	4	5	7	9

2026-07-23 11:34:17,093 Image Number:0	Target Label:1	Top-5 predictions:0	4	8	2	1

2026-07-23 11:34:17,094 Image Number:1	Target Label:1	Top-5 predictions:0	3	4	5	2

2026-07-23 11:34:17,094 Image Number:2	Target Label:1	Top-5 predictions:0	2	5	9	1

2026-07-23 11:34:17,094 Image Number:3	Target Label:1	Top-5 predictions:0	4	3	5	1

2026-07-23 11:34:17,094 Image Number:4	Target Label:1	Top-5 predictions:0	4	2	5	3

2026-07-23 11:34:17,094 Image Number:5	Target Label:1	Top-5 predictions:0	4	1	5	2

2026-07-23 11:34:17,094 Image Number:6	Target Label:1	Top-5 predictions:0	1	2	5	9

2026-07-23 11:34:17,095 Image Number:7	Target Label:1	Top-5 predictions:0	2	6	1	5

2026-07-23 11:34:17,095 Image Number:8	Target Label:1	Top-5 predictions:0	3	4	2	1

2026-07-23 11:34:17,095 Image Number:9	Target Label:1	Top-5 predictions:0	2	3	9	5

2026-07-23 11:34:17,095 Image Number:10	Target Label:1	Top-5 predictions:0	1	9	3	4

2026-07-23 11:34:17,095 Image Number:11	Target Label:1	Top-5 predictions:0	2	4	5	9

2026-07-23 11:34:17,095 Image Number:12	Target Label:1	Top-5 predictions:0	2	5	4	3

2026-07-23 11:34:17,095 Image Number:13	Target Label:1	Top-5 predictions:0	9	4	5	3

2026-07-23 11:34:17,095 Image Number:14	Target Label:1	Top-5 predictions:0	4	9	5	2

2026-07-23 11:34:17,096 Image Number:15	Target Label:1	Top-5 predictions:0	4	2	9	1

2026-07-23 11:34:17,096 Image Number:16	Target Label:1	Top-5 predictions:0	5	7	6	4

2026-07-23 11:34:17,096 Image Number:17	Target Label:1	Top-5 predictions:0	9	2	3	4

2026-07-23 11:34:17,096 Image Number:18	Target Label:1	Top-5 predictions:0	1	5	2	9

2026-07-23 11:34:17,096 Image Number:19	Target Label:1	Top-5 predictions:0	3	5	1	8

2026-07-23 11:34:17,096 Image Number:20	Target Label:1	Top-5 predictions:0	9	3	4	5

2026-07-23 11:34:17,096 Image Number:21	Target Label:1	Top-5 predictions:0	3	4	6	2

2026-07-23 11:34:17,096 Image Number:22	Target Label:1	Top-5 predictions:0	5	2	1	6

2026-07-23 11:34:17,096 Image Number:23	Target Label:1	Top-5 predictions:0	9	3	2	1

2026-07-23 11:34:17,097 Image Number:24	Target Label:1	Top-5 predictions:0	2	9	3	4

2026-07-23 11:34:17,097 Image Number:25	Target Label:1	Top-5 predictions:0	5	3	1	9

2026-07-23 11:34:17,097 Image Number:26	Target Label:1	Top-5 predictions:0	2	4	8	5

2026-07-23 11:34:17,097 Image Number:27	Target Label:1	Top-5 predictions:0	2	3	5	6

2026-07-23 11:34:17,097 Image Number:28	Target Label:1	Top-5 predictions:0	4	1	5	2

2026-07-23 11:34:17,097 Image Number:29	Target Label:1	Top-5 predictions:0	2	6	3	4

2026-07-23 11:34:17,097 Image Number:30	Target Label:1	Top-5 predictions:0	5	4	3	9

2026-07-23 11:34:17,097 Image Number:31	Target Label:1	Top-5 predictions:0	1	4	9	2

2026-07-23 11:34:17,098 Image Number:32	Target Label:1	Top-5 predictions:0	2	1	3	5

2026-07-23 11:34:17,098 Image Number:33	Target Label:1	Top-5 predictions:0	2	3	5	9

2026-07-23 11:34:17,098 Image Number:34	Target Label:1	Top-5 predictions:0	2	6	8	4

2026-07-23 11:34:17,098 Image Number:35	Target Label:1	Top-5 predictions:0	4	3	2	5

2026-07-23 11:34:17,098 Image Number:36	Target Label:1	Top-5 predictions:0	1	2	9	5

2026-07-23 11:34:17,098 Image Number:37	Target Label:1	Top-5 predictions:0	5	3	2	4

2026-07-23 11:34:17,098 Image Number:38	Target Label:1	Top-5 predictions:0	5	4	3	2

2026-07-23 11:34:17,098 Image Number:39	Target Label:1	Top-5 predictions:0	9	4	2	5

2026-07-23 11:34:17,098 Image Number:40	Target Label:1	Top-5 predictions:0	2	8	4	5

2026-07-23 11:34:17,099 Image Number:41	Target Label:1	Top-5 predictions:0	4	5	2	3

2026-07-23 11:34:17,099 Image Number:42	Target Label:1	Top-5 predictions:0	4	2	9	3

2026-07-23 11:34:17,099 Image Number:43	Target Label:1	Top-5 predictions:0	5	4	9	2

2026-07-23 11:34:17,099 Image Number:44	Target Label:1	Top-5 predictions:0	2	4	1	5

2026-07-23 11:34:17,099 Image Number:45	Target Label:1	Top-5 predictions:0	2	4	5	3

2026-07-23 11:34:17,099 Image Number:46	Target Label:1	Top-5 predictions:0	3	9	4	2

2026-07-23 11:34:17,099 Image Number:47	Target Label:1	Top-5 predictions:0	5	2	3	8

2026-07-23 11:34:17,099 Image Number:48	Target Label:1	Top-5 predictions:0	5	4	9	2

2026-07-23 11:34:17,100 Image Number:49	Target Label:1	Top-5 predictions:0	4	5	7	9

2026-07-23 11:34:19,459 Image Number:0	Target Label:1	Top-5 predictions:0	4	8	2	1

2026-07-23 11:34:19,459 Image Number:1	Target Label:1	Top-5 predictions:0	3	4	5	2

2026-07-23 11:34:19,459 Image Number:2	Target Label:1	Top-5 predictions:0	2	5	9	1

2026-07-23 11:34:19,460 Image Number:3	Target Label:1	Top-5 predictions:0	4	3	5	1

2026-07-23 11:34:19,460 Image Number:4	Target Label:1	Top-5 predictions:0	4	2	5	3

2026-07-23 11:34:19,460 Image Number:5	Target Label:1	Top-5 predictions:0	4	1	5	2

2026-07-23 11:34:19,460 Image Number:6	Target Label:1	Top-5 predictions:0	1	2	5	9

2026-07-23 11:34:19,460 Image Number:7	Target Label:1	Top-5 predictions:0	2	6	1	5

2026-07-23 11:34:19,460 Image Number:8	Target Label:1	Top-5 predictions:0	3	4	2	1

2026-07-23 11:34:19,460 Image Number:9	Target Label:1	Top-5 predictions:0	2	3	9	5

2026-07-23 11:34:19,461 Image Number:10	Target Label:1	Top-5 predictions:0	1	9	3	4

2026-07-23 11:34:19,461 Image Number:11	Target Label:1	Top-5 predictions:0	2	4	5	9

2026-07-23 11:34:19,461 Image Number:12	Target Label:1	Top-5 predictions:0	2	5	4	3

2026-07-23 11:34:19,461 Image Number:13	Target Label:1	Top-5 predictions:0	9	4	5	3

2026-07-23 11:34:19,461 Image Number:14	Target Label:1	Top-5 predictions:0	4	9	5	2

2026-07-23 11:34:19,461 Image Number:15	Target Label:1	Top-5 predictions:0	4	2	9	1

2026-07-23 11:34:19,461 Image Number:16	Target Label:1	Top-5 predictions:0	5	7	6	4

2026-07-23 11:34:19,461 Image Number:17	Target Label:1	Top-5 predictions:0	9	2	3	4

2026-07-23 11:34:19,461 Image Number:18	Target Label:1	Top-5 predictions:0	1	2	5	9

2026-07-23 11:34:19,462 Image Number:19	Target Label:1	Top-5 predictions:0	3	5	1	8

2026-07-23 11:34:19,462 Image Number:20	Target Label:1	Top-5 predictions:0	9	3	4	5

2026-07-23 11:34:19,462 Image Number:21	Target Label:1	Top-5 predictions:0	3	4	6	2

2026-07-23 11:34:19,462 Image Number:22	Target Label:1	Top-5 predictions:0	5	2	1	6

2026-07-23 11:34:19,462 Image Number:23	Target Label:1	Top-5 predictions:0	9	3	2	1

2026-07-23 11:34:19,462 Image Number:24	Target Label:1	Top-5 predictions:0	2	9	3	4

2026-07-23 11:34:19,462 Image Number:25	Target Label:1	Top-5 predictions:0	5	3	1	9

2026-07-23 11:34:19,462 Image Number:26	Target Label:1	Top-5 predictions:0	2	4	8	5

2026-07-23 11:34:19,463 Image Number:27	Target Label:1	Top-5 predictions:0	2	3	5	6

2026-07-23 11:34:19,463 Image Number:28	Target Label:1	Top-5 predictions:0	4	1	5	2

2026-07-23 11:34:19,463 Image Number:29	Target Label:1	Top-5 predictions:0	2	6	3	4

2026-07-23 11:34:19,463 Image Number:30	Target Label:1	Top-5 predictions:0	5	4	3	9

2026-07-23 11:34:19,463 Image Number:31	Target Label:1	Top-5 predictions:0	1	4	9	2

2026-07-23 11:34:19,463 Image Number:32	Target Label:1	Top-5 predictions:0	2	1	3	5

2026-07-23 11:34:19,463 Image Number:33	Target Label:1	Top-5 predictions:0	2	3	5	9

2026-07-23 11:34:19,463 Image Number:34	Target Label:1	Top-5 predictions:0	2	6	8	4

2026-07-23 11:34:19,464 Image Number:35	Target Label:1	Top-5 predictions:0	4	3	2	5

2026-07-23 11:34:19,464 Image Number:36	Target Label:1	Top-5 predictions:0	1	2	9	5

2026-07-23 11:34:19,464 Image Number:37	Target Label:1	Top-5 predictions:0	5	3	2	4

2026-07-23 11:34:19,464 Image Number:38	Target Label:1	Top-5 predictions:0	5	4	3	2

2026-07-23 11:34:19,464 Image Number:39	Target Label:1	Top-5 predictions:0	9	4	2	5

2026-07-23 11:34:19,464 Image Number:40	Target Label:1	Top-5 predictions:0	2	8	4	5

2026-07-23 11:34:19,464 Image Number:41	Target Label:1	Top-5 predictions:0	4	5	2	3

2026-07-23 11:34:19,464 Image Number:42	Target Label:1	Top-5 predictions:0	4	2	9	3

2026-07-23 11:34:19,465 Image Number:43	Target Label:1	Top-5 predictions:0	5	4	9	2

2026-07-23 11:34:19,465 Image Number:44	Target Label:1	Top-5 predictions:0	2	4	1	5

2026-07-23 11:34:19,465 Image Number:45	Target Label:1	Top-5 predictions:0	2	4	5	3

2026-07-23 11:34:19,465 Image Number:46	Target Label:1	Top-5 predictions:0	3	9	4	2

2026-07-23 11:34:19,465 Image Number:47	Target Label:1	Top-5 predictions:0	5	2	3	8

2026-07-23 11:34:19,465 Image Number:48	Target Label:1	Top-5 predictions:0	5	4	9	2

2026-07-23 11:34:19,465 Image Number:49	Target Label:1	Top-5 predictions:0	4	5	7	9

2026-07-23 11:34:21,801 Image Number:0	Target Label:1	Top-5 predictions:0	4	8	2	1

2026-07-23 11:34:21,801 Image Number:1	Target Label:1	Top-5 predictions:0	3	4	5	2

2026-07-23 11:34:21,801 Image Number:2	Target Label:1	Top-5 predictions:0	2	5	9	1

2026-07-23 11:34:21,801 Image Number:3	Target Label:1	Top-5 predictions:0	4	3	5	1

2026-07-23 11:34:21,801 Image Number:4	Target Label:1	Top-5 predictions:0	4	2	5	3

2026-07-23 11:34:21,802 Image Number:5	Target Label:1	Top-5 predictions:0	4	1	5	2

2026-07-23 11:34:21,802 Image Number:6	Target Label:1	Top-5 predictions:0	1	2	5	9

2026-07-23 11:34:21,802 Image Number:7	Target Label:1	Top-5 predictions:0	2	6	1	5

2026-07-23 11:34:21,802 Image Number:8	Target Label:1	Top-5 predictions:0	3	4	2	1

2026-07-23 11:34:21,802 Image Number:9	Target Label:1	Top-5 predictions:0	2	3	9	5

2026-07-23 11:34:21,802 Image Number:10	Target Label:1	Top-5 predictions:0	1	9	3	4

2026-07-23 11:34:21,802 Image Number:11	Target Label:1	Top-5 predictions:0	2	4	5	9

2026-07-23 11:34:21,803 Image Number:12	Target Label:1	Top-5 predictions:0	2	5	4	3

2026-07-23 11:34:21,803 Image Number:13	Target Label:1	Top-5 predictions:0	9	4	5	3

2026-07-23 11:34:21,803 Image Number:14	Target Label:1	Top-5 predictions:0	4	9	5	2

2026-07-23 11:34:21,803 Image Number:15	Target Label:1	Top-5 predictions:0	4	2	9	1

2026-07-23 11:34:21,803 Image Number:16	Target Label:1	Top-5 predictions:0	5	7	6	4

2026-07-23 11:34:21,803 Image Number:17	Target Label:1	Top-5 predictions:0	9	2	3	4

2026-07-23 11:34:21,804 Image Number:18	Target Label:1	Top-5 predictions:0	1	2	5	9

2026-07-23 11:34:21,804 Image Number:19	Target Label:1	Top-5 predictions:0	3	5	1	8

2026-07-23 11:34:21,804 Image Number:20	Target Label:1	Top-5 predictions:0	9	3	4	5

2026-07-23 11:34:21,804 Image Number:21	Target Label:1	Top-5 predictions:0	3	4	6	2

2026-07-23 11:34:21,804 Image Number:22	Target Label:1	Top-5 predictions:0	5	2	1	6

2026-07-23 11:34:21,804 Image Number:23	Target Label:1	Top-5 predictions:0	9	3	2	1

2026-07-23 11:34:21,804 Image Number:24	Target Label:1	Top-5 predictions:0	2	9	3	4

2026-07-23 11:34:21,805 Image Number:25	Target Label:1	Top-5 predictions:0	5	3	1	9

2026-07-23 11:34:21,805 Image Number:26	Target Label:1	Top-5 predictions:0	2	4	8	5

2026-07-23 11:34:21,805 Image Number:27	Target Label:1	Top-5 predictions:0	2	3	5	6

2026-07-23 11:34:21,805 Image Number:28	Target Label:1	Top-5 predictions:0	4	1	5	2

2026-07-23 11:34:21,805 Image Number:29	Target Label:1	Top-5 predictions:0	2	6	3	4

2026-07-23 11:34:21,805 Image Number:30	Target Label:1	Top-5 predictions:0	5	4	3	9

2026-07-23 11:34:21,806 Image Number:31	Target Label:1	Top-5 predictions:0	1	4	9	2

2026-07-23 11:34:21,806 Image Number:32	Target Label:1	Top-5 predictions:0	2	1	3	5

2026-07-23 11:34:21,806 Image Number:33	Target Label:1	Top-5 predictions:0	2	3	5	9

2026-07-23 11:34:21,806 Image Number:34	Target Label:1	Top-5 predictions:0	2	6	8	4

2026-07-23 11:34:21,806 Image Number:35	Target Label:1	Top-5 predictions:0	4	3	2	5

2026-07-23 11:34:21,806 Image Number:36	Target Label:1	Top-5 predictions:0	1	2	9	5

2026-07-23 11:34:21,806 Image Number:37	Target Label:1	Top-5 predictions:0	5	3	2	4

2026-07-23 11:34:21,807 Image Number:38	Target Label:1	Top-5 predictions:0	5	4	3	2

2026-07-23 11:34:21,807 Image Number:39	Target Label:1	Top-5 predictions:0	9	4	2	5

2026-07-23 11:34:21,807 Image Number:40	Target Label:1	Top-5 predictions:0	2	8	4	5

2026-07-23 11:34:21,807 Image Number:41	Target Label:1	Top-5 predictions:0	4	5	2	3

2026-07-23 11:34:21,807 Image Number:42	Target Label:1	Top-5 predictions:0	4	2	9	3

2026-07-23 11:34:21,807 Image Number:43	Target Label:1	Top-5 predictions:0	5	4	9	2

2026-07-23 11:34:21,808 Image Number:44	Target Label:1	Top-5 predictions:0	2	4	1	5

2026-07-23 11:34:21,808 Image Number:45	Target Label:1	Top-5 predictions:0	2	4	5	3

2026-07-23 11:34:21,808 Image Number:46	Target Label:1	Top-5 predictions:0	3	9	4	2

2026-07-23 11:34:21,808 Image Number:47	Target Label:1	Top-5 predictions:0	5	2	3	8

2026-07-23 11:34:21,808 Image Number:48	Target Label:1	Top-5 predictions:0	5	4	9	2

2026-07-23 11:34:21,808 Image Number:49	Target Label:1	Top-5 predictions:0	4	5	7	9

2026-07-23 11:34:22,071 train Loss: 0.0152 Acc: 0.9993
2026-07-23 11:34:23,337 test Loss: 0.0201 Acc: 1.0000
2026-07-23 11:34:23,338 Better model found!
2026-07-23 11:34:23,894 notpatched Loss: 7.2383 Acc: 0.0000
2026-07-23 11:34:24,446 patched Loss: 7.2618 Acc: 0.0000
2026-07-23 11:34:24,446 Patched Targeted Attack Success Rate: Mean 0.000
2026-07-23 11:34:24,446 Epoch 9/9
2026-07-23 11:34:24,446 ----------
2026-07-23 11:34:27,347 Image Number:0	Target Label:1	Top-5 predictions:0	4	8	2	1

2026-07-23 11:34:27,347 Image Number:1	Target Label:1	Top-5 predictions:0	3	4	5	2

2026-07-23 11:34:27,347 Image Number:2	Target Label:1	Top-5 predictions:0	2	5	9	1

2026-07-23 11:34:27,347 Image Number:3	Target Label:1	Top-5 predictions:0	4	3	5	1

2026-07-23 11:34:27,348 Image Number:4	Target Label:1	Top-5 predictions:0	4	2	5	3

2026-07-23 11:34:27,348 Image Number:5	Target Label:1	Top-5 predictions:0	4	1	5	2

2026-07-23 11:34:27,348 Image Number:6	Target Label:1	Top-5 predictions:0	1	2	5	9

2026-07-23 11:34:27,348 Image Number:7	Target Label:1	Top-5 predictions:0	2	6	1	5

2026-07-23 11:34:27,348 Image Number:8	Target Label:1	Top-5 predictions:0	3	4	2	1

2026-07-23 11:34:27,348 Image Number:9	Target Label:1	Top-5 predictions:0	2	3	9	5

2026-07-23 11:34:27,348 Image Number:10	Target Label:1	Top-5 predictions:0	1	9	3	4

2026-07-23 11:34:27,348 Image Number:11	Target Label:1	Top-5 predictions:0	2	4	5	9

2026-07-23 11:34:27,348 Image Number:12	Target Label:1	Top-5 predictions:0	2	5	4	3

2026-07-23 11:34:27,349 Image Number:13	Target Label:1	Top-5 predictions:0	9	4	5	3

2026-07-23 11:34:27,349 Image Number:14	Target Label:1	Top-5 predictions:0	4	9	5	2

2026-07-23 11:34:27,349 Image Number:15	Target Label:1	Top-5 predictions:0	4	2	9	1

2026-07-23 11:34:27,349 Image Number:16	Target Label:1	Top-5 predictions:0	5	7	6	4

2026-07-23 11:34:27,349 Image Number:17	Target Label:1	Top-5 predictions:0	9	2	3	4

2026-07-23 11:34:27,349 Image Number:18	Target Label:1	Top-5 predictions:0	1	2	5	9

2026-07-23 11:34:27,349 Image Number:19	Target Label:1	Top-5 predictions:0	3	5	1	8

2026-07-23 11:34:27,349 Image Number:20	Target Label:1	Top-5 predictions:0	9	3	4	5

2026-07-23 11:34:27,349 Image Number:21	Target Label:1	Top-5 predictions:0	3	4	6	2

2026-07-23 11:34:27,350 Image Number:22	Target Label:1	Top-5 predictions:0	5	2	1	6

2026-07-23 11:34:27,350 Image Number:23	Target Label:1	Top-5 predictions:0	9	3	2	1

2026-07-23 11:34:27,350 Image Number:24	Target Label:1	Top-5 predictions:0	2	9	3	4

2026-07-23 11:34:27,350 Image Number:25	Target Label:1	Top-5 predictions:0	5	3	1	9

2026-07-23 11:34:27,350 Image Number:26	Target Label:1	Top-5 predictions:0	2	4	8	5

2026-07-23 11:34:27,350 Image Number:27	Target Label:1	Top-5 predictions:0	2	3	5	6

2026-07-23 11:34:27,350 Image Number:28	Target Label:1	Top-5 predictions:0	4	1	5	2

2026-07-23 11:34:27,350 Image Number:29	Target Label:1	Top-5 predictions:0	2	6	3	4

2026-07-23 11:34:27,351 Image Number:30	Target Label:1	Top-5 predictions:0	5	4	3	9

2026-07-23 11:34:27,351 Image Number:31	Target Label:1	Top-5 predictions:0	1	4	9	2

2026-07-23 11:34:27,351 Image Number:32	Target Label:1	Top-5 predictions:0	2	1	3	5

2026-07-23 11:34:27,351 Image Number:33	Target Label:1	Top-5 predictions:0	2	3	5	9

2026-07-23 11:34:27,351 Image Number:34	Target Label:1	Top-5 predictions:0	2	6	8	4

2026-07-23 11:34:27,351 Image Number:35	Target Label:1	Top-5 predictions:0	4	3	2	5

2026-07-23 11:34:27,351 Image Number:36	Target Label:1	Top-5 predictions:0	1	2	9	5

2026-07-23 11:34:27,351 Image Number:37	Target Label:1	Top-5 predictions:0	5	3	2	4

2026-07-23 11:34:27,351 Image Number:38	Target Label:1	Top-5 predictions:0	4	5	3	2

2026-07-23 11:34:27,352 Image Number:39	Target Label:1	Top-5 predictions:0	9	4	2	5

2026-07-23 11:34:27,352 Image Number:40	Target Label:1	Top-5 predictions:0	2	8	4	5

2026-07-23 11:34:27,352 Image Number:41	Target Label:1	Top-5 predictions:0	4	5	2	3

2026-07-23 11:34:27,352 Image Number:42	Target Label:1	Top-5 predictions:0	4	2	9	3

2026-07-23 11:34:27,352 Image Number:43	Target Label:1	Top-5 predictions:0	5	4	9	2

2026-07-23 11:34:27,352 Image Number:44	Target Label:1	Top-5 predictions:0	2	4	1	5

2026-07-23 11:34:27,352 Image Number:45	Target Label:1	Top-5 predictions:0	2	4	5	3

2026-07-23 11:34:27,352 Image Number:46	Target Label:1	Top-5 predictions:0	3	9	4	2

2026-07-23 11:34:27,352 Image Number:47	Target Label:1	Top-5 predictions:0	5	2	3	8

2026-07-23 11:34:27,353 Image Number:48	Target Label:1	Top-5 predictions:0	5	4	9	2

2026-07-23 11:34:27,353 Image Number:49	Target Label:1	Top-5 predictions:0	4	5	7	9

2026-07-23 11:34:29,713 Image Number:0	Target Label:1	Top-5 predictions:0	4	8	2	1

2026-07-23 11:34:29,713 Image Number:1	Target Label:1	Top-5 predictions:0	3	4	5	2

2026-07-23 11:34:29,713 Image Number:2	Target Label:1	Top-5 predictions:0	2	5	9	1

2026-07-23 11:34:29,713 Image Number:3	Target Label:1	Top-5 predictions:0	4	3	1	5

2026-07-23 11:34:29,714 Image Number:4	Target Label:1	Top-5 predictions:0	4	2	5	1

2026-07-23 11:34:29,714 Image Number:5	Target Label:1	Top-5 predictions:0	4	1	5	2

2026-07-23 11:34:29,714 Image Number:6	Target Label:1	Top-5 predictions:0	1	2	5	9

2026-07-23 11:34:29,714 Image Number:7	Target Label:1	Top-5 predictions:0	2	6	1	5

2026-07-23 11:34:29,714 Image Number:8	Target Label:1	Top-5 predictions:0	3	4	2	1

2026-07-23 11:34:29,714 Image Number:9	Target Label:1	Top-5 predictions:0	2	3	9	5

2026-07-23 11:34:29,714 Image Number:10	Target Label:1	Top-5 predictions:0	1	9	3	4

2026-07-23 11:34:29,714 Image Number:11	Target Label:1	Top-5 predictions:0	2	4	5	9

2026-07-23 11:34:29,715 Image Number:12	Target Label:1	Top-5 predictions:0	2	5	4	3

2026-07-23 11:34:29,715 Image Number:13	Target Label:1	Top-5 predictions:0	9	4	5	3

2026-07-23 11:34:29,715 Image Number:14	Target Label:1	Top-5 predictions:0	4	9	5	2

2026-07-23 11:34:29,715 Image Number:15	Target Label:1	Top-5 predictions:0	4	2	9	1

2026-07-23 11:34:29,715 Image Number:16	Target Label:1	Top-5 predictions:0	5	7	6	4

2026-07-23 11:34:29,715 Image Number:17	Target Label:1	Top-5 predictions:0	9	2	3	4

2026-07-23 11:34:29,715 Image Number:18	Target Label:1	Top-5 predictions:0	1	2	5	9

2026-07-23 11:34:29,715 Image Number:19	Target Label:1	Top-5 predictions:0	3	5	1	8

2026-07-23 11:34:29,715 Image Number:20	Target Label:1	Top-5 predictions:0	9	3	4	5

2026-07-23 11:34:29,716 Image Number:21	Target Label:1	Top-5 predictions:0	3	4	6	2

2026-07-23 11:34:29,716 Image Number:22	Target Label:1	Top-5 predictions:0	5	2	1	6

2026-07-23 11:34:29,716 Image Number:23	Target Label:1	Top-5 predictions:0	9	3	2	1

2026-07-23 11:34:29,716 Image Number:24	Target Label:1	Top-5 predictions:0	2	9	3	4

2026-07-23 11:34:29,716 Image Number:25	Target Label:1	Top-5 predictions:0	5	3	1	9

2026-07-23 11:34:29,716 Image Number:26	Target Label:1	Top-5 predictions:0	2	4	8	5

2026-07-23 11:34:29,716 Image Number:27	Target Label:1	Top-5 predictions:0	2	3	5	6

2026-07-23 11:34:29,716 Image Number:28	Target Label:1	Top-5 predictions:0	4	1	5	2

2026-07-23 11:34:29,716 Image Number:29	Target Label:1	Top-5 predictions:0	2	6	3	4

2026-07-23 11:34:29,717 Image Number:30	Target Label:1	Top-5 predictions:0	5	4	3	9

2026-07-23 11:34:29,717 Image Number:31	Target Label:1	Top-5 predictions:0	1	4	9	2

2026-07-23 11:34:29,717 Image Number:32	Target Label:1	Top-5 predictions:0	2	1	3	5

2026-07-23 11:34:29,717 Image Number:33	Target Label:1	Top-5 predictions:0	2	3	5	9

2026-07-23 11:34:29,717 Image Number:34	Target Label:1	Top-5 predictions:0	2	6	8	4

2026-07-23 11:34:29,717 Image Number:35	Target Label:1	Top-5 predictions:0	4	3	2	5

2026-07-23 11:34:29,717 Image Number:36	Target Label:1	Top-5 predictions:0	1	2	9	5

2026-07-23 11:34:29,717 Image Number:37	Target Label:1	Top-5 predictions:0	5	3	2	4

2026-07-23 11:34:29,717 Image Number:38	Target Label:1	Top-5 predictions:0	4	5	3	2

2026-07-23 11:34:29,718 Image Number:39	Target Label:1	Top-5 predictions:0	9	4	2	5

2026-07-23 11:34:29,718 Image Number:40	Target Label:1	Top-5 predictions:0	2	8	4	5

2026-07-23 11:34:29,718 Image Number:41	Target Label:1	Top-5 predictions:0	4	5	2	3

2026-07-23 11:34:29,718 Image Number:42	Target Label:1	Top-5 predictions:0	4	2	9	3

2026-07-23 11:34:29,718 Image Number:43	Target Label:1	Top-5 predictions:0	5	4	9	2

2026-07-23 11:34:29,718 Image Number:44	Target Label:1	Top-5 predictions:0	2	4	1	5

2026-07-23 11:34:29,718 Image Number:45	Target Label:1	Top-5 predictions:0	2	4	5	3

2026-07-23 11:34:29,718 Image Number:46	Target Label:1	Top-5 predictions:0	3	9	4	2

2026-07-23 11:34:29,718 Image Number:47	Target Label:1	Top-5 predictions:0	5	2	3	8

2026-07-23 11:34:29,719 Image Number:48	Target Label:1	Top-5 predictions:0	5	4	9	2

2026-07-23 11:34:29,719 Image Number:49	Target Label:1	Top-5 predictions:0	4	5	7	9

2026-07-23 11:34:32,083 Image Number:0	Target Label:1	Top-5 predictions:0	4	8	2	1

2026-07-23 11:34:32,084 Image Number:1	Target Label:1	Top-5 predictions:0	3	4	5	2

2026-07-23 11:34:32,084 Image Number:2	Target Label:1	Top-5 predictions:0	2	5	9	1

2026-07-23 11:34:32,084 Image Number:3	Target Label:1	Top-5 predictions:0	4	3	1	5

2026-07-23 11:34:32,084 Image Number:4	Target Label:1	Top-5 predictions:0	4	2	5	1

2026-07-23 11:34:32,084 Image Number:5	Target Label:1	Top-5 predictions:0	4	1	5	2

2026-07-23 11:34:32,084 Image Number:6	Target Label:1	Top-5 predictions:0	1	2	5	9

2026-07-23 11:34:32,085 Image Number:7	Target Label:1	Top-5 predictions:0	2	6	1	5

2026-07-23 11:34:32,085 Image Number:8	Target Label:1	Top-5 predictions:0	3	4	2	1

2026-07-23 11:34:32,085 Image Number:9	Target Label:1	Top-5 predictions:0	2	3	9	5

2026-07-23 11:34:32,085 Image Number:10	Target Label:1	Top-5 predictions:0	1	9	3	4

2026-07-23 11:34:32,085 Image Number:11	Target Label:1	Top-5 predictions:0	2	4	5	9

2026-07-23 11:34:32,085 Image Number:12	Target Label:1	Top-5 predictions:0	2	5	4	3

2026-07-23 11:34:32,085 Image Number:13	Target Label:1	Top-5 predictions:0	9	4	5	3

2026-07-23 11:34:32,085 Image Number:14	Target Label:1	Top-5 predictions:0	4	9	5	2

2026-07-23 11:34:32,086 Image Number:15	Target Label:1	Top-5 predictions:0	4	2	9	1

2026-07-23 11:34:32,086 Image Number:16	Target Label:1	Top-5 predictions:0	5	7	6	4

2026-07-23 11:34:32,086 Image Number:17	Target Label:1	Top-5 predictions:0	9	2	3	4

2026-07-23 11:34:32,086 Image Number:18	Target Label:1	Top-5 predictions:0	1	2	5	9

2026-07-23 11:34:32,086 Image Number:19	Target Label:1	Top-5 predictions:0	3	5	1	8

2026-07-23 11:34:32,086 Image Number:20	Target Label:1	Top-5 predictions:0	9	3	4	5

2026-07-23 11:34:32,086 Image Number:21	Target Label:1	Top-5 predictions:0	3	4	6	2

2026-07-23 11:34:32,086 Image Number:22	Target Label:1	Top-5 predictions:0	5	2	1	6

2026-07-23 11:34:32,087 Image Number:23	Target Label:1	Top-5 predictions:0	9	3	2	1

2026-07-23 11:34:32,087 Image Number:24	Target Label:1	Top-5 predictions:0	2	9	3	4

2026-07-23 11:34:32,087 Image Number:25	Target Label:1	Top-5 predictions:0	5	3	1	9

2026-07-23 11:34:32,087 Image Number:26	Target Label:1	Top-5 predictions:0	2	4	8	5

2026-07-23 11:34:32,087 Image Number:27	Target Label:1	Top-5 predictions:0	2	3	5	6

2026-07-23 11:34:32,087 Image Number:28	Target Label:1	Top-5 predictions:0	4	1	5	2

2026-07-23 11:34:32,087 Image Number:29	Target Label:1	Top-5 predictions:0	2	6	3	4

2026-07-23 11:34:32,087 Image Number:30	Target Label:1	Top-5 predictions:0	5	4	3	9

2026-07-23 11:34:32,087 Image Number:31	Target Label:1	Top-5 predictions:0	1	4	9	2

2026-07-23 11:34:32,088 Image Number:32	Target Label:1	Top-5 predictions:0	2	1	3	5

2026-07-23 11:34:32,088 Image Number:33	Target Label:1	Top-5 predictions:0	2	3	5	9

2026-07-23 11:34:32,088 Image Number:34	Target Label:1	Top-5 predictions:0	2	6	8	4

2026-07-23 11:34:32,088 Image Number:35	Target Label:1	Top-5 predictions:0	4	3	2	5

2026-07-23 11:34:32,088 Image Number:36	Target Label:1	Top-5 predictions:0	1	2	9	5

2026-07-23 11:34:32,088 Image Number:37	Target Label:1	Top-5 predictions:0	5	3	2	4

2026-07-23 11:34:32,088 Image Number:38	Target Label:1	Top-5 predictions:0	4	5	3	2

2026-07-23 11:34:32,088 Image Number:39	Target Label:1	Top-5 predictions:0	9	4	2	5

2026-07-23 11:34:32,089 Image Number:40	Target Label:1	Top-5 predictions:0	2	8	4	5

2026-07-23 11:34:32,089 Image Number:41	Target Label:1	Top-5 predictions:0	4	5	2	3

2026-07-23 11:34:32,089 Image Number:42	Target Label:1	Top-5 predictions:0	4	2	9	3

2026-07-23 11:34:32,089 Image Number:43	Target Label:1	Top-5 predictions:0	5	4	9	2

2026-07-23 11:34:32,089 Image Number:44	Target Label:1	Top-5 predictions:0	2	4	1	5

2026-07-23 11:34:32,089 Image Number:45	Target Label:1	Top-5 predictions:0	2	4	5	3

2026-07-23 11:34:32,089 Image Number:46	Target Label:1	Top-5 predictions:0	3	9	4	2

2026-07-23 11:34:32,089 Image Number:47	Target Label:1	Top-5 predictions:0	5	2	3	8

2026-07-23 11:34:32,090 Image Number:48	Target Label:1	Top-5 predictions:0	5	4	9	2

2026-07-23 11:34:32,090 Image Number:49	Target Label:1	Top-5 predictions:0	4	5	7	9

2026-07-23 11:34:34,460 Image Number:0	Target Label:1	Top-5 predictions:0	4	8	2	1

2026-07-23 11:34:34,460 Image Number:1	Target Label:1	Top-5 predictions:0	3	4	5	2

2026-07-23 11:34:34,460 Image Number:2	Target Label:1	Top-5 predictions:0	2	5	9	1

2026-07-23 11:34:34,460 Image Number:3	Target Label:1	Top-5 predictions:0	4	3	1	5

2026-07-23 11:34:34,461 Image Number:4	Target Label:1	Top-5 predictions:0	4	2	5	1

2026-07-23 11:34:34,461 Image Number:5	Target Label:1	Top-5 predictions:0	4	1	5	2

2026-07-23 11:34:34,461 Image Number:6	Target Label:1	Top-5 predictions:0	1	2	5	9

2026-07-23 11:34:34,461 Image Number:7	Target Label:1	Top-5 predictions:0	2	6	1	5

2026-07-23 11:34:34,461 Image Number:8	Target Label:1	Top-5 predictions:0	3	4	2	1

2026-07-23 11:34:34,461 Image Number:9	Target Label:1	Top-5 predictions:0	2	3	9	5

2026-07-23 11:34:34,461 Image Number:10	Target Label:1	Top-5 predictions:0	1	9	3	4

2026-07-23 11:34:34,461 Image Number:11	Target Label:1	Top-5 predictions:0	2	4	5	9

2026-07-23 11:34:34,462 Image Number:12	Target Label:1	Top-5 predictions:0	2	5	4	3

2026-07-23 11:34:34,462 Image Number:13	Target Label:1	Top-5 predictions:0	9	4	5	3

2026-07-23 11:34:34,462 Image Number:14	Target Label:1	Top-5 predictions:0	4	9	5	2

2026-07-23 11:34:34,462 Image Number:15	Target Label:1	Top-5 predictions:0	4	2	9	1

2026-07-23 11:34:34,462 Image Number:16	Target Label:1	Top-5 predictions:0	5	7	6	4

2026-07-23 11:34:34,462 Image Number:17	Target Label:1	Top-5 predictions:0	9	2	3	4

2026-07-23 11:34:34,462 Image Number:18	Target Label:1	Top-5 predictions:0	1	2	5	9

2026-07-23 11:34:34,462 Image Number:19	Target Label:1	Top-5 predictions:0	3	5	1	8

2026-07-23 11:34:34,462 Image Number:20	Target Label:1	Top-5 predictions:0	9	3	4	5

2026-07-23 11:34:34,463 Image Number:21	Target Label:1	Top-5 predictions:0	3	4	6	2

2026-07-23 11:34:34,463 Image Number:22	Target Label:1	Top-5 predictions:0	5	2	1	6

2026-07-23 11:34:34,463 Image Number:23	Target Label:1	Top-5 predictions:0	9	3	2	1

2026-07-23 11:34:34,463 Image Number:24	Target Label:1	Top-5 predictions:0	2	9	3	4

2026-07-23 11:34:34,463 Image Number:25	Target Label:1	Top-5 predictions:0	5	3	1	9

2026-07-23 11:34:34,463 Image Number:26	Target Label:1	Top-5 predictions:0	2	4	8	5

2026-07-23 11:34:34,463 Image Number:27	Target Label:1	Top-5 predictions:0	2	3	5	6

2026-07-23 11:34:34,463 Image Number:28	Target Label:1	Top-5 predictions:0	4	1	5	2

2026-07-23 11:34:34,463 Image Number:29	Target Label:1	Top-5 predictions:0	2	6	3	4

2026-07-23 11:34:34,464 Image Number:30	Target Label:1	Top-5 predictions:0	5	4	3	9

2026-07-23 11:34:34,464 Image Number:31	Target Label:1	Top-5 predictions:0	1	4	9	2

2026-07-23 11:34:34,464 Image Number:32	Target Label:1	Top-5 predictions:0	2	1	3	5

2026-07-23 11:34:34,464 Image Number:33	Target Label:1	Top-5 predictions:0	2	3	5	9

2026-07-23 11:34:34,464 Image Number:34	Target Label:1	Top-5 predictions:0	2	6	8	4

2026-07-23 11:34:34,464 Image Number:35	Target Label:1	Top-5 predictions:0	4	3	2	5

2026-07-23 11:34:34,464 Image Number:36	Target Label:1	Top-5 predictions:0	1	2	9	5

2026-07-23 11:34:34,464 Image Number:37	Target Label:1	Top-5 predictions:0	5	3	2	4

2026-07-23 11:34:34,464 Image Number:38	Target Label:1	Top-5 predictions:0	4	5	3	2

2026-07-23 11:34:34,465 Image Number:39	Target Label:1	Top-5 predictions:0	9	4	2	5

2026-07-23 11:34:34,465 Image Number:40	Target Label:1	Top-5 predictions:0	2	8	4	5

2026-07-23 11:34:34,465 Image Number:41	Target Label:1	Top-5 predictions:0	4	5	2	3

2026-07-23 11:34:34,465 Image Number:42	Target Label:1	Top-5 predictions:0	4	2	9	3

2026-07-23 11:34:34,465 Image Number:43	Target Label:1	Top-5 predictions:0	5	4	9	2

2026-07-23 11:34:34,465 Image Number:44	Target Label:1	Top-5 predictions:0	2	4	1	5

2026-07-23 11:34:34,465 Image Number:45	Target Label:1	Top-5 predictions:0	2	4	5	3

2026-07-23 11:34:34,465 Image Number:46	Target Label:1	Top-5 predictions:0	3	9	4	2

2026-07-23 11:34:34,465 Image Number:47	Target Label:1	Top-5 predictions:0	5	2	3	8

2026-07-23 11:34:34,466 Image Number:48	Target Label:1	Top-5 predictions:0	5	4	9	2

2026-07-23 11:34:34,466 Image Number:49	Target Label:1	Top-5 predictions:0	4	5	7	9

2026-07-23 11:34:36,791 Image Number:0	Target Label:1	Top-5 predictions:0	4	8	2	1

2026-07-23 11:34:36,792 Image Number:1	Target Label:1	Top-5 predictions:0	3	4	5	2

2026-07-23 11:34:36,792 Image Number:2	Target Label:1	Top-5 predictions:0	2	5	9	1

2026-07-23 11:34:36,792 Image Number:3	Target Label:1	Top-5 predictions:0	4	3	1	5

2026-07-23 11:34:36,792 Image Number:4	Target Label:1	Top-5 predictions:0	4	2	5	1

2026-07-23 11:34:36,792 Image Number:5	Target Label:1	Top-5 predictions:0	4	1	5	2

2026-07-23 11:34:36,792 Image Number:6	Target Label:1	Top-5 predictions:0	1	2	5	9

2026-07-23 11:34:36,792 Image Number:7	Target Label:1	Top-5 predictions:0	2	6	1	5

2026-07-23 11:34:36,793 Image Number:8	Target Label:1	Top-5 predictions:0	3	4	2	1

2026-07-23 11:34:36,793 Image Number:9	Target Label:1	Top-5 predictions:0	2	3	9	5

2026-07-23 11:34:36,793 Image Number:10	Target Label:1	Top-5 predictions:0	1	9	3	4

2026-07-23 11:34:36,793 Image Number:11	Target Label:1	Top-5 predictions:0	2	4	5	9

2026-07-23 11:34:36,793 Image Number:12	Target Label:1	Top-5 predictions:0	2	5	4	3

2026-07-23 11:34:36,793 Image Number:13	Target Label:1	Top-5 predictions:0	9	4	5	3

2026-07-23 11:34:36,793 Image Number:14	Target Label:1	Top-5 predictions:0	4	9	5	2

2026-07-23 11:34:36,793 Image Number:15	Target Label:1	Top-5 predictions:0	4	2	9	1

2026-07-23 11:34:36,794 Image Number:16	Target Label:1	Top-5 predictions:0	5	7	6	4

2026-07-23 11:34:36,794 Image Number:17	Target Label:1	Top-5 predictions:0	9	2	3	4

2026-07-23 11:34:36,794 Image Number:18	Target Label:1	Top-5 predictions:0	1	2	5	9

2026-07-23 11:34:36,794 Image Number:19	Target Label:1	Top-5 predictions:0	3	5	1	8

2026-07-23 11:34:36,794 Image Number:20	Target Label:1	Top-5 predictions:0	9	3	4	5

2026-07-23 11:34:36,794 Image Number:21	Target Label:1	Top-5 predictions:0	3	4	6	2

2026-07-23 11:34:36,794 Image Number:22	Target Label:1	Top-5 predictions:0	5	2	1	6

2026-07-23 11:34:36,794 Image Number:23	Target Label:1	Top-5 predictions:0	9	3	2	1

2026-07-23 11:34:36,794 Image Number:24	Target Label:1	Top-5 predictions:0	2	9	3	4

2026-07-23 11:34:36,795 Image Number:25	Target Label:1	Top-5 predictions:0	5	3	1	9

2026-07-23 11:34:36,795 Image Number:26	Target Label:1	Top-5 predictions:0	2	4	8	5

2026-07-23 11:34:36,795 Image Number:27	Target Label:1	Top-5 predictions:0	2	3	5	6

2026-07-23 11:34:36,795 Image Number:28	Target Label:1	Top-5 predictions:0	4	1	5	2

2026-07-23 11:34:36,795 Image Number:29	Target Label:1	Top-5 predictions:0	2	6	3	4

2026-07-23 11:34:36,795 Image Number:30	Target Label:1	Top-5 predictions:0	5	4	3	9

2026-07-23 11:34:36,795 Image Number:31	Target Label:1	Top-5 predictions:0	1	4	9	2

2026-07-23 11:34:36,796 Image Number:32	Target Label:1	Top-5 predictions:0	2	1	3	5

2026-07-23 11:34:36,796 Image Number:33	Target Label:1	Top-5 predictions:0	2	3	5	9

2026-07-23 11:34:36,796 Image Number:34	Target Label:1	Top-5 predictions:0	2	6	8	4

2026-07-23 11:34:36,796 Image Number:35	Target Label:1	Top-5 predictions:0	4	3	2	5

2026-07-23 11:34:36,796 Image Number:36	Target Label:1	Top-5 predictions:0	1	2	9	5

2026-07-23 11:34:36,796 Image Number:37	Target Label:1	Top-5 predictions:0	5	3	2	4

2026-07-23 11:34:36,796 Image Number:38	Target Label:1	Top-5 predictions:0	4	5	3	2

2026-07-23 11:34:36,797 Image Number:39	Target Label:1	Top-5 predictions:0	9	4	2	5

2026-07-23 11:34:36,797 Image Number:40	Target Label:1	Top-5 predictions:0	2	8	4	5

2026-07-23 11:34:36,797 Image Number:41	Target Label:1	Top-5 predictions:0	4	5	2	3

2026-07-23 11:34:36,797 Image Number:42	Target Label:1	Top-5 predictions:0	4	2	9	3

2026-07-23 11:34:36,797 Image Number:43	Target Label:1	Top-5 predictions:0	5	4	9	2

2026-07-23 11:34:36,797 Image Number:44	Target Label:1	Top-5 predictions:0	2	4	1	5

2026-07-23 11:34:36,797 Image Number:45	Target Label:1	Top-5 predictions:0	2	4	5	3

2026-07-23 11:34:36,797 Image Number:46	Target Label:1	Top-5 predictions:0	3	9	4	2

2026-07-23 11:34:36,798 Image Number:47	Target Label:1	Top-5 predictions:0	5	2	3	8

2026-07-23 11:34:36,798 Image Number:48	Target Label:1	Top-5 predictions:0	5	4	9	2

2026-07-23 11:34:36,798 Image Number:49	Target Label:1	Top-5 predictions:0	4	5	7	9

2026-07-23 11:34:37,055 train Loss: 0.0138 Acc: 0.9995
2026-07-23 11:34:38,262 test Loss: 0.0186 Acc: 1.0000
2026-07-23 11:34:38,262 Better model found!
2026-07-23 11:34:38,825 notpatched Loss: 7.3484 Acc: 0.0000
2026-07-23 11:34:39,377 patched Loss: 7.3697 Acc: 0.0000
2026-07-23 11:34:39,377 Patched Targeted Attack Success Rate: Mean 0.000
2026-07-23 11:34:39,378 Training complete in 2m 29s
2026-07-23 11:34:39,378 Max Test Acc: 1.000000
2026-07-23 11:34:39,378 Last 10 Epochs Test Acc: Mean 1.000 Std 0.000 
2026-07-23 11:34:39,378 Last 10 Epochs Patched Targeted Attack Success Rate: Mean 0.000 Std 0.000 
2026-07-23 11:34:39,378 Last 10 Epochs NotPatched Targeted Attack Success Rate: Mean 0.000 Std 0.000 
2026-07-23 11:34:39,378 10 Epochs with Best Acc- Test Acc: Mean 1.000 Std 0.000 
2026-07-23 11:34:39,378 10 Epochs with Best Acc- Patched Targeted Attack Success Rate: Mean 0.000 Std 0.000 
2026-07-23 11:34:39,378 10 Epochs with Best Acc- NotPatched Targeted Attack Success Rate: Mean 0.000 Std 0.000 
